# Blender 4.2.0
# www.blender.org
mtllib gan.mtl
o body_low.001_M_WP_Revolver_0
v 0.088384 0.558596 -1.078071
v 0.099567 0.538250 -1.119855
v 0.078391 0.530009 -1.094548
v 0.166187 0.578609 -1.222063
v 0.121154 0.547834 -1.153417
v 0.125644 0.570027 -1.143376
v 0.093655 0.520943 -1.143045
v 0.067583 0.499093 -1.154520
v 0.063024 0.486052 -1.222839
v 0.089210 0.508786 -1.177741
v 0.112595 0.532983 -1.160610
v 0.117657 0.529934 -1.199156
v 0.051753 0.146761 -1.222839
v 0.067956 0.194391 -1.222839
v 0.110067 0.188459 -1.222839
v 0.154392 0.110741 -1.222839
v 0.162037 0.120055 -1.222839
v -0.062297 0.210970 -1.222839
v -0.073985 0.245982 -1.222839
v 0.005739 0.249959 -1.222839
v -0.078837 0.282961 -1.222839
v -0.076667 0.320487 -1.222839
v -0.004895 0.291135 -1.222839
v -0.067559 0.357118 -1.222839
v -0.051862 0.391445 -1.222839
v 0.001037 0.333245 -1.222839
v -0.003344 0.448051 -1.222839
v 0.056605 0.395463 -1.222839
v -0.030179 0.422149 -1.222839
v -0.283969 -0.328745 0.249790
v -0.299311 -0.331151 0.218634
v -0.310670 -0.362241 0.209066
v -0.299311 -0.331151 0.218634
v -0.306923 -0.333394 0.180273
v -0.338732 -0.358405 0.185468
v -0.346294 -0.507027 0.272404
v -0.344666 -0.455584 0.213513
v -0.358574 -0.490357 0.227931
v -0.367164 -0.439736 0.186345
v 0.063024 0.486052 -0.796726
v 0.067583 0.499093 -1.154520
v 0.063024 0.486052 -1.222839
v 0.139892 0.400164 -1.222839
v 0.063024 0.486052 -1.222839
v 0.119852 0.526395 -1.222451
v -0.094955 -0.534590 -1.129143
v -0.079078 -0.712094 -1.097241
v -0.123680 -0.583317 -1.118270
v -0.087065 -0.478579 -1.140032
v 0.018300 -0.433541 -1.155216
v -0.366806 -0.565703 0.364740
v -0.346294 -0.507027 0.272404
v -0.345799 -0.531220 0.266765
v -0.374962 -0.589779 -0.625505
v -0.382448 -0.605996 -0.709440
v -0.384928 -0.643149 -0.597391
v -0.376529 -0.579098 -0.709440
v -0.394019 -0.715700 -0.538989
v -0.389258 -0.665749 -0.618735
v -0.357355 -0.691995 -0.633703
v -0.266550 -0.355579 -0.697019
v -0.285318 -0.409273 -0.676601
v -0.266535 -0.355573 0.161173
v -0.379208 -0.619084 -0.565492
v -0.400372 -0.691372 -0.511011
v 0.018419 -0.433583 0.160516
v 0.018300 -0.433541 -0.782248
v -0.118085 -0.385863 -0.782247
v -0.394019 -0.715700 -0.538989
v -0.393567 -0.712019 -0.495655
v -0.393567 -0.712019 -0.495655
v -0.386173 -0.664481 -0.477983
v -0.400372 -0.691372 -0.511011
v 0.074282 0.399694 0.342617
v 0.113506 0.513949 0.404868
v 0.111293 0.507559 0.427072
v 0.231422 0.472727 0.404868
v 0.191559 0.358696 0.342617
v 0.229172 0.466350 0.427072
v -0.142175 0.076860 0.767154
v -0.188207 -0.054814 0.180255
v -0.283969 -0.328745 0.249790
v -0.162112 -0.620317 0.013137
v -0.259762 -0.586180 0.013137
v -0.208064 -0.595174 -0.106541
v -0.284424 -0.327713 0.160516
v -0.307483 -0.334996 0.163275
v -0.335512 -0.501793 0.166352
v -0.364003 -0.477211 0.172754
v -0.367154 -0.439707 0.170133
v -0.335512 -0.501793 0.166352
v -0.358574 -0.490357 0.227931
v -0.364799 -0.479488 0.183458
v -0.338771 -0.358517 0.167021
v -0.307483 -0.334996 0.163275
v -0.356780 -0.396971 0.168469
v -0.367164 -0.439736 0.186345
v -0.338732 -0.358405 0.185468
v -0.283969 -0.328745 0.249790
v -0.346294 -0.507027 0.272404
v -0.364003 -0.477211 0.172754
v -0.387919 -0.626098 0.442319
v -0.175304 -0.017906 1.304314
v -0.366806 -0.565703 0.364740
v -0.170251 -0.003452 1.242037
v -0.313345 -0.412777 0.248935
v 0.231422 0.472727 0.404868
v 0.321926 0.431612 0.397487
v 0.232193 0.474931 0.342617
v 0.325621 0.442182 0.252997
v 0.233609 0.474424 0.252997
v -0.038402 -0.098299 -0.796638
v -0.077834 -0.160862 -0.796620
v 0.042351 -0.150807 -0.796601
v -0.242013 -0.342539 -0.782248
v -0.242013 -0.342539 -0.711293
v -0.020210 -0.330198 -0.796676
v -0.110187 -0.225901 -0.796649
v -0.125989 -0.277910 -0.796676
v 0.022633 0.369881 -1.222839
v 0.097781 0.406097 -1.222839
v 0.027612 0.468156 -1.222839
v 0.124228 0.570523 -0.467009
v 0.131060 0.587571 -0.406415
v 0.163913 0.579864 -0.467009
v 0.078391 0.530009 -1.094548
v 0.088384 0.558596 -1.078071
v 0.119852 0.526395 -1.222451
v -0.253619 -0.567024 0.162028
v -0.257880 -0.579213 0.071556
v -0.186628 -0.383706 0.014479
v -0.093170 -0.416378 0.343030
v -0.093170 -0.416378 0.014479
v -0.154982 -0.601506 0.162028
v -0.259762 -0.586180 0.013137
v -0.003344 0.448051 -0.796726
v 0.056605 0.395463 -0.796726
v 0.027612 0.468156 -0.796726
v -0.051862 0.391445 -0.796726
v 0.022633 0.369881 -0.796726
v -0.030179 0.422149 -0.796726
v -0.078837 0.282961 -0.796726
v -0.004895 0.291135 -0.796726
v -0.076667 0.320487 -0.796726
v -0.062297 0.210970 -0.796726
v 0.005739 0.249959 -0.796726
v -0.073985 0.245982 -0.796726
v -0.051947 0.194861 -0.796726
v 0.278888 0.491998 -1.078071
v 0.268895 0.463411 -1.094548
v 0.257466 0.483051 -1.119855
v 0.230500 0.556126 -1.222063
v 0.256866 0.524154 -1.143376
v 0.246551 0.503997 -1.153417
v 0.258087 0.432495 -1.154520
v 0.251307 0.465830 -1.143045
v 0.253528 0.419455 -1.222839
v 0.247209 0.453551 -1.177741
v 0.238134 0.487817 -1.199156
v 0.243994 0.487048 -1.160610
v 0.071911 0.133407 -1.222839
v 0.180169 0.126207 -1.222839
v 0.151243 0.199093 -1.222839
v 0.211125 0.146312 -1.222839
v 0.237960 0.172214 -1.222839
v 0.185215 0.224675 -1.222839
v 0.259642 0.202918 -1.222839
v 0.275340 0.237245 -1.222839
v 0.206811 0.261310 -1.222839
v 0.284448 0.273876 -1.222839
v 0.253528 0.419455 -0.796726
v 0.253528 0.419455 -1.222839
v 0.258087 0.432495 -1.154520
v 0.234213 0.486417 -1.222451
v 0.253528 0.419455 -1.222839
v 0.060308 -0.127902 -1.222839
v 0.042351 -0.150807 -1.222839
v -0.042245 -0.109291 -1.222839
v -0.077834 -0.160862 -1.207219
v -0.125989 -0.277910 -1.176628
v -0.110187 -0.225901 -1.189836
v -0.020210 -0.330198 -1.173130
v -0.098597 -0.416340 -1.150828
v -0.110306 -0.763267 -0.618735
v -0.128998 -0.808347 -0.538989
v -0.148276 -0.764385 -0.632760
v -0.081570 -0.719222 -0.709302
v 0.018300 -0.433541 -0.782248
v -0.093517 -0.749910 -0.600795
v -0.204316 -0.754826 -0.640761
v -0.158262 -0.610887 0.256804
v 0.113157 -0.165577 1.379176
v -0.111488 -0.804805 0.492732
v -0.085922 -0.731672 0.442319
v -0.308856 -0.718630 -0.641233
v -0.269391 -0.770601 -0.597578
v -0.127058 -0.805186 -0.495655
v -0.103224 -0.763395 -0.477983
v -0.084032 -0.726265 -0.451022
v 0.072480 0.603599 -0.336296
v 0.022572 0.548124 0.252997
v 0.043510 0.613726 0.252997
v -0.064367 -0.670012 -0.381958
v -0.052331 -0.635584 -0.302475
v -0.047360 -0.621364 -0.209642
v -0.048369 -0.624252 0.168228
v -0.052799 -0.636924 0.074165
v 0.018419 -0.433583 0.160516
v -0.053902 -0.640078 0.036526
v -0.051779 -0.634005 0.266765
v -0.038822 -0.315811 1.389631
v -0.165614 -0.271486 1.389631
v -0.257647 -0.737005 0.541605
v 0.127745 -0.123848 1.304314
v -0.064809 -0.671277 0.364740
v -0.162112 -0.620317 0.013137
v -0.159243 -0.613695 0.071556
v -0.035121 0.176617 -1.222839
v -0.051947 0.194861 -1.222839
v 0.031321 0.215987 -1.222839
v 0.018870 0.537534 0.397487
v 0.112852 0.516639 0.252997
v 0.022572 0.548124 0.252997
v 0.060308 -0.127902 -0.796646
v 0.079650 -0.115331 -0.796726
v 0.106456 -0.098996 -0.796726
v 0.007762 -0.057627 -0.796726
v 0.152531 0.097640 -0.796726
v 0.086931 0.116009 -0.796726
v 0.101891 0.084597 -0.796726
v 0.253528 0.419455 -0.796726
v 0.063024 0.486052 -0.796726
v 0.139892 0.400164 -0.796726
v 0.129560 -0.077746 -0.796726
v 0.148074 -0.052397 -0.796726
v 0.060974 -0.032447 -0.796726
v 0.080006 0.187677 0.160516
v 0.075483 0.215922 0.157072
v 0.108781 0.211231 0.157072
v 0.176527 0.378568 -0.796726
v 0.129560 -0.077746 -1.222839
v 0.060974 -0.032447 -1.222839
v 0.148074 -0.052397 -1.222839
v 0.007762 -0.057627 -1.222839
v 0.106456 -0.098996 -1.222839
v 0.079650 -0.115331 -1.222839
v 0.270078 0.383393 -1.222839
v 0.281766 0.348381 -1.222839
v 0.202109 0.344597 -1.222839
v 0.268895 0.463411 -1.094548
v 0.278888 0.491998 -1.078071
v 0.234213 0.486417 -1.222451
v -0.052883 -0.637163 -0.053619
v -0.049601 -0.627774 -0.113435
v -0.269431 -0.612255 0.341371
v -0.170794 -0.646737 0.341371
v -0.242247 -0.692954 0.416486
v -0.256899 -0.576405 0.256804
v -0.186628 -0.383706 0.343030
v 0.270078 0.383393 -0.796726
v 0.286618 0.311402 -0.796726
v 0.281766 0.348381 -0.796726
v 0.202109 0.344597 -0.796726
v 0.237960 0.172214 -0.796726
v 0.259643 0.202918 -0.796726
v 0.185215 0.224675 -0.796726
v 0.180169 0.126208 -0.796726
v 0.211125 0.146312 -0.796726
v 0.151243 0.199093 -0.796726
v 0.162037 0.120055 -0.796726
v 0.281063 -0.002941 0.160516
v 0.269158 -0.055758 0.160516
v 0.172495 -0.021966 0.160516
v 0.233324 0.179114 0.190960
v 0.220762 0.143359 0.208726
v 0.250222 0.157383 0.190663
v 0.094526 -0.216332 0.191458
v 0.121553 -0.210679 0.190663
v 0.106998 -0.180794 0.209079
v 0.007641 0.505413 0.160516
v 0.132364 0.378632 0.157072
v 0.099066 0.383323 0.157072
v -0.323316 -0.517997 0.071505
v -0.319597 -0.507357 0.166352
v 0.132798 -0.109394 1.242037
v -0.002479 -0.196316 0.413823
v 0.135082 0.197860 0.554837
v 0.162878 0.277367 0.509398
v 0.083619 0.566042 -0.403803
v 0.072480 0.603599 -0.336296
v 0.258282 0.523659 -0.467009
v 0.233061 0.555691 -0.467009
v 0.263560 0.541251 -0.406415
v -0.346294 -0.507027 0.272404
v 0.319367 0.517291 -0.336296
v 0.286999 0.494943 -0.403803
v 0.038175 -0.067412 0.193018
v 0.078255 -0.103437 0.180255
v 0.020551 -0.118340 0.180255
v 0.102314 -0.019113 0.193018
v 0.156129 -0.016245 0.180255
v 0.125864 -0.067586 0.180255
v 0.113515 0.060393 0.193018
v 0.149540 0.100474 0.180255
v 0.164443 0.042770 0.180255
v 0.069243 0.122159 0.193018
v 0.074287 0.171310 0.180255
v 0.113689 0.148082 0.180255
v 0.016110 0.032704 0.198756
v -0.014097 -0.068113 0.193018
v 0.233061 0.555691 -0.467009
v 0.237770 0.554579 -0.407866
v 0.263560 0.541251 -0.406415
v 0.163913 0.579864 -0.467009
v 0.131060 0.587571 -0.406415
v 0.159537 0.581929 -0.407866
v 0.233450 0.179195 0.160516
v 0.125237 0.161013 0.160516
v 0.169098 -0.183041 0.160516
v 0.118580 -0.211825 0.160516
v 0.085782 -0.119055 0.160516
v 0.270193 0.106143 0.160516
v 0.165158 0.108001 0.160516
v 0.248611 0.160131 0.160516
v 0.021528 -0.135650 0.160516
v 0.094748 -0.216989 0.160516
v -0.030464 -0.128325 0.160516
v 0.168202 0.239868 0.157072
v 0.185278 0.268836 0.157072
v 0.310690 0.399472 0.160516
v 0.181561 0.334693 0.157072
v 0.161332 0.361555 0.157072
v 0.141340 0.219640 0.157072
v -0.083458 0.244821 0.160516
v 0.026287 0.259861 0.157072
v 0.046515 0.232999 0.157072
v 0.017878 0.292419 0.157072
v 0.022569 0.325717 0.157072
v 0.039646 0.354685 0.157072
v 0.066508 0.374914 0.157072
v 0.189969 0.302134 0.157072
v -0.324473 -0.521305 0.032027
v -0.357134 -0.614732 -0.468871
v -0.351302 -0.598051 -0.625505
v -0.360893 -0.625486 -0.565492
v -0.284424 -0.327713 0.160516
v -0.240542 -0.343054 0.160516
v -0.266535 -0.355573 0.161173
v -0.317786 -0.502176 -0.210694
v -0.320114 -0.508837 -0.110717
v -0.341914 -0.570814 -0.697223
v -0.361788 -0.563867 -0.709440
v -0.344879 -0.579904 -0.709233
v -0.385717 -0.696495 -0.511011
v -0.323435 -0.518335 -0.050208
v -0.242013 -0.342539 -0.711293
v -0.293153 -0.355747 -0.710168
v -0.266550 -0.355579 -0.697019
v -0.384797 -0.597965 -1.012078
v -0.379305 -0.578645 -1.007391
v -0.361890 -0.564286 -1.025657
v -0.118085 -0.385863 -0.782247
v -0.129576 -0.367894 -0.796720
v -0.129576 -0.367894 -1.158058
v 0.086931 0.116009 -1.222839
v 0.152531 0.097640 -1.222839
v 0.101891 0.084597 -1.222839
v -0.168865 -0.617343 -1.109067
v -0.142452 -0.742175 -1.087703
v -0.195397 -0.738884 -1.083563
v -0.098832 -0.730445 -1.092742
v -0.361788 -0.563867 -0.782248
v -0.361788 -0.563867 -0.709440
v -0.223631 -0.631488 -0.782247
v -0.279642 -0.623597 -0.782247
v -0.328369 -0.594873 -0.782247
v -0.269431 -0.612255 0.341371
v 0.114276 0.516153 0.342617
v 0.017612 0.238926 0.554837
v -0.120376 -0.155101 0.413823
v 0.045405 0.318433 0.509399
v -0.157706 0.032433 0.894885
v -0.165648 0.009716 1.029590
v -0.167631 0.004043 1.178235
v 0.140108 -0.086445 0.240020
v 0.145343 -0.073508 0.894885
v 0.125561 -0.127897 0.228401
v 0.110067 0.188459 -0.796726
v 0.071911 0.133407 -0.796726
v 0.154392 0.110741 -0.796726
v -0.170794 -0.646737 0.341371
v 0.137401 -0.096225 1.029590
v 0.094526 -0.216332 0.191458
v 0.106998 -0.180794 0.209079
v 0.097781 0.406097 -0.796726
v 0.176527 0.378568 -1.222839
v 0.031321 0.215987 -0.796726
v -0.035121 0.176617 -0.796726
v 0.051311 0.146777 -0.796726
v 0.067956 0.194391 -0.796726
v 0.016675 0.531255 0.419634
v 0.018870 0.537534 0.397487
v -0.083458 0.244821 0.160516
v 0.113506 0.513949 0.404868
v 0.319367 0.517291 -0.336296
v 0.348337 0.507163 0.252997
v 0.325621 0.442182 0.252997
v 0.232193 0.474931 0.342617
v 0.201292 0.575803 -0.324630
v 0.154827 0.590179 -0.324630
v 0.127347 0.511572 -0.324630
v 0.219114 0.479491 -0.324630
v 0.246595 0.558099 -0.324630
v 0.103924 0.297277 0.160516
v 0.035033 0.293388 0.160516
v 0.038789 0.320047 0.160516
v 0.073967 0.359435 0.160516
v 0.100035 0.366167 0.160516
v 0.052461 0.343240 0.160516
v 0.107813 0.228386 0.160516
v 0.081154 0.232142 0.160516
v 0.126694 0.362412 0.160516
v 0.057961 0.245814 0.160516
v 0.041766 0.267321 0.160516
v 0.149887 0.348740 0.160516
v 0.166082 0.327233 0.160516
v 0.172814 0.301166 0.160516
v 0.169059 0.274507 0.160516
v 0.155387 0.251314 0.160516
v 0.133880 0.235119 0.160516
v 0.114276 0.516153 0.342617
v 0.305599 0.384909 0.449534
v 0.202109 0.090230 0.228201
v 0.314666 0.410845 0.435928
v -0.258947 -0.741231 -0.644277
v -0.028979 -0.286404 1.445535
v 0.056540 -0.329398 1.423803
v -0.155771 -0.242079 1.445535
v -0.247091 -0.223253 1.423803
v 0.098331 0.092695 0.654853
v 0.071293 0.015269 0.780227
v 0.055792 -0.029175 0.907951
v -0.002598 -0.196274 1.032713
v -0.019162 0.133769 0.654853
v -0.061817 0.011940 0.907951
v -0.069114 -0.008860 1.032713
v -0.120253 -0.155144 1.032713
v -0.046252 0.056361 0.780227
v 0.048541 -0.049991 1.032713
v -0.168865 -0.617343 -0.782247
v -0.348114 -0.576421 -0.782247
v -0.361788 -0.563867 -0.782248
v -0.366877 -0.550412 -0.782248
v -0.413486 -0.699231 0.492732
v 0.321926 0.431612 0.397487
v 0.233324 0.179114 0.190960
v 0.245563 -0.104489 0.160516
v -0.013324 0.445444 0.463655
v 0.002550 0.490851 0.449534
v -0.089180 0.228455 0.180255
v 0.096832 0.465769 0.458511
v 0.081176 0.420776 0.474274
v 0.083755 0.429768 0.453020
v 0.289726 0.339504 0.463655
v 0.198661 0.379707 0.474274
v 0.214447 0.424652 0.458512
v 0.188997 0.359591 0.413823
v 0.011617 0.516787 0.435928
v 0.223986 0.451663 0.443177
v -0.247091 -0.223253 1.423803
v -0.212101 -0.123165 1.413962
v -0.408425 -0.684756 0.538835
v 0.090948 -0.229107 1.413962
v 0.056540 -0.329398 1.423803
v -0.106428 -0.790329 0.538835
v -0.050557 0.338937 0.496318
v -0.029486 0.399210 0.474140
v -0.103998 0.186068 0.193018
v 0.066359 0.378382 0.485852
v 0.273561 0.293263 0.474141
v 0.252493 0.232997 0.496317
v 0.187522 0.048662 0.239909
v 0.183836 0.337309 0.485853
v 0.135418 -0.101898 1.178235
v -0.347038 -0.534764 -0.051161
v -0.348078 -0.537740 0.031189
v -0.053902 -0.640078 0.036526
v -0.052883 -0.637163 -0.053619
v -0.313345 -0.412777 0.248935
v -0.326157 -0.407677 0.203965
v -0.356780 -0.396971 0.181236
v -0.078837 0.282961 -0.796726
v -0.078837 0.282961 -1.222839
v -0.073985 0.245982 -1.222839
v -0.073985 0.245982 -0.796726
v -0.062297 0.210970 -1.222839
v -0.062297 0.210970 -0.796726
v 0.063024 0.486052 -0.796726
v 0.063024 0.486052 -1.222839
v 0.027612 0.468156 -1.222839
v 0.027612 0.468156 -0.796726
v -0.003344 0.448051 -1.222839
v -0.003344 0.448051 -0.796726
v -0.030179 0.422149 -1.222839
v -0.030179 0.422149 -0.796726
v -0.051862 0.391445 -1.222839
v -0.051862 0.391445 -0.796726
v -0.067559 0.357118 -1.222839
v -0.067559 0.357118 -0.796726
v -0.076667 0.320487 -1.222839
v -0.076667 0.320487 -0.796726
v -0.253634 -0.725528 -1.083563
v -0.255241 -0.730124 -0.714015
v -0.309336 -0.704921 -0.712837
v -0.307508 -0.699691 -1.074794
v 0.219114 0.479491 -0.324630
v 0.127347 0.511572 -0.324630
v 0.325621 0.442182 0.252997
v 0.348337 0.507163 0.252997
v 0.261089 0.553032 0.252997
v 0.233609 0.474424 0.252997
v -0.353021 -0.675141 -0.711659
v -0.350972 -0.669279 -1.058582
v -0.380054 -0.639422 -0.710481
v -0.377784 -0.632927 -1.033870
v -0.380054 -0.639422 -0.710481
v -0.384797 -0.597965 -1.012078
v -0.377784 -0.632927 -1.033870
v -0.051947 0.194861 -1.222839
v -0.035121 0.176617 -1.222839
v -0.035121 0.176617 -0.796726
v -0.051947 0.194861 -0.796726
v 0.011681 -0.417195 -1.159695
v -0.129576 -0.367894 -1.158058
v -0.339348 -0.512768 -0.050227
v -0.336029 -0.503274 -0.110717
v -0.343621 -0.524989 -0.113435
v -0.347038 -0.534764 -0.051161
v -0.427694 -0.981281 0.517594
v -0.394706 -0.886919 0.531187
v -0.394653 -0.886768 0.508042
v -0.425280 -0.974378 0.500570
v -0.523124 -1.254262 0.192908
v -0.515059 -1.231192 0.282674
v -0.507917 -1.210762 0.274082
v -0.515600 -1.232738 0.188574
v -0.335512 -0.501793 0.166352
v -0.342389 -0.521467 0.168228
v -0.527459 -1.266663 -0.012023
v -0.526737 -1.264597 0.093667
v -0.519110 -1.242779 0.092156
v -0.519820 -1.244811 -0.011779
v -0.496011 -1.176704 -0.372240
v -0.512060 -1.222613 -0.293961
v -0.505034 -1.202515 -0.284384
v -0.490022 -1.159574 -0.357603
v -0.500455 -1.189416 0.365640
v -0.494232 -1.171616 0.351828
v -0.480039 -1.131016 0.428880
v -0.455293 -1.060230 0.485059
v -0.451338 -1.048916 0.465127
v -0.474991 -1.116577 0.411428
v -0.339231 -0.512433 0.071505
v -0.346819 -0.534139 0.074165
v -0.333700 -0.496612 -0.210694
v -0.341380 -0.518579 -0.209642
v -0.379304 -0.762805 -0.497196
v -0.393567 -0.712019 -0.495655
v -0.394019 -0.715700 -0.538989
v -0.379894 -0.762127 -0.530053
v -0.338979 -0.511712 -0.309275
v -0.351898 -0.548666 -0.394590
v -0.358386 -0.567227 -0.381958
v -0.346351 -0.532799 -0.302475
v -0.340387 -0.515740 0.032043
v -0.339231 -0.512433 0.071505
v -0.323316 -0.517997 0.071505
v -0.324473 -0.521305 0.032027
v -0.520627 -1.247121 -0.206804
v -0.526097 -1.262767 -0.110582
v -0.518489 -1.241003 -0.108124
v -0.513180 -1.225816 -0.201519
v -0.451531 -1.049468 -0.482625
v -0.475320 -1.117519 -0.432937
v -0.470465 -1.103629 -0.414976
v -0.448039 -1.039480 -0.461815
v -0.423633 -0.969664 -0.512270
v -0.421950 -0.964850 -0.489538
v -0.393931 -0.884701 -0.521676
v -0.393532 -0.883562 -0.498538
v -0.200220 -0.089178 1.401644
v -0.189892 -0.059635 1.379176
v -0.343621 -0.524989 -0.113435
v -0.373049 -0.609169 -0.468871
v -0.378052 -0.623480 -0.451022
v -0.352956 -1.009642 0.521550
v -0.319291 -0.913340 0.534437
v -0.394706 -0.886919 0.531187
v -0.427694 -0.981281 0.517594
v -0.452590 -1.294646 0.196156
v -0.443808 -1.269525 0.287217
v -0.515059 -1.231192 0.282674
v -0.523124 -1.254262 0.192908
v -0.458089 -1.310377 -0.011810
v -0.456874 -1.306900 0.095217
v -0.526737 -1.264597 0.093667
v -0.527459 -1.266663 -0.012023
v -0.424369 -1.213920 -0.384318
v -0.441944 -1.264193 -0.299431
v -0.512060 -1.222613 -0.293961
v -0.496011 -1.176704 -0.372240
v -0.428305 -1.225180 0.372843
v -0.500455 -1.189416 0.365640
v -0.407149 -1.164661 0.437019
v -0.381299 -1.090716 0.491816
v -0.455293 -1.060230 0.485059
v -0.480039 -1.131016 0.428880
v -0.413486 -0.699231 0.492732
v -0.266095 -0.761171 0.463511
v -0.274610 -0.785529 0.471072
v -0.400007 -0.731831 0.500298
v -0.451046 -1.290229 -0.209930
v -0.456717 -1.306451 -0.111860
v -0.526097 -1.262767 -0.110582
v -0.520627 -1.247121 -0.206804
v -0.378455 -1.082582 -0.494126
v -0.403099 -1.153075 -0.444808
v -0.475320 -1.117519 -0.432937
v -0.451531 -1.049468 -0.482625
v -0.284302 -0.813255 -0.570775
v -0.379894 -0.762127 -0.530053
v -0.394019 -0.715700 -0.538989
v -0.269391 -0.770601 -0.597578
v -0.348770 -0.997667 -0.522941
v -0.423633 -0.969664 -0.512270
v -0.318987 -0.912471 -0.541260
v -0.393931 -0.884701 -0.521676
v -0.379208 -0.619084 -0.565492
v -0.400372 -0.691372 -0.511011
v -0.385717 -0.696495 -0.511011
v -0.360893 -0.625486 -0.565492
v -0.197225 -0.744113 -0.712837
v -0.144501 -0.748037 -0.711659
v -0.338979 -0.511712 -0.309275
v -0.333700 -0.496612 -0.210694
v -0.317786 -0.502176 -0.210694
v -0.323065 -0.517276 -0.309275
v -0.278300 -0.796085 0.529641
v -0.268971 -0.769400 0.525831
v -0.398251 -0.724736 0.522892
v -0.384561 -0.759674 0.526712
v -0.394653 -0.886768 0.508042
v -0.380787 -0.847103 0.507363
v -0.306919 -0.877950 0.477860
v -0.319358 -0.913532 0.478470
v -0.346351 -0.532799 -0.302475
v -0.358386 -0.567227 -0.381958
v -0.221961 -0.634925 -0.359251
v -0.210634 -0.602524 -0.284448
v -0.384561 -0.759674 0.526712
v -0.398251 -0.724736 0.522892
v -0.400007 -0.731831 0.500298
v -0.386894 -0.761599 0.503773
v -0.341380 -0.518579 -0.209642
v -0.205956 -0.589142 -0.197082
v -0.377477 -0.817708 -0.523652
v -0.299909 -0.857898 -0.551847
v -0.085922 -0.731672 0.442319
v -0.064809 -0.671277 0.364740
v -0.474991 -1.116577 0.411428
v -0.451338 -1.048916 0.465127
v -0.372704 -1.066131 0.437951
v -0.394964 -1.129807 0.387414
v -0.393567 -0.712019 -0.495655
v -0.379304 -0.762805 -0.497196
v -0.281216 -0.804426 -0.482386
v -0.267460 -0.765076 -0.471517
v -0.052799 -0.636924 0.074165
v -0.159243 -0.613695 0.071556
v -0.513180 -1.225816 -0.201519
v -0.518489 -1.241003 -0.108124
v -0.435901 -1.246906 -0.101543
v -0.430904 -1.232614 -0.189437
v -0.494232 -1.171616 0.351828
v -0.413072 -1.181605 0.331323
v -0.393532 -0.883562 -0.498538
v -0.421950 -0.964850 -0.489538
v -0.345047 -0.987016 -0.472878
v -0.318303 -0.910514 -0.483686
v -0.490022 -1.159574 -0.357603
v -0.505034 -1.202515 -0.284384
v -0.423238 -1.210685 -0.267422
v -0.410191 -1.173362 -0.346148
v -0.470465 -1.103629 -0.414976
v -0.391476 -1.119829 -0.397805
v -0.425280 -0.974378 0.500570
v -0.348181 -0.995982 0.471232
v -0.380376 -0.845927 0.530485
v -0.380787 -0.847103 0.507363
v -0.376792 -0.805515 0.506278
v -0.293714 -0.840178 0.476789
v -0.515600 -1.232738 0.188574
v -0.507917 -1.210762 0.274082
v -0.425951 -1.218446 0.258156
v -0.433182 -1.239128 0.177683
v -0.448039 -1.039480 -0.461815
v -0.370526 -1.059899 -0.442821
v -0.386894 -0.761599 0.503773
v -0.281283 -0.804618 0.474314
v -0.408425 -0.684756 0.538835
v -0.378052 -0.623480 -0.451022
v -0.386173 -0.664481 -0.477983
v -0.253095 -0.723985 -0.454280
v -0.240468 -0.687865 -0.424248
v -0.304803 -0.871896 0.533576
v -0.380376 -0.845927 0.530485
v -0.376792 -0.805515 0.506278
v -0.375818 -0.804121 0.529346
v -0.519820 -1.244811 -0.011779
v -0.519110 -1.242779 0.092156
v -0.436485 -1.248578 0.086943
v -0.437153 -1.250490 -0.010871
v -0.375818 -0.804121 0.529346
v -0.291257 -0.833149 0.532330
v -0.377541 -0.818331 -0.498214
v -0.297931 -0.852240 -0.486179
v -0.408425 -0.684756 0.538835
v -0.413486 -0.699231 0.492732
v -0.257647 -0.737005 0.541605
v -0.408425 -0.684756 0.538835
v -0.398251 -0.724736 0.522892
v -0.268971 -0.769400 0.525831
v -0.389258 -0.665749 -0.618735
v -0.377477 -0.817708 -0.523652
v -0.377541 -0.818331 -0.498214
v -0.128998 -0.808347 -0.538989
v -0.110306 -0.763267 -0.618735
v 0.022572 0.548124 0.252997
v 0.112852 0.516639 0.252997
v 0.140332 0.595247 0.252997
v 0.043510 0.613726 0.252997
v -0.373049 -0.609169 -0.468871
v -0.351898 -0.548666 -0.394590
v -0.335983 -0.554230 -0.394590
v -0.357134 -0.614732 -0.468871
v -0.335512 -0.501793 0.166352
v -0.319597 -0.507357 0.166352
v -0.336029 -0.503274 -0.110717
v -0.339348 -0.512768 -0.050227
v -0.323435 -0.518335 -0.050208
v -0.320114 -0.508837 -0.110717
v -0.400372 -0.691372 -0.511011
v -0.385717 -0.696495 -0.511011
v -0.376529 -0.579098 -0.709440
v -0.374962 -0.589779 -0.625505
v -0.351302 -0.598051 -0.625505
v -0.347862 -0.589120 -0.708963
v -0.338771 -0.358517 0.167021
v -0.367154 -0.439707 0.170133
v -0.356780 -0.396971 0.168469
v -0.356780 -0.396971 0.181236
v -0.328369 -0.594873 -1.073735
v -0.350972 -0.669279 -1.058582
v -0.377784 -0.632927 -1.033870
v -0.348070 -0.576727 -1.049794
v -0.071752 -0.016411 1.182374
v -0.069114 -0.008860 1.032713
v -0.165648 0.009716 1.029590
v -0.167631 0.004043 1.178235
v 0.071293 0.015269 0.780227
v 0.160874 -0.029082 0.767154
v 0.187936 0.048330 0.641774
v 0.098331 0.092695 0.654853
v 0.013243 -0.150766 1.411889
v 0.102829 -0.195120 1.401644
v 0.113157 -0.165577 1.379176
v 0.023576 -0.121226 1.386591
v -0.085450 -0.055724 1.352686
v -0.079489 -0.038628 1.312067
v -0.175304 -0.017906 1.304314
v -0.181320 -0.035114 1.345102
v 0.224698 0.153489 0.541756
v 0.135082 0.197860 0.554837
v -0.104291 -0.109678 1.411889
v -0.093969 -0.080134 1.386591
v -0.189892 -0.059635 1.379176
v -0.200220 -0.089178 1.401644
v 0.066359 0.378382 0.485852
v 0.081176 0.420776 0.474274
v -0.013324 0.445444 0.463655
v -0.029486 0.399210 0.474140
v 0.048541 -0.049991 1.032713
v 0.137401 -0.096225 1.029590
v 0.145343 -0.073508 0.894885
v 0.055792 -0.029175 0.907951
v 0.011617 0.516787 0.435928
v 0.106199 0.492840 0.443177
v 0.111293 0.507559 0.427072
v 0.016675 0.531255 0.419634
v -0.074404 -0.024040 1.247983
v 0.043221 -0.065160 1.247983
v 0.045900 -0.057540 1.182374
v 0.191559 0.358696 0.342617
v 0.074282 0.399694 0.342617
v 0.072361 0.400366 0.413823
v 0.188997 0.359591 0.413823
v 0.319367 0.517291 -0.336296
v 0.246595 0.558099 -0.324630
v 0.261089 0.553032 0.252997
v 0.348337 0.507163 0.252997
v 0.032121 -0.096825 1.352686
v 0.038110 -0.079739 1.312067
v -0.115113 0.154272 0.641774
v -0.173389 -0.012427 0.193018
v 0.048541 -0.049991 1.032713
v -0.002598 -0.196274 1.032713
v -0.120253 -0.155144 1.032713
v -0.069114 -0.008860 1.032713
v 0.168693 0.006582 -0.796726
v 0.103263 0.040335 -0.796726
v 0.062816 0.486125 -0.467009
v 0.063024 0.486052 -0.796726
v 0.253528 0.419455 -0.796726
v 0.253737 0.419382 -0.467009
v 0.199396 0.570378 -1.222839
v 0.166187 0.578609 -1.222063
v 0.097781 0.406097 -0.796726
v 0.097781 0.406097 -1.222839
v 0.139892 0.400164 -1.222839
v 0.139892 0.400164 -0.796726
v 0.176527 0.378568 -0.796726
v 0.139892 0.400164 -0.796726
v 0.139892 0.400164 -1.222839
v 0.176527 0.378568 -1.222839
v 0.067956 0.194391 -1.222839
v 0.067956 0.194391 -0.796726
v 0.110067 0.188459 -0.796726
v 0.110067 0.188459 -1.222839
v 0.151243 0.199093 -0.796726
v 0.151243 0.199093 -1.222839
v 0.185215 0.224675 -0.796726
v 0.185215 0.224675 -1.222839
v 0.202109 0.344597 -0.796726
v 0.202109 0.344597 -1.222839
v -0.004895 0.291135 -1.222839
v 0.001037 0.333245 -1.222839
v 0.001037 0.333245 -0.796726
v -0.004895 0.291135 -0.796726
v 0.212743 0.303421 -1.222839
v 0.212743 0.303421 -0.796726
v 0.062816 0.486125 -0.467009
v 0.088176 0.558669 -0.467009
v 0.088384 0.558596 -1.078071
v 0.088176 0.558669 -0.467009
v 0.125644 0.570027 -1.143376
v 0.166187 0.578609 -1.222063
v 0.199396 0.570378 -0.467009
v 0.199396 0.570378 -1.222839
v 0.281720 0.409599 -0.324630
v 0.310690 0.399472 0.160516
v 0.007641 0.505413 0.160516
v 0.034833 0.495908 -0.324630
v 0.256860 0.418290 -0.401436
v 0.286999 0.494943 -0.403803
v 0.281720 0.409599 -0.324630
v 0.154827 0.590179 -0.324630
v 0.201292 0.575803 -0.324630
v 0.199423 0.570456 -0.408446
v -0.413486 -0.699231 0.492732
v -0.387919 -0.626098 0.442319
v -0.266095 -0.761171 0.463511
v -0.078351 0.259431 0.541756
v -0.138693 0.086821 0.198756
v 0.191559 0.358696 0.342617
v 0.232193 0.474931 0.342617
v 0.114276 0.516153 0.342617
v 0.074282 0.399694 0.342617
v 0.220762 0.143359 0.208726
v 0.319724 0.425314 0.419634
v -0.342389 -0.521467 0.168228
v -0.346819 -0.534139 0.074165
v -0.257880 -0.579213 0.071556
v -0.253619 -0.567024 0.162028
v -0.366806 -0.565703 0.364740
v -0.345799 -0.531220 0.266765
v -0.256899 -0.576405 0.256804
v -0.340387 -0.515740 0.032043
v -0.348078 -0.537740 0.031189
v -0.093170 -0.416378 0.343030
v -0.170794 -0.646737 0.341371
v -0.269431 -0.612255 0.341371
v -0.186628 -0.383706 0.343030
v -0.067559 0.357118 -0.796726
v 0.001037 0.333245 -0.796726
v 0.212743 0.303421 -1.222839
v 0.286618 0.311402 -1.222839
v 0.237960 0.172214 -0.796726
v 0.211125 0.146312 -0.796726
v 0.211125 0.146312 -1.222839
v 0.237960 0.172214 -1.222839
v 0.180169 0.126208 -0.796726
v 0.180169 0.126207 -1.222839
v 0.253528 0.419455 -0.796726
v 0.270078 0.383393 -0.796726
v 0.270078 0.383393 -1.222839
v 0.253528 0.419455 -1.222839
v 0.281766 0.348381 -0.796726
v 0.281766 0.348381 -1.222839
v 0.286618 0.311402 -0.796726
v 0.286618 0.311402 -1.222839
v 0.284448 0.273876 -0.796726
v 0.284448 0.273876 -1.222839
v 0.275340 0.237245 -0.796726
v 0.275340 0.237245 -1.222839
v 0.259643 0.202918 -0.796726
v 0.259642 0.202918 -1.222839
v -0.195397 -0.738884 -1.083563
v 0.011681 -0.417195 -0.796720
v 0.011681 -0.417195 -1.159695
v -0.010012 -0.374978 -1.164621
v -0.010012 -0.374978 -0.796702
v 0.140332 0.595247 0.252997
v 0.112852 0.516639 0.252997
v 0.127347 0.511572 -0.324630
v 0.154827 0.590179 -0.324630
v -0.142452 -0.742175 -1.087703
v -0.020210 -0.330198 -1.173130
v -0.020210 -0.330198 -0.796676
v -0.079078 -0.712094 -1.097241
v 0.018300 -0.433541 -1.155216
v -0.098832 -0.730445 -1.092742
v -0.101102 -0.736939 -0.710481
v 0.042351 -0.150807 -1.222839
v 0.042351 -0.150807 -0.796601
v 0.106456 -0.098996 -1.222839
v 0.106456 -0.098996 -0.796726
v 0.079650 -0.115331 -0.796726
v 0.079650 -0.115331 -1.222839
v 0.129560 -0.077746 -1.222839
v 0.129560 -0.077746 -0.796726
v 0.148074 -0.052397 -1.222839
v 0.148074 -0.052397 -0.796726
v 0.161288 -0.023923 -1.222839
v 0.161288 -0.023923 -0.796726
v 0.168693 0.006582 -1.222839
v 0.168693 0.006582 -0.796726
v -0.101102 -0.736939 -0.710481
v -0.098832 -0.730445 -1.092742
v 0.060308 -0.127902 -1.222839
v 0.060308 -0.127902 -0.796646
v 0.152531 0.097640 -0.796726
v 0.152531 0.097640 -1.222839
v 0.154392 0.110741 -1.222839
v 0.154392 0.110741 -0.796726
v 0.162037 0.120055 -1.222839
v 0.162037 0.120055 -0.796726
v -0.379305 -0.578645 -1.007391
v -0.010012 -0.374978 -1.164621
v -0.132378 -0.319248 -1.167297
v -0.047360 -0.621364 -0.209642
v -0.052331 -0.635584 -0.302475
v -0.268123 -1.037065 0.517594
v -0.265710 -1.030162 0.500570
v -0.235083 -0.942552 0.508042
v -0.235135 -0.942702 0.531187
v -0.363553 -1.310045 0.192908
v -0.356029 -1.288522 0.188574
v -0.348346 -1.266546 0.274082
v -0.355488 -1.286975 0.282674
v -0.367888 -1.322446 -0.012023
v -0.360249 -1.300595 -0.011779
v -0.359539 -1.298563 0.092156
v -0.367166 -1.320381 0.093667
v -0.336440 -1.232488 -0.372240
v -0.330452 -1.215358 -0.357603
v -0.345463 -1.258299 -0.284384
v -0.352489 -1.278397 -0.293961
v -0.334661 -1.227400 0.351828
v -0.340884 -1.245200 0.365640
v -0.320468 -1.186800 0.428880
v -0.315420 -1.172360 0.411428
v -0.291767 -1.104700 0.465127
v -0.295722 -1.116014 0.485059
v -0.169856 -0.836025 -0.497196
v -0.168972 -0.835862 -0.530053
v -0.128998 -0.808347 -0.538989
v -0.127058 -0.805186 -0.495655
v -0.361057 -1.302904 -0.206804
v -0.353609 -1.281600 -0.201519
v -0.358918 -1.296786 -0.108124
v -0.366526 -1.318551 -0.110582
v -0.291960 -1.105251 -0.482625
v -0.288469 -1.095264 -0.461815
v -0.310894 -1.159413 -0.414976
v -0.315750 -1.173302 -0.432937
v -0.264062 -1.025448 -0.512270
v -0.262379 -1.020634 -0.489538
v -0.234360 -0.940485 -0.521676
v -0.233962 -0.939346 -0.498538
v -0.359539 -1.298563 0.092156
v -0.356029 -1.288522 0.188574
v 0.018300 -0.433541 -1.155216
v 0.018300 -0.433541 -0.782248
v -0.268123 -1.037065 0.517594
v -0.235135 -0.942702 0.531187
v -0.363553 -1.310045 0.192908
v -0.355488 -1.286975 0.282674
v -0.367888 -1.322446 -0.012023
v -0.367166 -1.320381 0.093667
v -0.336440 -1.232488 -0.372240
v -0.352489 -1.278397 -0.293961
v -0.340884 -1.245200 0.365640
v -0.320468 -1.186800 0.428880
v -0.295722 -1.116014 0.485059
v -0.111488 -0.804805 0.492732
v -0.134364 -0.824696 0.500298
v -0.361057 -1.302904 -0.206804
v -0.366526 -1.318551 -0.110582
v -0.291960 -1.105251 -0.482625
v -0.315750 -1.173302 -0.432937
v -0.128998 -0.808347 -0.538989
v -0.168972 -0.835862 -0.530053
v -0.264062 -1.025448 -0.512270
v -0.234360 -0.940485 -0.521676
v -0.163793 -0.836851 0.526712
v -0.131318 -0.818053 0.522892
v -0.358918 -1.296786 -0.108124
v -0.360249 -1.300595 -0.011779
v -0.169856 -0.836025 -0.497196
v -0.127058 -0.805186 -0.495655
v -0.163793 -0.836851 0.526712
v -0.163168 -0.839811 0.503773
v -0.134364 -0.824696 0.500298
v -0.131318 -0.818053 0.522892
v -0.049601 -0.627774 -0.113435
v -0.205491 -0.877832 -0.523652
v -0.291767 -1.104700 0.465127
v -0.265710 -1.030162 0.500570
v -0.315420 -1.172360 0.411428
v -0.111488 -0.804805 0.492732
v -0.163168 -0.839811 0.503773
v -0.348346 -1.266546 0.274082
v -0.334661 -1.227400 0.351828
v -0.233962 -0.939346 -0.498538
v -0.262379 -1.020634 -0.489538
v -0.235083 -0.942552 0.508042
v -0.221216 -0.902886 0.507363
v -0.288469 -1.095264 -0.461815
v -0.310894 -1.159413 -0.414976
v -0.221216 -0.902886 0.507363
v -0.220805 -0.901711 0.530485
v -0.198430 -0.867868 0.506278
v -0.205829 -0.878359 -0.498214
v -0.345463 -1.258299 -0.284384
v -0.353609 -1.281600 -0.201519
v -0.064367 -0.670012 -0.381958
v -0.220805 -0.901711 0.530485
v -0.198323 -0.866170 0.529346
v -0.198430 -0.867868 0.506278
v -0.198323 -0.866170 0.529346
v -0.330452 -1.215358 -0.357603
v -0.084032 -0.726265 -0.451022
v -0.106428 -0.790329 0.538835
v -0.111488 -0.804805 0.492732
v -0.131318 -0.818053 0.522892
v -0.106428 -0.790329 0.538835
v -0.103224 -0.763395 -0.477983
v -0.205491 -0.877832 -0.523652
v -0.205829 -0.878359 -0.498214
v 0.072480 0.603599 -0.336296
v 0.043510 0.613726 0.252997
v 0.140332 0.595247 0.252997
v -0.240542 -0.343054 0.160516
v 0.001357 -0.184750 1.427038
v -0.116167 -0.143666 1.427038
v -0.155771 -0.242079 1.445535
v -0.028979 -0.286404 1.445535
v 0.135418 -0.101898 1.178235
v 0.132798 -0.109394 1.242037
v 0.314666 0.410845 0.435928
v 0.223986 0.451663 0.443177
v 0.214447 0.424652 0.458512
v 0.305599 0.384909 0.449534
v 0.121730 -0.141055 1.345102
v 0.127745 -0.123848 1.304314
v -0.061817 0.011940 0.907951
v -0.046252 0.056361 0.780227
v -0.142175 0.076860 0.767154
v -0.157706 0.032433 0.894885
v 0.183836 0.337309 0.485853
v 0.273561 0.293263 0.474141
v 0.289726 0.339504 0.463655
v 0.198661 0.379707 0.474274
v -0.019162 0.133769 0.654853
v -0.115113 0.154272 0.641774
v -0.170251 -0.003452 1.242037
v 0.096832 0.465769 0.458511
v 0.002550 0.490851 0.449534
v 0.072361 0.400366 0.413823
v 0.106199 0.492840 0.443177
v -0.212101 -0.123165 1.413962
v -0.247091 -0.223253 1.423803
v 0.059668 0.487226 -0.401398
v 0.256860 0.418290 -0.401436
v 0.161288 -0.023923 -0.796726
v 0.089499 0.001173 -0.796726
v 0.011681 -0.417195 -0.796720
v -0.129576 -0.367894 -0.796720
v -0.118085 -0.385863 -0.782247
v 0.018300 -0.433541 -0.782248
v -0.132378 -0.319248 -0.796702
v -0.010012 -0.374978 -0.796702
v -0.129576 -0.367894 -0.796720
v 0.011681 -0.417195 -0.796720
v 0.168693 0.006582 -1.222839
v 0.161288 -0.023923 -1.222839
v 0.089499 0.001173 -1.222839
v 0.103263 0.040335 -1.222839
v 0.230500 0.556126 -1.222063
v 0.022633 0.369881 -1.222839
v 0.056605 0.395463 -1.222839
v 0.056605 0.395463 -0.796726
v 0.022633 0.369881 -0.796726
v 0.005739 0.249959 -1.222839
v 0.005739 0.249959 -0.796726
v 0.206811 0.261310 -0.796726
v 0.206811 0.261310 -1.222839
v 0.031321 0.215987 -1.222839
v 0.031321 0.215987 -0.796726
v 0.279097 0.491925 -0.467009
v 0.253737 0.419382 -0.467009
v 0.230500 0.556126 -1.222063
v -0.048369 -0.624252 0.168228
v -0.154982 -0.601506 0.162028
v -0.158262 -0.610887 0.256804
v -0.051779 -0.634005 0.266765
v -0.127058 -0.805186 -0.495655
v -0.267460 -0.765076 -0.471517
v -0.162112 -0.620317 0.013137
v -0.093170 -0.416378 0.014479
v -0.186628 -0.383706 0.014479
v -0.259762 -0.586180 0.013137
v 0.284448 0.273876 -0.796726
v 0.212743 0.303421 -0.796726
v 0.275340 0.237245 -0.796726
v 0.206811 0.261310 -0.796726
v 0.269158 -0.055758 0.190663
v 0.245563 -0.104489 0.190663
v 0.245563 -0.104489 0.160516
v 0.269158 -0.055758 0.160516
v 0.211186 -0.147261 0.190663
v 0.211186 -0.147261 0.160516
v 0.169098 -0.183042 0.190663
v 0.169098 -0.183041 0.160516
v 0.121553 -0.210679 0.190663
v 0.118580 -0.211825 0.160516
v 0.094748 -0.216989 0.160516
v 0.094526 -0.216332 0.191458
v 0.211186 -0.147261 0.160516
v 0.138794 -0.079135 0.160516
v 0.281063 -0.002941 0.160516
v 0.281063 -0.002941 0.190663
v 0.280822 0.051933 0.160516
v 0.280822 0.051933 0.190663
v 0.270193 0.106143 0.160516
v 0.270193 0.106143 0.190663
v 0.248611 0.160131 0.160516
v 0.250222 0.157383 0.190663
v 0.233450 0.179195 0.160516
v 0.233324 0.179114 0.190960
v 0.175141 0.013382 0.246399
v 0.163803 -0.018928 0.248428
v 0.269158 -0.055758 0.190663
v 0.281063 -0.002941 0.190663
v 0.169098 -0.183042 0.190663
v 0.211186 -0.147261 0.190663
v 0.140108 -0.086445 0.240020
v 0.125561 -0.127897 0.228401
v 0.202109 0.090230 0.228201
v 0.187522 0.048662 0.239909
v 0.280822 0.051933 0.190663
v 0.270193 0.106143 0.190663
v 0.245563 -0.104489 0.190663
v 0.152470 -0.051220 0.246449
v 0.233450 0.179195 0.160516
v 0.310690 0.399472 0.160516
v 0.160874 -0.029082 0.767154
v 0.152470 -0.051220 0.246449
v 0.163803 -0.018928 0.248428
v 0.187936 0.048330 0.641774
v 0.175141 0.013382 0.246399
v 0.224698 0.153489 0.541756
v 0.278888 0.491998 -1.078071
v 0.256866 0.524154 -1.143376
v 0.279097 0.491925 -0.467009
v -0.024740 -0.111960 0.180255
v 0.020551 -0.118340 0.180255
v 0.021528 -0.135650 0.160516
v -0.030464 -0.128325 0.160516
v 0.165158 0.108001 0.160516
v 0.149540 0.100474 0.180255
v 0.113689 0.148082 0.180255
v 0.125237 0.161013 0.160516
v 0.164443 0.042770 0.180255
v 0.181752 0.043747 0.160516
v 0.156129 -0.016245 0.180255
v 0.172495 -0.021966 0.160516
v 0.138794 -0.079135 0.160516
v 0.125864 -0.067586 0.180255
v 0.078255 -0.103437 0.180255
v 0.085782 -0.119055 0.160516
v 0.074287 0.171310 0.180255
v 0.080006 0.187677 0.160516
v -0.194979 -0.070813 0.160516
v -0.188207 -0.054814 0.180255
v -0.089180 0.228455 0.180255
v -0.083458 0.244821 0.160516
v -0.173389 -0.012427 0.193018
v -0.024740 -0.111960 0.180255
v -0.188207 -0.054814 0.180255
v -0.089180 0.228455 0.180255
v -0.103998 0.186068 0.193018
v -0.138693 0.086821 0.198756
v 0.199396 0.570378 -0.467009
v 0.280822 0.051933 0.160516
v 0.181752 0.043747 0.160516
v 0.141340 0.219640 0.157072
v 0.141340 0.219640 0.227353
v 0.168202 0.239868 0.227353
v 0.168202 0.239868 0.157072
v 0.108781 0.211231 0.157072
v 0.108781 0.211231 0.227353
v 0.185278 0.268836 0.157072
v 0.185278 0.268836 0.227353
v 0.189969 0.302134 0.227353
v 0.189969 0.302134 0.157072
v 0.132364 0.378632 0.157072
v 0.161332 0.361555 0.157072
v 0.161332 0.361555 0.227353
v 0.132364 0.378632 0.227353
v 0.132364 0.378632 0.227353
v 0.099066 0.383323 0.227353
v 0.099066 0.383323 0.157072
v 0.132364 0.378632 0.157072
v 0.022569 0.325717 0.157072
v 0.022569 0.325717 0.227353
v 0.017878 0.292419 0.227353
v 0.017878 0.292419 0.157072
v 0.181561 0.334693 0.227353
v 0.181561 0.334693 0.157072
v 0.026287 0.259861 0.227353
v 0.026287 0.259861 0.157072
v 0.075483 0.215922 0.157072
v 0.046515 0.232999 0.157072
v 0.046515 0.232999 0.227353
v 0.075483 0.215922 0.227353
v 0.066508 0.374914 0.227353
v 0.066508 0.374914 0.157072
v 0.039646 0.354685 0.227353
v 0.039646 0.354685 0.157072
v 0.155387 0.251314 0.223909
v 0.133880 0.235119 0.223909
v 0.133880 0.235119 0.160516
v 0.155387 0.251314 0.160516
v 0.052461 0.343240 0.223909
v 0.073967 0.359435 0.223909
v 0.073967 0.359435 0.160516
v 0.052461 0.343240 0.160516
v 0.169059 0.274507 0.223909
v 0.169059 0.274507 0.160516
v 0.081154 0.232142 0.223909
v 0.057961 0.245814 0.223909
v 0.057961 0.245814 0.160516
v 0.081154 0.232142 0.160516
v 0.126694 0.362412 0.223909
v 0.149887 0.348740 0.223909
v 0.149887 0.348740 0.160516
v 0.126694 0.362412 0.160516
v 0.107813 0.228386 0.223909
v 0.107813 0.228386 0.160516
v 0.041766 0.267321 0.223909
v 0.041766 0.267321 0.160516
v 0.035033 0.293388 0.223909
v 0.035033 0.293388 0.160516
v 0.038789 0.320047 0.223909
v 0.038789 0.320047 0.160516
v 0.166082 0.327233 0.223909
v 0.172814 0.301166 0.223909
v 0.172814 0.301166 0.160516
v 0.166082 0.327233 0.160516
v 0.100035 0.366167 0.223909
v 0.126694 0.362412 0.223909
v 0.126694 0.362412 0.160516
v 0.100035 0.366167 0.160516
v 0.018419 -0.433583 0.160516
v 0.011824 -0.393007 0.160516
v -0.319597 -0.507357 0.166352
v -0.042245 -0.109291 -1.222839
v -0.038402 -0.098299 -0.796638
v 0.007762 -0.057627 -0.796726
v 0.007762 -0.057627 -1.222839
v -0.132378 -0.319248 -0.796702
v -0.132378 -0.319248 -1.167297
v -0.328369 -0.594873 -1.073735
v -0.328369 -0.594873 -0.782247
v -0.279642 -0.623597 -0.782247
v -0.279642 -0.623597 -1.091962
v -0.110187 -0.225901 -0.796649
v -0.110187 -0.225901 -1.189836
v -0.125989 -0.277910 -1.176628
v -0.125989 -0.277910 -0.796676
v -0.223631 -0.631488 -0.782247
v -0.223631 -0.631488 -1.102914
v 0.060974 -0.032447 -0.796726
v 0.060974 -0.032447 -1.222839
v -0.168865 -0.617343 -0.782247
v -0.168865 -0.617343 -1.109067
v 0.051311 0.146777 -0.796726
v -0.035121 0.176617 -0.796726
v -0.035121 0.176617 -1.222839
v 0.051753 0.146761 -1.222839
v -0.123680 -0.583317 -0.782247
v -0.123680 -0.583317 -1.118270
v 0.071911 0.133407 -0.796726
v 0.051311 0.146777 -0.796726
v 0.051753 0.146761 -1.222839
v 0.071911 0.133407 -1.222839
v -0.094955 -0.534590 -0.782247
v -0.094955 -0.534590 -1.129143
v 0.086931 0.116009 -0.796726
v 0.086931 0.116009 -1.222839
v -0.087065 -0.478579 -0.782247
v -0.087065 -0.478579 -1.140032
v 0.101891 0.084597 -0.796726
v 0.101891 0.084597 -1.222839
v 0.103263 0.040335 -1.222839
v 0.103263 0.040335 -0.796726
v -0.077834 -0.160862 -1.207219
v -0.077834 -0.160862 -0.796620
v -0.098597 -0.416340 -0.782247
v -0.098597 -0.416340 -1.150828
v 0.089499 0.001173 -1.222839
v 0.089499 0.001173 -0.796726
v -0.321969 -0.513998 -0.676623
v -0.376540 -0.494921 -0.710168
v -0.366877 -0.550412 -0.710168
v -0.338261 -0.560415 -0.692578
v -0.293153 -0.355747 -0.782248
v -0.293153 -0.355747 -0.710168
v -0.242013 -0.342539 -0.711293
v -0.242013 -0.342539 -0.782248
v -0.223631 -0.631488 -1.102914
v -0.253634 -0.725528 -1.083563
v -0.307508 -0.699691 -1.074794
v -0.279642 -0.623597 -1.091962
v -0.361890 -0.564286 -1.025657
v -0.361890 -0.564286 -1.025657
v -0.361788 -0.563867 -0.782248
v -0.348114 -0.576421 -0.782247
v -0.348070 -0.576727 -1.049794
v -0.376540 -0.494921 -0.782248
v -0.366877 -0.550412 -0.782248
v -0.366877 -0.550412 -0.710168
v -0.376540 -0.494921 -0.710168
v -0.339925 -0.390183 -0.782248
v -0.339925 -0.390183 -0.710168
v -0.368649 -0.438910 -0.782248
v -0.368649 -0.438910 -0.710168
v -0.361788 -0.563867 -0.782248
v -0.361788 -0.563867 -0.709440
v -0.361788 -0.563867 -0.709440
v -0.376529 -0.579098 -0.709440
v -0.347862 -0.589120 -0.708963
v -0.344879 -0.579904 -0.709233
v -0.094955 -0.534590 -0.782247
v -0.123680 -0.583317 -0.782247
v -0.376540 -0.494921 -0.782248
v -0.368649 -0.438910 -0.782248
v -0.098597 -0.416340 -0.782247
v -0.293153 -0.355747 -0.782248
v -0.242013 -0.342539 -0.782248
v -0.118085 -0.385863 -0.782247
v -0.087065 -0.478579 -0.782247
v -0.339925 -0.390183 -0.782248
v -0.266550 -0.355579 -0.697019
v -0.266535 -0.355573 0.161173
v -0.240542 -0.343054 0.160516
v -0.242013 -0.342539 -0.711293
v -0.341914 -0.570814 -0.697223
v -0.344879 -0.579904 -0.709233
v -0.347862 -0.589120 -0.708963
v -0.303623 -0.461642 -0.670196
v -0.368649 -0.438910 -0.710168
v -0.285318 -0.409273 -0.676601
v -0.339925 -0.390183 -0.710168
v -0.338261 -0.560415 -0.692578
v -0.335983 -0.554230 -0.394590
v -0.321969 -0.513998 -0.676623
v -0.323065 -0.517276 -0.309275
v -0.303623 -0.461642 -0.670196
v 0.059668 0.487226 -0.401398
v 0.083619 0.566042 -0.403803
v 0.034833 0.495908 -0.324630
v -0.284424 -0.327713 0.160516
v -0.194979 -0.070813 0.160516
v 0.007641 0.505413 0.160516
v 0.017612 0.238926 0.554837
v 0.045405 0.318433 0.509399
v -0.050557 0.338937 0.496318
v -0.078351 0.259431 0.541756
v 0.094748 -0.216989 0.160516
v 0.229172 0.466350 0.427072
v 0.319724 0.425314 0.419634
v -0.063912 -0.369052 1.491464
v -0.179937 -0.328491 1.491464
v -0.210166 -0.435506 1.559510
v -0.106941 -0.471592 1.559510
v -0.244737 -0.549212 1.641063
v -0.149975 -0.582339 1.641063
v -0.149975 -0.582339 1.641063
v -0.244737 -0.549212 1.641063
v -0.254580 -0.578618 1.585158
v -0.159818 -0.611746 1.585158
v -0.210166 -0.435506 1.559510
v -0.179937 -0.328491 1.491464
v -0.189780 -0.357897 1.435559
v -0.220008 -0.464913 1.503605
v -0.063912 -0.369052 1.491464
v -0.106941 -0.471592 1.559510
v -0.116784 -0.500998 1.503605
v -0.073755 -0.398458 1.435559
v -0.155771 -0.242079 1.445535
v -0.165614 -0.271486 1.389631
v 0.188997 0.359591 0.413823
v 0.072361 0.400366 0.413823
v -0.120376 -0.155101 0.413823
v -0.002479 -0.196316 0.413823
v -0.149975 -0.582339 1.641063
v -0.159818 -0.611746 1.585158
v -0.028979 -0.286404 1.445535
v -0.038822 -0.315811 1.389631
v -0.244737 -0.549212 1.641063
v -0.254580 -0.578618 1.585158
v 0.090948 -0.229107 1.413962
v 0.056540 -0.329398 1.423803
v 0.261089 0.553032 0.252997
v 0.246595 0.558099 -0.324630
v 0.219114 0.479491 -0.324630
v 0.233609 0.474424 0.252997
v 0.166082 0.327233 0.223909
v 0.149887 0.348740 0.223909
v 0.161332 0.361555 0.227353
v 0.181561 0.334693 0.227353
v 0.172814 0.301166 0.223909
v 0.189969 0.302134 0.227353
v 0.052461 0.343240 0.223909
v 0.038789 0.320047 0.223909
v 0.022569 0.325717 0.227353
v 0.039646 0.354685 0.227353
v 0.041766 0.267321 0.223909
v 0.057961 0.245814 0.223909
v 0.046515 0.232999 0.227353
v 0.026287 0.259861 0.227353
v 0.081154 0.232142 0.223909
v 0.107813 0.228386 0.223909
v 0.108781 0.211231 0.227353
v 0.075483 0.215922 0.227353
v 0.073967 0.359435 0.223909
v 0.066508 0.374914 0.227353
v 0.169059 0.274507 0.223909
v 0.185278 0.268836 0.227353
v 0.126694 0.362412 0.223909
v 0.100035 0.366167 0.223909
v 0.099066 0.383323 0.227353
v 0.132364 0.378632 0.227353
v 0.035033 0.293388 0.223909
v 0.017878 0.292419 0.227353
v 0.133880 0.235119 0.223909
v 0.141340 0.219640 0.227353
v 0.155387 0.251314 0.223909
v 0.168202 0.239868 0.227353
v -0.002598 -0.196274 1.032713
v -0.002479 -0.196316 0.413823
v -0.120376 -0.155101 0.413823
v -0.120253 -0.155144 1.032713
v -0.186628 -0.383706 0.343030
v -0.186628 -0.383706 0.014479
v -0.093170 -0.416378 0.014479
v -0.093170 -0.416378 0.343030
v -0.106428 -0.790329 0.538835
v -0.393567 -0.712019 -0.495655
v 0.252493 0.232997 0.496317
v 0.162878 0.277367 0.509398
v -0.194979 -0.070813 0.160516
v -0.181320 -0.035114 1.345102
v 0.121730 -0.141055 1.345102
v 0.102829 -0.195120 1.401644
vn -0.7791 0.4529 -0.4335
vn -0.7546 0.5354 -0.3794
vn -0.6831 0.6114 -0.3995
vn -0.7794 0.5818 -0.2326
vn -0.8077 0.4782 -0.3448
vn -0.8377 0.3641 -0.4071
vn -0.6190 0.7364 -0.2731
vn -0.5432 0.8125 -0.2113
vn -0.5716 0.8142 -0.1020
vn -0.5938 0.7945 -0.1268
vn -0.7144 0.6621 -0.2266
vn -0.6778 0.7211 -0.1432
vn -0.0000 -0.0000 -1.0000
vn -0.8971 0.2565 0.3598
vn -0.8449 0.1507 0.5133
vn -0.7870 0.1720 0.5925
vn -0.2843 0.9584 0.0235
vn -0.4554 0.8903 -0.0017
vn -0.7500 0.6615 0.0039
vn -0.8387 0.4240 0.3418
vn -0.7119 0.4289 0.5560
vn -0.7366 0.4885 0.4676
vn -0.5546 0.3505 0.7547
vn -0.9443 0.3290 -0.0004
vn -0.9440 0.3300 -0.0000
vn 0.0006 0.0018 -1.0000
vn 0.0018 0.0017 -1.0000
vn -0.0038 0.0048 -1.0000
vn -0.0634 -0.1820 -0.9813
vn -0.0603 -0.1796 -0.9819
vn -0.0628 -0.1820 -0.9813
vn -0.0637 -0.1819 -0.9813
vn -0.0707 -0.1995 -0.9773
vn -0.9793 0.0267 -0.2006
vn -0.9879 0.0914 -0.1257
vn -0.9877 0.0885 -0.1291
vn -0.9777 0.2059 0.0424
vn -0.9949 0.1005 0.0076
vn -0.9893 0.1437 -0.0264
vn -0.9144 0.4044 0.0192
vn -0.5676 -0.7147 -0.4087
vn -0.7122 -0.6206 -0.3282
vn -0.6125 -0.7311 -0.3005
vn -0.9718 0.2356 -0.0035
vn -0.9963 -0.0831 -0.0230
vn 0.3300 0.9440 -0.0000
vn -0.9976 -0.0369 -0.0587
vn -0.9565 -0.2896 0.0346
vn -0.9170 -0.0056 0.3988
vn -0.9696 0.1762 0.1698
vn -0.9375 0.0390 0.3458
vn 0.9418 -0.3360 0.0122
vn 0.9457 -0.3249 0.0005
vn 0.9421 -0.3350 0.0112
vn -0.9439 0.3302 -0.0005
vn -0.9385 0.3450 -0.0161
vn -0.9390 0.3437 -0.0148
vn -0.9438 0.3304 0.0050
vn -0.9438 0.3304 0.0047
vn -0.2362 -0.9711 -0.0336
vn -0.4269 -0.9037 -0.0340
vn -0.3316 -0.9385 -0.0964
vn -0.2621 0.9645 -0.0329
vn -0.4642 0.8840 -0.0549
vn -0.0805 -0.0313 -0.9963
vn -0.2925 -0.0911 -0.9519
vn -0.1550 -0.0188 -0.9877
vn -0.6472 -0.7529 -0.1199
vn -0.7429 -0.6662 -0.0655
vn -0.9014 -0.4306 -0.0452
vn -0.1143 0.0020 -0.9934
vn -0.1196 0.0018 -0.9928
vn -0.0927 0.0013 -0.9957
vn -0.9987 0.0504 0.0105
vn -0.6044 0.1121 0.7888
vn -0.1792 0.9837 0.0123
vn -0.6492 -0.7536 -0.1032
vn -0.9051 -0.4068 -0.1236
vn 0.4189 0.8922 0.1689
vn 0.4057 0.8996 0.1617
vn 0.3953 0.9185 0.0092
vn 0.3297 0.9409 0.0773
vn 0.3439 0.9388 0.0163
vn 0.0003 0.0009 1.0000
vn -0.0002 -0.0000 1.0000
vn 0.0002 0.0007 1.0000
vn -0.0002 -0.0005 1.0000
vn -0.2854 0.9528 -0.1033
vn -0.3489 0.8885 -0.2982
vn -0.0495 0.9966 -0.0663
vn -0.9440 0.3298 -0.0000
vn -0.6550 0.7355 -0.1734
vn 0.9395 -0.3425 0.0002
vn 0.9401 -0.3410 0.0057
vn 0.9396 -0.3423 0.0022
vn -0.9482 0.3176 -0.0016
vn -0.9482 0.3176 0.0022
vn -0.9483 0.3174 0.0002
vn 0.9405 -0.3398 0.0102
vn -0.0000 -0.0000 1.0000
vn 0.8916 -0.1312 -0.4335
vn 0.9152 0.0527 -0.3995
vn 0.9238 -0.0513 -0.3794
vn 0.9721 -0.0305 -0.2326
vn 0.8821 -0.2371 -0.4071
vn 0.9297 -0.1291 -0.3448
vn 0.9312 0.2971 -0.2113
vn 0.9430 0.1903 -0.2731
vn 0.9544 0.2807 -0.1020
vn 0.9595 0.2515 -0.1268
vn 0.9795 0.1418 -0.1432
vn 0.9713 0.0728 -0.2266
vn 0.9436 -0.3311 -0.0004
vn 0.9440 -0.3300 -0.0000
vn 0.0060 0.0013 -1.0000
vn -0.0004 0.0024 -1.0000
vn -0.0495 -0.1104 -0.9927
vn -0.0626 -0.1275 -0.9899
vn -0.1003 -0.2256 -0.9690
vn -0.0750 -0.2157 -0.9736
vn -0.0909 -0.2264 -0.9698
vn -0.0791 -0.2137 -0.9737
vn -0.0741 -0.2078 -0.9754
vn 0.1902 -0.9166 -0.3517
vn 0.0017 -0.9026 -0.4304
vn 0.0339 -0.9486 -0.3147
vn 0.8489 -0.5278 -0.0275
vn 0.9438 -0.3305 0.0003
vn 0.8652 -0.4991 -0.0483
vn -0.1346 -0.9392 -0.3159
vn -0.9479 0.3186 -0.0031
vn 0.9438 -0.3305 -0.0008
vn -0.4799 -0.8205 -0.3105
vn -0.2921 -0.8236 -0.4861
vn 0.8492 -0.5277 -0.0190
vn 0.8762 -0.4817 0.0164
vn 0.9305 -0.3663 0.0027
vn -0.9315 0.3192 -0.1743
vn -0.9455 0.3249 -0.0227
vn -0.9514 0.3036 -0.0520
vn 0.9439 -0.3303 -0.0001
vn 0.9438 -0.3306 -0.0000
vn 0.9438 -0.3306 0.0001
vn 0.9437 -0.3308 0.0015
vn 0.9438 -0.3305 -0.0000
vn 0.9437 -0.3308 -0.0004
vn -0.2883 -0.8260 0.4844
vn -0.2890 -0.8257 0.4845
vn -0.2886 -0.8261 0.4840
vn 0.9435 -0.3313 -0.0004
vn 0.9436 -0.3311 -0.0005
vn -0.9473 0.3202 0.0102
vn -0.9477 0.3190 0.0057
vn 0.2411 0.9570 0.1612
vn 0.3158 0.9487 0.0165
vn 0.3283 0.9414 0.0774
vn 0.0009 0.0018 1.0000
vn 0.0005 0.0012 1.0000
vn 0.0006 0.0013 1.0000
vn -0.0186 -0.0966 -0.9952
vn -0.0323 -0.1122 -0.9932
vn -0.0041 -0.1110 -0.9938
vn 0.9439 -0.3302 -0.0000
vn 0.9706 0.1672 -0.1734
vn 0.9438 -0.3305 -0.0001
vn -0.4060 -0.7319 -0.5473
vn -0.1424 -0.8260 -0.5455
vn -0.2223 -0.6346 -0.7402
vn 0.9399 -0.3414 -0.0031
vn 0.9396 -0.3423 -0.0016
vn 0.3938 0.2943 0.8708
vn 0.4367 0.1980 0.8775
vn 0.4233 0.2296 0.8764
vn 0.1251 -0.4756 0.8707
vn 0.1897 -0.4429 0.8763
vn 0.2185 -0.4271 0.8774
vn -0.0121 0.0260 -0.9996
vn 0.0128 0.0381 -0.9992
vn 0.0009 0.0289 -0.9996
vn 0.9435 -0.3314 -0.0003
vn -0.9442 0.3293 0.0024
vn -0.9441 0.3297 -0.0005
vn -0.9441 0.3297 -0.0008
vn -0.3817 0.8585 -0.3424
vn -0.3812 0.7797 -0.4967
vn 0.8172 0.5671 -0.1029
vn 0.6596 0.7487 -0.0663
vn 0.8274 0.4758 -0.2983
vn 0.7845 0.3690 -0.4983
vn 0.8347 0.4314 -0.3425
vn -0.0478 0.1622 -0.9856
vn -0.1149 0.2158 -0.9697
vn -0.0152 0.2594 -0.9656
vn -0.1446 0.0853 -0.9858
vn -0.2338 0.0714 -0.9697
vn -0.1756 0.1700 -0.9697
vn -0.1628 -0.0413 -0.9858
vn -0.2189 -0.1148 -0.9690
vn -0.2444 -0.0040 -0.9697
vn -0.0985 -0.1390 -0.9854
vn -0.1090 -0.2441 -0.9636
vn -0.1721 -0.1781 -0.9688
vn -0.0194 0.0064 -0.9998
vn 0.0328 0.1677 -0.9853
vn 0.4052 0.9142 -0.0102
vn 0.4241 0.9045 -0.0455
vn 0.4694 0.8807 -0.0636
vn 0.2526 0.9675 -0.0102
vn 0.1816 0.9813 -0.0636
vn 0.2319 0.9717 -0.0455
vn 0.0134 -0.0157 -0.9998
vn 0.0289 -0.0257 -0.9993
vn 0.0389 -0.0149 -0.9991
vn 0.0258 0.0128 -0.9996
vn 0.0215 0.0103 -0.9997
vn 0.0164 0.0314 -0.9994
vn 0.0071 -0.0844 -0.9964
vn -0.0376 -0.0144 -0.9992
vn -0.0292 -0.0158 -0.9994
vn -0.0378 -0.0858 -0.9956
vn -0.0340 0.0001 -0.9994
vn -0.0398 0.0134 -0.9991
vn -0.0241 0.0177 -0.9996
vn -0.0105 0.0216 -0.9997
vn 0.0356 -0.0070 -0.9993
vn -0.9441 0.3298 0.0003
vn -0.9452 0.3265 -0.0004
vn -0.0327 -0.0109 -0.9994
vn -0.0021 -0.0061 -1.0000
vn -0.0106 -0.0304 -0.9995
vn -0.5761 -0.3443 0.7413
vn -0.5709 -0.2690 0.7757
vn -0.5630 -0.5861 0.5826
vn -0.2171 0.8773 0.4281
vn -0.3437 0.5485 0.7622
vn -0.2879 0.7379 0.6104
vn -0.7714 0.2723 -0.5751
vn -0.7998 0.3463 -0.4903
vn -0.7695 0.2680 -0.5797
vn -0.8425 -0.5387 -0.0000
vn -0.9377 -0.3475 -0.0000
vn -0.9589 -0.2838 -0.0000
vn -0.0624 -0.1848 -0.9808
vn -0.0755 -0.1837 -0.9801
vn -0.0691 -0.1884 -0.9797
vn -0.0614 -0.1797 -0.9818
vn -0.6759 0.7370 0.0033
vn -0.7186 0.6954 -0.0000
vn 0.9402 -0.3406 -0.0051
vn 0.2616 0.9651 0.0091
vn 0.9439 -0.3303 -0.0006
vn 0.9439 -0.3303 -0.0020
vn 0.9439 -0.3303 -0.0008
vn 0.9436 -0.3310 -0.0011
vn 0.9431 -0.3324 -0.0007
vn 0.9437 -0.3308 -0.0010
vn -0.9476 0.3194 -0.0051
vn 0.9434 -0.3317 -0.0002
vn 0.9436 -0.3311 0.0006
vn 0.9434 -0.3316 -0.0008
vn 0.2262 0.9593 0.1689
vn 0.9279 -0.3281 -0.1769
vn 0.9427 -0.3296 -0.0520
vn 0.9447 -0.3272 -0.0230
vn 0.9458 -0.3248 0.0002
vn 0.9438 -0.3305 -0.0013
vn 0.9436 -0.3310 -0.0008
vn 0.9437 -0.3307 -0.0009
vn -0.3047 -0.8792 -0.3663
vn -0.2913 -0.8246 0.4850
vn -0.2879 -0.8261 0.4843
vn -0.2858 -0.8265 0.4850
vn -0.2894 -0.8256 0.4844
vn -0.9441 0.3295 -0.0003
vn -0.9442 0.3293 -0.0001
vn -0.9441 0.3296 -0.0002
vn -0.9441 0.3297 -0.0002
vn 0.9438 -0.3305 -0.0003
vn 0.9440 -0.3300 0.0002
vn 0.9437 -0.3307 -0.0001
vn 0.9439 -0.3302 0.0001
vn 0.9439 -0.3303 -0.0002
vn -0.9440 0.3300 0.0002
vn 0.9436 -0.3311 -0.0000
vn 0.9435 -0.3313 0.0009
vn 0.9410 -0.3378 -0.0221
vn 0.9434 -0.3308 -0.0232
vn 0.9420 -0.3347 -0.0233
vn 0.9438 -0.3304 -0.0015
vn -0.9417 0.3348 0.0346
vn -0.9378 0.3457 0.0307
vn -0.9399 0.3413 0.0097
vn -0.9356 0.3529 -0.0116
vn 0.9445 -0.3286 -0.0023
vn 0.9457 -0.3249 -0.0049
vn 0.9437 -0.3307 -0.0007
vn 0.9443 -0.3286 -0.0185
vn 0.9438 -0.3305 -0.0015
vn 0.9437 -0.3308 -0.0013
vn -0.9446 0.3269 0.0282
vn 0.9434 -0.3316 -0.0002
vn -0.4555 -0.8839 -0.1059
vn -0.4698 -0.8817 0.0426
vn -0.1930 -0.9801 0.0466
vn -0.2020 -0.9740 -0.1022
vn -0.8858 0.3452 0.3102
vn -0.7556 0.2926 0.5860
vn -0.5804 0.2264 0.7822
vn -0.9993 -0.0363 -0.0000
vn -0.9745 -0.2244 -0.0000
vn -0.9019 -0.4319 -0.0000
vn -0.4510 0.8925 -0.0000
vn -0.4986 0.8668 -0.0000
vn -0.6224 0.7827 -0.0000
vn -0.7590 0.6511 -0.0000
vn -0.8669 0.4985 -0.0000
vn -0.9887 0.1502 -0.0000
vn -0.3256 -0.9454 -0.0141
vn -0.3283 -0.9403 -0.0896
vn -0.4900 -0.8664 -0.0961
vn -0.4907 -0.8712 -0.0150
vn -0.6729 -0.7312 -0.1125
vn -0.6643 -0.7473 -0.0162
vn -0.7755 -0.6207 -0.1154
vn -0.8038 -0.5947 -0.0161
vn -0.9991 -0.0360 -0.0236
vn -0.9999 0.0126 0.0028
vn -0.9908 -0.1353 -0.0030
vn -0.7912 -0.6116 -0.0000
vn -0.7351 -0.6780 -0.0000
vn -0.0759 -0.2090 -0.9750
vn -0.0682 -0.1839 -0.9806
vn -0.9692 0.2448 -0.0276
vn -0.9711 0.2366 -0.0302
vn -0.9871 -0.1592 0.0163
vn -0.9601 -0.2785 0.0241
vn -0.9601 -0.2786 0.0241
vn -0.9849 -0.1720 0.0171
vn 0.3300 0.9437 -0.0252
vn 0.3282 0.9389 -0.1032
vn 0.3300 0.9437 -0.0251
vn -0.9588 0.2841 0.0019
vn -0.9587 0.2843 0.0025
vn -0.4487 -0.8878 -0.1022
vn -0.9601 0.2731 0.0598
vn -0.9605 0.2715 0.0614
vn -0.0821 -0.2252 0.9708
vn -0.0206 -0.0523 0.9984
vn -0.0595 -0.0393 0.9975
vn -0.1367 -0.2037 0.9694
vn -0.3325 -0.9225 0.1960
vn -0.3138 -0.8720 0.3758
vn -0.4597 -0.8067 0.3713
vn -0.4945 -0.8477 0.1922
vn -0.3406 -0.9402 -0.0073
vn -0.3389 -0.9379 0.0734
vn -0.5169 -0.8531 0.0716
vn -0.5296 -0.8482 -0.0070
vn -0.2648 -0.7272 -0.6333
vn -0.3105 -0.8566 -0.4120
vn -0.4905 -0.7711 -0.4060
vn -0.4396 -0.6524 -0.6174
vn -0.2724 -0.7558 0.5954
vn -0.4060 -0.6990 0.5887
vn -0.2212 -0.6124 0.7589
vn -0.1600 -0.4425 0.8824
vn -0.2472 -0.4082 0.8788
vn -0.3376 -0.5652 0.7527
vn -0.3095 -0.2692 -0.9120
vn -0.1177 -0.3273 -0.9376
vn -0.1064 -0.2875 -0.9519
vn -0.3096 -0.2431 -0.9193
vn -0.3314 -0.9149 -0.2307
vn -0.3387 -0.9348 -0.1067
vn -0.5306 -0.8411 -0.1045
vn -0.5189 -0.8244 -0.2261
vn -0.1542 -0.4159 -0.8962
vn -0.2158 -0.5885 -0.7792
vn -0.3801 -0.5192 -0.7655
vn -0.2982 -0.3567 -0.8853
vn -0.1494 -0.3856 -0.9105
vn -0.4894 -0.2661 -0.8305
vn -0.5122 -0.3159 -0.7987
vn -0.1758 -0.4694 -0.8653
vn -0.0857 -0.2193 -0.9719
vn -0.2352 -0.1646 -0.9579
vn -0.0547 -0.1213 -0.9911
vn -0.2658 -0.0436 -0.9630
vn 0.2550 0.7295 0.6346
vn 0.1936 0.5537 0.8099
vn 0.2529 0.7235 0.6423
vn -0.1573 -0.9830 -0.0952
vn 0.0698 -0.9912 -0.1124
vn 0.3157 0.9031 -0.2912
vn 0.3297 0.9430 -0.0452
vn 0.0293 0.0869 0.9958
vn 0.0400 0.1168 0.9923
vn 0.0180 0.1241 0.9921
vn 0.0097 0.1057 0.9944
vn -0.3178 0.1428 -0.9373
vn -0.3336 0.0710 -0.9400
vn -0.0291 -0.0336 -0.9990
vn -0.0053 0.0370 -0.9993
vn -0.4674 -0.8341 0.2929
vn -0.4452 -0.7176 0.5355
vn -0.2835 -0.7951 0.5362
vn -0.3208 -0.9032 0.2854
vn -0.9517 -0.2829 0.1195
vn -0.9235 -0.3395 0.1784
vn -0.9226 -0.3449 0.1730
vn -0.9506 -0.2860 0.1209
vn -0.4652 -0.8838 0.0501
vn -0.3337 -0.9418 0.0397
vn -0.3865 -0.1037 -0.9164
vn -0.0842 -0.1967 -0.9768
vn -0.0410 -0.6870 -0.7255
vn -0.1095 -0.8551 -0.5067
vn -0.0995 0.6934 -0.7137
vn -0.1593 0.5585 -0.8141
vn 0.1527 0.4880 -0.8594
vn 0.2030 0.6296 -0.7499
vn -0.2243 -0.1341 0.9652
vn -0.2025 -0.0967 0.9745
vn -0.0507 -0.1265 0.9907
vn -0.0721 -0.1882 0.9795
vn -0.2111 -0.9695 0.1243
vn -0.2110 -0.9697 0.1235
vn 0.0478 0.9739 0.2221
vn 0.0627 0.9926 0.1041
vn 0.3153 0.9433 0.1040
vn 0.3083 0.9243 0.2250
vn -0.0418 0.8230 -0.5666
vn 0.2526 0.7704 -0.5855
vn -0.1469 0.1149 0.9825
vn -0.1248 0.2860 0.9501
vn 0.0667 0.2239 0.9723
vn 0.0127 0.0635 0.9979
vn 0.0211 0.8013 0.5979
vn 0.0381 0.9238 0.3810
vn 0.2916 0.8764 0.3833
vn 0.2482 0.7484 0.6151
vn -0.0193 0.6550 0.7554
vn 0.1971 0.6001 0.7753
vn -0.2520 0.3327 -0.9088
vn 0.0665 0.2437 -0.9676
vn -0.9764 0.2155 0.0124
vn -0.9754 0.2201 0.0119
vn -0.3236 -0.0135 -0.9461
vn -0.0492 -0.0997 -0.9938
vn 0.0519 0.9817 -0.1833
vn 0.0178 0.9334 -0.3585
vn 0.2935 0.8843 -0.3631
vn 0.3113 0.9326 -0.1829
vn -0.0738 0.5002 0.8627
vn 0.1424 0.4441 0.8846
vn -0.3115 -0.1335 -0.9408
vn -0.0779 -0.1949 -0.9777
vn -0.2916 -0.8251 0.4840
vn -0.3998 -0.5670 0.7202
vn -0.3377 -0.3988 0.8526
vn -0.1658 -0.4574 0.8737
vn -0.2299 -0.6409 0.7324
vn 0.0053 0.0209 0.9998
vn -0.0285 0.0328 0.9991
vn -0.9973 -0.0497 0.0545
vn -0.9971 -0.0524 0.0554
vn 0.0684 0.9976 0.0104
vn 0.0658 0.9958 -0.0641
vn 0.3166 0.9464 -0.0640
vn 0.3173 0.9483 0.0104
vn -0.0152 0.0538 0.9984
vn 0.0126 0.0405 0.9991
vn -0.1543 0.0117 0.9880
vn -0.0169 -0.0265 0.9995
vn -0.9262 -0.3238 0.1933
vn -0.9260 -0.3241 0.1936
vn -0.1397 -0.3989 0.9063
vn -0.1550 -0.3945 0.9058
vn -0.1550 -0.3945 0.9057
vn -0.9968 0.0515 -0.0612
vn -0.9956 0.0933 0.0063
vn -0.9947 0.1027 0.0062
vn 0.8068 -0.5841 -0.0891
vn 0.7367 -0.6663 -0.1152
vn 0.2015 0.5763 -0.7920
vn 0.2776 0.7942 -0.5405
vn 0.2012 0.5757 -0.7925
vn 0.3277 0.9374 -0.1180
vn 0.3277 0.9375 0.1173
vn 0.3284 0.9391 0.1014
vn 0.3284 0.9391 0.1013
vn 0.1444 0.4130 -0.8992
vn 0.3265 0.9383 0.1137
vn 0.3177 0.9087 0.2709
vn 0.3168 0.9067 0.2784
vn 0.3270 0.9382 0.1136
vn -0.7751 0.6317 -0.0151
vn -0.9959 0.0890 -0.0176
vn -0.9426 0.3338 -0.0000
vn -0.9436 0.3311 -0.0004
vn -0.5519 0.0210 -0.8337
vn -0.5030 -0.0066 -0.8643
vn -0.7048 0.1486 -0.6937
vn -0.7179 0.1700 -0.6751
vn 0.2649 0.9604 0.0865
vn 0.2370 0.9672 0.0910
vn 0.1897 0.9756 0.1106
vn 0.1994 0.9764 0.0834
vn 0.4493 0.7780 0.4392
vn 0.4485 0.7741 0.4468
vn 0.4134 0.6456 0.6421
vn 0.4140 0.6475 0.6398
vn 0.2357 0.4482 0.8623
vn 0.2988 0.4001 0.8664
vn 0.3669 0.6108 0.7016
vn 0.3028 0.6477 0.6991
vn 0.2144 0.8336 0.5090
vn 0.2451 0.9142 0.3226
vn 0.1763 0.9314 0.3183
vn 0.1431 0.8512 0.5049
vn 0.3540 0.4779 0.8039
vn 0.3529 0.4750 0.8061
vn 0.0936 0.4979 0.8622
vn 0.1654 0.6957 0.6990
vn 0.0909 0.7070 0.7014
vn 0.0128 0.4997 0.8661
vn -0.0465 0.3107 0.9494
vn -0.0325 0.2894 0.9567
vn -0.0336 0.2875 0.9572
vn -0.0460 0.3164 0.9475
vn 0.4156 0.9050 0.0910
vn 0.4570 0.8825 0.1107
vn 0.4590 0.8486 0.2631
vn 0.4592 0.8515 0.2532
vn 0.0867 0.5977 0.7970
vn 0.0881 0.6017 0.7939
vn 0.1732 0.8468 0.5029
vn 0.1743 0.8498 0.4975
vn 0.2609 0.9486 0.1794
vn 0.3857 0.9050 0.1794
vn 0.3898 0.9168 0.0863
vn 0.4752 0.8791 -0.0370
vn 0.4429 0.8951 -0.0522
vn 0.4759 0.8795 -0.0063
vn 0.3504 0.7862 0.5090
vn 0.3768 0.8682 0.3229
vn -0.3300 -0.9440 -0.0000
vn 0.0009 0.0025 -1.0000
vn -0.0079 0.0055 -1.0000
vn 0.0564 -0.9984 -0.0000
vn -0.1395 -0.9902 -0.0000
vn -0.6661 -0.7458 -0.0000
vn -0.5078 -0.8615 -0.0000
vn -0.0564 0.9984 -0.0000
vn -0.4341 0.9008 -0.0000
vn -0.7458 0.6661 -0.0000
vn -0.9008 -0.4341 -0.0000
vn 0.9984 0.0564 -0.0000
vn -0.9984 -0.0564 -0.0000
vn -0.9471 0.3187 -0.0387
vn -0.9471 0.3184 -0.0398
vn -0.3034 0.9529 -0.0008
vn -0.3387 0.9367 -0.0883
vn -0.2338 0.9723 -0.0016
vn 0.1437 0.9896 -0.0008
vn 0.3300 0.9440 -0.0003
vn 0.9149 -0.3513 -0.1989
vn 0.9116 -0.3513 -0.2135
vn 0.9277 -0.3273 -0.1795
vn 0.2112 0.9760 -0.0521
vn 0.3291 0.9415 -0.0730
vn 0.3297 0.9432 -0.0400
vn -0.3505 -0.4454 -0.8239
vn -0.3969 -0.5626 -0.7253
vn -0.1804 -0.5147 -0.8382
vn 0.9435 -0.3312 0.0001
vn 0.9437 -0.3308 -0.0007
vn -0.4558 -0.8900 0.0135
vn -0.4492 -0.8848 0.1236
vn -0.4495 -0.8848 0.1227
vn -0.4552 -0.8901 0.0235
vn -0.4501 -0.7315 -0.5121
vn -0.4663 -0.8457 -0.2597
vn -0.4664 -0.8500 -0.2449
vn 0.0023 0.0064 -1.0000
vn 0.7590 -0.6511 -0.0000
vn 0.6224 -0.7827 -0.0000
vn 0.4364 -0.8998 -0.0000
vn 0.9089 0.4171 -0.0000
vn 0.9301 0.3674 -0.0000
vn 0.9745 0.2244 -0.0000
vn 0.9993 0.0363 -0.0000
vn 0.9993 0.0364 -0.0000
vn 0.9887 -0.1502 -0.0000
vn 0.8669 -0.4985 -0.0000
vn -0.1471 -0.9890 -0.0146
vn 0.9124 0.4093 -0.0000
vn 0.9069 0.4214 -0.0000
vn 0.9434 0.3317 -0.0000
vn 0.9396 0.3422 -0.0000
vn 0.9436 -0.3299 0.0266
vn 0.1039 -0.9945 -0.0149
vn 0.9955 -0.0949 -0.0000
vn 0.9984 -0.0559 -0.0000
vn 0.8520 -0.5235 -0.0040
vn 0.2532 -0.9673 -0.0143
vn 0.2221 -0.9681 -0.1162
vn 0.8703 -0.4925 -0.0000
vn 0.8775 -0.4796 -0.0000
vn 0.6016 -0.7988 -0.0000
vn 0.5327 -0.8463 -0.0000
vn 0.7458 -0.6661 -0.0000
vn 0.8615 -0.5078 -0.0000
vn 0.9995 -0.0312 -0.0000
vn 0.6813 -0.7283 -0.0740
vn 0.6759 -0.7370 -0.0089
vn 0.6751 -0.7377 -0.0000
vn 0.6753 -0.7375 -0.0000
vn 0.9999 0.0172 -0.0000
vn 0.9999 0.0173 -0.0000
vn 0.9154 -0.4025 -0.0000
vn 0.5690 -0.8223 -0.0000
vn -0.8412 0.5407 0.0075
vn -0.0659 -0.1801 -0.9814
vn -0.0683 -0.1925 -0.9789
vn -0.1951 -0.9795 0.0498
vn -0.1634 -0.9420 0.2931
vn 0.6729 -0.7395 0.0163
vn 0.6632 -0.7482 0.0171
vn 0.5775 -0.8160 0.0241
vn 0.5775 -0.8161 0.0241
vn 0.9269 -0.3752 0.0023
vn 0.9270 -0.3749 0.0025
vn 0.5467 0.8348 -0.0644
vn 0.5483 0.8158 -0.1843
vn 0.9269 0.3753 -0.0000
vn -0.0261 -0.2426 0.9698
vn 0.0180 -0.0660 0.9977
vn -0.1602 -0.9681 0.1929
vn -0.1598 -0.9143 0.3722
vn -0.1364 -0.9906 -0.0070
vn -0.1479 -0.9864 0.0718
vn -0.0822 -0.7803 -0.6200
vn -0.1177 -0.9056 -0.4075
vn -0.1332 -0.7964 0.5900
vn -0.1012 -0.6490 0.7540
vn -0.0707 -0.4705 0.8795
vn 0.0788 -0.3721 -0.9248
vn 0.0915 -0.3557 -0.9301
vn -0.1297 -0.9652 -0.2270
vn -0.1315 -0.9858 -0.1049
vn -0.0050 -0.4606 -0.8876
vn -0.0447 -0.6388 -0.7681
vn 0.1835 -0.5563 -0.8105
vn 0.1948 -0.5024 -0.8424
vn 0.0653 -0.2703 -0.9606
vn 0.1593 -0.1921 -0.9683
vn 0.0567 0.0900 0.9943
vn 0.0619 0.1095 0.9921
vn 0.5471 0.8305 0.1046
vn 0.5459 0.8378 0.0104
vn 0.0881 -0.1946 0.9769
vn 0.0821 -0.2373 0.9679
vn 0.5681 -0.8142 0.1195
vn 0.5653 -0.8160 0.1209
vn 0.5885 -0.7949 0.1479
vn 0.6165 -0.7738 0.1455
vn -0.2097 -0.9725 -0.1012
vn 0.2125 -0.3105 -0.9265
vn 0.4449 0.3533 -0.8230
vn 0.3749 0.1167 -0.9197
vn 0.4833 0.4967 -0.7209
vn -0.0042 -0.5666 -0.8240
vn 0.1464 -0.2864 -0.9469
vn 0.5437 0.7577 -0.3610
vn 0.5201 0.6347 -0.5716
vn 0.1703 0.0048 0.9854
vn 0.2562 0.1539 0.9543
vn 0.3072 -0.0753 -0.9487
vn 0.2769 -0.1405 -0.9506
vn 0.3484 0.3555 0.8673
vn 0.4025 0.5111 0.7594
vn 0.9001 -0.4355 0.0119
vn 0.8980 -0.4398 0.0124
vn 0.2231 -0.1990 -0.9543
vn 0.1157 -0.0807 0.9900
vn 0.5234 0.7611 0.3831
vn 0.5464 0.8071 0.2235
vn -0.1091 -0.8370 0.5363
vn 0.0392 0.0094 0.9992
vn 0.7473 -0.6622 0.0554
vn 0.7491 -0.6602 0.0545
vn 0.0428 0.0341 0.9985
vn 0.4616 0.6522 0.6013
vn -0.0510 -0.6902 0.7218
vn 0.6869 -0.7135 0.1383
vn 0.6869 -0.7134 0.1383
vn -0.1244 -0.4033 0.9066
vn -0.1245 -0.4033 0.9065
vn 0.0054 -0.5190 0.8547
vn 0.8369 -0.5473 0.0063
vn 0.8420 -0.5394 0.0062
vn 0.1760 0.9837 -0.0370
vn 0.1757 0.9844 -0.0063
vn 0.1680 0.2248 0.9598
vn 0.0070 0.2810 0.9597
vn 0.0161 0.2625 0.9648
vn 0.1495 0.2161 0.9648
vn 0.4501 0.8891 0.0834
vn 0.4457 0.8775 0.1772
vn 0.3026 0.5224 0.7972
vn 0.3040 0.5263 0.7941
vn 0.2318 0.3201 0.9186
vn 0.2308 0.3168 0.9200
vn 0.4160 0.7562 0.5051
vn 0.4400 0.8396 0.3184
vn 0.1687 0.9527 0.2529
vn 0.1302 0.8891 0.4389
vn 0.1284 0.8854 0.4467
vn 0.1667 0.9502 0.2631
vn 0.2274 0.2150 0.9498
vn 0.2305 0.2198 0.9479
vn 0.2032 0.2048 0.9575
vn 0.2035 0.2070 0.9570
vn 0.0763 0.7651 0.6393
vn 0.0756 0.7632 0.6417
vn 0.1956 0.9646 0.1771
vn 0.0160 0.3954 0.9184
vn 0.0147 0.3922 0.9198
vn 0.9436 -0.3310 -0.0003
vn 0.9436 -0.3311 -0.0001
vn 0.9420 -0.3356 -0.0050
vn 0.9396 -0.3421 0.0089
vn -0.0891 0.2836 0.9548
vn -0.1404 0.1914 0.9714
vn -0.0001 -0.0004 1.0000
vn 0.2436 0.6973 0.6741
vn 0.2435 0.6972 0.6742
vn 0.2435 0.6972 0.6743
vn -0.0003 -0.0006 1.0000
vn -0.0003 -0.0007 1.0000
vn -0.0002 -0.0004 1.0000
vn 0.0097 -0.0006 -1.0000
vn 0.4341 -0.9008 -0.0000
vn 0.9008 0.4341 -0.0000
vn 0.6661 0.7458 -0.0000
vn 0.9395 -0.3402 -0.0387
vn 0.9397 -0.3401 -0.0376
vn 0.5042 0.8636 -0.0008
vn -0.2094 -0.9777 0.0140
vn -0.2099 -0.9775 0.0231
vn -0.1756 -0.9542 -0.2422
vn -0.1737 -0.9519 -0.2524
vn 0.0401 -0.4035 0.9141
vn -0.1285 -0.3509 0.9276
vn -0.0021 -0.0059 1.0000
vn 0.8451 -0.5345 -0.0000
vn 0.7168 -0.6973 -0.0000
vn 0.5755 -0.8178 -0.0039
vn 0.5756 -0.8177 -0.0041
vn 0.3662 -0.9305 0.0049
vn 0.3481 -0.9374 0.0067
vn 0.2083 -0.9779 0.0194
vn 0.2082 -0.9779 0.0195
vn 0.9941 -0.1084 -0.0000
vn 0.9951 0.0988 -0.0000
vn 0.9597 0.2810 -0.0041
vn 0.9597 0.2811 -0.0040
vn 0.8624 0.5062 0.0013
vn 0.8718 0.4898 0.0002
vn 0.7862 0.6179 0.0097
vn 0.7863 0.6178 0.0095
vn 0.4579 -0.0581 0.8871
vn 0.4340 -0.1518 0.8880
vn 0.4340 -0.1518 0.8881
vn 0.4590 -0.0518 0.8869
vn 0.2775 -0.3845 0.8804
vn 0.3371 -0.3238 0.8840
vn 0.3439 -0.3158 0.8843
vn 0.2892 -0.3744 0.8810
vn 0.4594 0.1127 0.8811
vn 0.4657 0.0327 0.8844
vn 0.4654 0.0432 0.8840
vn 0.4566 0.1280 0.8804
vn 0.3908 -0.2457 0.8871
vn 0.3946 -0.2400 0.8870
vn 0.9436 -0.3311 0.0012
vn 0.9485 -0.3152 -0.0310
vn 0.9433 -0.3320 -0.0010
vn 0.9434 -0.3315 -0.0011
vn 0.9436 -0.3311 -0.0012
vn 0.9434 -0.3317 -0.0012
vn 0.9436 -0.3312 -0.0013
vn 0.9434 -0.3315 -0.0012
vn 0.9436 -0.3311 -0.0013
vn 0.9439 -0.3304 -0.0015
vn 0.8310 0.5563 -0.0008
vn 0.7887 0.6148 -0.0016
vn 0.8491 0.5209 -0.0874
vn 0.1745 0.7326 -0.6580
vn -0.0423 0.7501 -0.6599
vn 0.1804 0.7309 -0.6583
vn -0.6768 -0.3262 -0.6599
vn -0.5005 -0.5604 -0.6599
vn -0.7501 -0.0423 -0.6599
vn -0.7501 -0.0424 -0.6599
vn -0.7092 0.2479 -0.6599
vn -0.5604 0.5005 -0.6599
vn -0.3262 0.6768 -0.6599
vn -0.3199 -0.6817 -0.6580
vn -0.3143 -0.6841 -0.6583
vn 0.2479 0.7092 -0.6599
vn -0.2479 -0.7092 -0.6599
vn 0.0544 0.1557 -0.9863
vn 0.0526 0.2572 -0.9649
vn 0.0902 0.2581 -0.9619
vn -0.0897 -0.2495 -0.9642
vn -0.0549 -0.1527 -0.9867
vn -0.0004 -0.0003 -1.0000
vn 0.3300 0.9440 -0.0077
vn -0.4342 0.9008 -0.0000
vn 0.9008 0.4342 -0.0000
vn 0.4342 -0.9008 -0.0000
vn 0.5078 0.8615 -0.0000
vn -0.9008 -0.4342 -0.0000
vn 0.1395 0.9902 -0.0000
vn -0.7642 0.6449 -0.0049
vn -0.7679 0.6405 -0.0048
vn -0.5676 0.8233 -0.0031
vn -0.9989 0.0479 -0.0000
vn -0.9981 0.0614 -0.0000
vn 0.5636 0.8261 -0.0001
vn 0.5974 0.8019 -0.0002
vn 0.2986 0.9544 -0.0000
vn -0.9293 0.3693 -0.0000
vn -0.9246 0.3810 -0.0000
vn -0.9726 0.2323 -0.0000
vn -0.9750 0.2223 -0.0000
vn -0.0758 0.9971 -0.0000
vn -0.6088 0.7933 -0.0000
vn -0.4492 0.8934 -0.0000
vn -0.3257 -0.9455 -0.0001
vn -0.3255 -0.9455 -0.0002
vn -0.3252 -0.9456 -0.0003
vn -0.3255 -0.9456 -0.0002
vn -0.7603 0.6495 -0.0000
vn -0.6589 -0.7522 -0.0001
vn -0.5483 -0.8363 -0.0003
vn -0.6591 -0.7521 -0.0001
vn -0.9516 0.3072 -0.0000
vn -0.8374 -0.5466 -0.0000
vn -0.9998 -0.0216 -0.0000
vn -0.9992 -0.0404 -0.0000
vn -0.9719 -0.2355 -0.0000
vn -0.9882 0.1529 -0.0000
vn -0.8626 0.5060 -0.0020
vn -0.8671 0.4981 -0.0017
vn -0.9301 -0.3673 -0.0000
vn -0.9232 -0.3844 -0.0000
vn -0.8674 0.4976 -0.0000
vn -0.5252 -0.0061 0.8509
vn -0.5223 0.0055 0.8528
vn -0.5497 -0.1182 0.8270
vn -0.5513 -0.1270 0.8246
vn -0.4293 0.9032 -0.0000
vn -0.4305 0.9026 -0.0000
vn -0.2501 0.9682 -0.0000
vn -0.1160 -0.1691 -0.9787
vn -0.1334 -0.1631 -0.9775
vn -0.2954 -0.1043 -0.9497
vn -0.2989 -0.1029 -0.9487
vn -0.6716 0.7409 0.0036
vn 0.6721 0.7404 -0.0011
vn 0.6761 0.7368 -0.0007
vn 0.6783 0.7348 -0.0005
vn -0.9999 -0.0162 -0.0000
vn -0.9646 -0.2638 -0.0000
vn -0.9642 -0.2653 -0.0000
vn -0.7422 0.6701 -0.0000
vn -0.9353 -0.3538 -0.0000
vn -0.0062 0.0154 0.9999
vn -0.0062 0.0155 0.9999
vn -0.0061 0.0155 0.9999
vn -0.4512 0.8924 0.0007
vn -0.4512 0.8924 0.0006
vn -0.0001 -0.0000 -1.0000
vn -0.9479 0.3186 -0.0030
vn -0.9501 0.3120 -0.0053
vn -0.9500 0.3121 -0.0052
vn -0.4738 0.1656 0.8649
vn -0.4052 0.3524 0.8436
vn -0.4117 0.3358 0.8472
vn -0.9444 0.3288 0.0002
vn -0.9441 0.3298 0.0002
vn -0.9438 0.3304 0.0002
vn -0.9440 0.3300 0.0001
vn -0.9439 0.3302 0.0001
vn -0.9440 0.3299 -0.0000
vn -0.9349 0.2939 -0.1990
vn -0.9323 0.2919 -0.2133
vn -0.9305 0.3207 -0.1768
vn -0.9433 0.3314 0.0171
vn -0.9385 0.3440 -0.0296
vn 0.0167 0.5922 0.8056
vn -0.0268 0.4322 0.9014
vn -0.0257 0.4372 0.8990
vn 0.0176 0.5951 0.8034
vn 0.9436 -0.3309 0.0025
vn 0.3901 0.7711 0.5032
vn 0.3910 0.7740 0.4980
vn 0.9435 -0.3313 -0.0011
vn 0.9436 -0.3310 -0.0012
vn 0.9437 -0.3307 -0.0014
vn 0.1613 0.4613 0.8724
vn 0.1795 0.5135 0.8391
vn 0.1868 0.5344 0.8243
vn -0.2886 -0.8255 0.4850
vn -0.9566 0.2911 0.0153
vn -0.9593 0.2817 0.0207
vn -0.9568 0.2905 0.0157
vn 0.9279 -0.3714 0.0320
vn 0.9329 -0.3592 0.0247
vn 0.9326 -0.3601 0.0252
vn -0.9598 0.2800 0.0217
vn 0.9366 -0.3499 0.0191
vn 0.9271 -0.3734 0.0332
vn -0.9544 0.2982 0.0112
vn 0.2431 0.1678 0.9554
vn 0.2253 0.0642 0.9722
vn -0.9436 0.3299 0.0266
vn 0.1771 0.0853 -0.9805
vn 0.1309 0.1466 -0.9805
vn 0.1962 0.0111 -0.9805
vn -0.1466 0.1309 -0.9805
vn -0.1855 0.0649 -0.9805
vn -0.1771 -0.0853 -0.9805
vn -0.1309 -0.1466 -0.9805
vn -0.0649 -0.1855 -0.9805
vn 0.0111 -0.1962 -0.9805
vn -0.0853 0.1771 -0.9805
vn 0.1855 -0.0649 -0.9805
vn 0.0649 0.1855 -0.9805
vn -0.0111 0.1962 -0.9805
vn -0.1962 -0.0111 -0.9805
vn 0.0853 -0.1771 -0.9805
vn 0.1466 -0.1309 -0.9805
vn -0.2860 -0.8270 0.4840
vn -0.2931 -0.2872 0.9119
vn 0.2896 0.3271 0.8995
vn 0.2874 0.3226 0.9019
vn 0.9437 -0.3308 -0.0006
vn 0.9436 -0.3310 -0.0005
vn 0.9438 -0.3306 -0.0008
vn 0.9437 -0.3309 -0.0006
vt 0.412010 0.184574
vt 0.418843 0.183320
vt 0.414852 0.180405
vt 0.434093 0.194017
vt 0.423894 0.186410
vt 0.421972 0.189451
vt 0.422326 0.180885
vt 0.423721 0.175871
vt 0.433650 0.173724
vt 0.427341 0.179054
vt 0.425012 0.183976
vt 0.430657 0.184062
vt 0.194743 0.724807
vt 0.202033 0.725037
vt 0.203376 0.719019
vt 0.195088 0.709040
vt 0.196742 0.708478
vt 0.197641 0.743560
vt 0.201797 0.746932
vt 0.206402 0.736315
vt 0.206568 0.749476
vt 0.211772 0.751095
vt 0.211448 0.739858
vt 0.217208 0.751727
vt 0.222667 0.751347
vt 0.217466 0.741200
vt 0.232824 0.747649
vt 0.228744 0.736831
vt 0.227940 0.749970
vt 0.163634 0.807343
vt 0.164227 0.812432
vt 0.168959 0.814108
vt 0.753092 0.292700
vt 0.758740 0.291793
vt 0.758189 0.285861
vt 0.191486 0.807343
vt 0.183204 0.815128
vt 0.188937 0.814060
vt 0.181726 0.820552
vt 0.216424 0.597779
vt 0.164638 0.594182
vt 0.154676 0.595879
vt 0.233629 0.725767
vt 0.241366 0.740580
vt 0.249739 0.734924
vt 0.093211 0.710180
vt 0.069427 0.699076
vt 0.084987 0.711630
vt 0.101377 0.711931
vt 0.113019 0.699877
vt 0.004974 0.720467
vt 0.015973 0.708632
vt 0.012682 0.707156
vt 0.281099 0.991345
vt 0.292694 0.986812
vt 0.275736 0.984274
vt 0.293351 0.990753
vt 0.912578 0.445173
vt 0.915199 0.432437
vt 0.909203 0.430878
vt 0.532285 0.757840
vt 0.524039 0.760801
vt 0.532285 0.882261
vt 0.271799 0.988613
vt 0.262093 0.979268
vt 0.879529 0.118583
vt 0.742848 0.118583
vt 0.742845 0.139530
vt 0.265671 0.975155
vt 0.259495 0.976417
vt 0.004974 0.593632
vt 0.011527 0.597154
vt 0.008221 0.591538
vt 0.739024 0.395247
vt 0.721515 0.404281
vt 0.722497 0.407500
vt 0.110402 0.481155
vt 0.119449 0.463653
vt 0.107184 0.480170
vt 0.442395 0.669245
vt 0.356879 0.687576
vt 0.366025 0.729861
vt 0.209867 0.470970
vt 0.209812 0.456255
vt 0.192567 0.463694
vt 0.761502 0.295282
vt 0.761232 0.291708
vt 0.671215 0.287866
vt 0.672897 0.293139
vt 0.677813 0.295538
vt 0.761946 0.262382
vt 0.752899 0.265566
vt 0.759222 0.267514
vt 0.690280 0.296136
vt 0.695160 0.293187
vt 0.684128 0.296462
vt 0.758560 0.273194
vt 0.169125 0.819482
vt 0.748441 0.294783
vt 0.746609 0.262382
vt 0.760763 0.267808
vt 0.392918 0.776137
vt 0.519931 0.685523
vt 0.381879 0.766614
vt 0.510953 0.683104
vt 0.365615 0.742761
vt 0.772133 0.731722
vt 0.786310 0.731193
vt 0.772254 0.722944
vt 0.786624 0.710322
vt 0.772583 0.710110
vt 0.043212 0.173176
vt 0.032764 0.170773
vt 0.039890 0.186740
vt 0.742842 0.158563
vt 0.753129 0.158565
vt 0.012345 0.186761
vt 0.022315 0.169457
vt 0.014441 0.169782
vt 0.223539 0.740137
vt 0.232287 0.731785
vt 0.237131 0.744473
vt 0.571420 0.509638
vt 0.580456 0.508008
vt 0.571392 0.503726
vt 0.173474 0.589703
vt 0.175997 0.585388
vt 0.434093 0.183863
vt 0.516630 0.089237
vt 0.515453 0.097099
vt 0.533520 0.102187
vt 0.749364 0.591357
vt 0.749559 0.619936
vt 0.766449 0.606986
vt 0.514793 0.102176
vt 0.119662 0.151835
vt 0.115333 0.162555
vt 0.123895 0.155109
vt 0.109594 0.147903
vt 0.110207 0.159130
vt 0.114833 0.149401
vt 0.093456 0.149401
vt 0.098112 0.159130
vt 0.098696 0.147903
vt 0.084395 0.155109
vt 0.092986 0.162555
vt 0.088628 0.151835
vt 0.082686 0.157297
vt 0.513348 0.739257
vt 0.516190 0.743426
vt 0.520181 0.740512
vt 0.535431 0.729815
vt 0.523310 0.734381
vt 0.525232 0.737422
vt 0.525059 0.747960
vt 0.523664 0.742947
vt 0.534988 0.750108
vt 0.528679 0.744778
vt 0.531995 0.739769
vt 0.526350 0.739856
vt 0.193958 0.721390
vt 0.198502 0.706331
vt 0.206919 0.713973
vt 0.202809 0.703155
vt 0.207693 0.700833
vt 0.212123 0.710667
vt 0.212965 0.699456
vt 0.218425 0.699076
vt 0.218196 0.709604
vt 0.223861 0.699708
vt 0.171434 0.562042
vt 0.109660 0.563184
vt 0.119601 0.565004
vt 0.250145 0.717364
vt 0.242042 0.711328
vt 0.157902 0.709640
vt 0.153878 0.710909
vt 0.155198 0.724507
vt 0.146104 0.726735
vt 0.127236 0.727354
vt 0.135332 0.727837
vt 0.125411 0.710336
vt 0.109411 0.716635
vt 0.870960 0.432605
vt 0.872466 0.445481
vt 0.876497 0.431138
vt 0.183149 0.389402
vt 0.173030 0.433394
vt 0.198841 0.384483
vt 0.884761 0.430230
vt 0.767257 0.598736
vt 0.486790 0.471418
vt 0.357282 0.374499
vt 0.350087 0.385804
vt 0.901165 0.430111
vt 0.893147 0.437811
vt 0.214000 0.374981
vt 0.216623 0.381931
vt 0.220590 0.387953
vt 0.284205 0.583189
vt 0.369476 0.595232
vt 0.369731 0.585251
vt 0.230689 0.396490
vt 0.242266 0.401659
vt 0.255746 0.403706
vt 0.310520 0.402706
vt 0.296864 0.400898
vt 0.309699 0.432005
vt 0.291402 0.400469
vt 0.324790 0.401062
vt 0.925393 0.785370
vt 0.937077 0.785370
vt 0.931271 0.701038
vt 0.476002 0.477937
vt 0.338935 0.395194
vt 0.768286 0.619925
vt 0.767626 0.614848
vt 0.194365 0.738120
vt 0.195983 0.741334
vt 0.203096 0.731110
vt 0.740747 0.731277
vt 0.754131 0.710140
vt 0.740357 0.710398
vt 0.043884 0.188102
vt 0.046529 0.190147
vt 0.050047 0.193034
vt 0.050987 0.177548
vt 0.079163 0.189932
vt 0.078539 0.180076
vt 0.074955 0.183626
vt 0.128038 0.188358
vt 0.128038 0.159100
vt 0.119961 0.173729
vt 0.054061 0.195180
vt 0.058416 0.196501
vt 0.056979 0.183626
vt 0.786505 0.269504
vt 0.790090 0.271649
vt 0.791265 0.266924
vt 0.118758 0.179776
vt 0.168240 0.702799
vt 0.170891 0.714417
vt 0.172625 0.701579
vt 0.164760 0.720355
vt 0.164178 0.704851
vt 0.160594 0.707656
vt 0.237992 0.707243
vt 0.233836 0.703872
vt 0.229260 0.714490
vt 0.128383 0.569591
vt 0.130853 0.573937
vt 0.535431 0.739969
vt 0.278339 0.401050
vt 0.269682 0.402580
vt 0.259629 0.455693
vt 0.259612 0.471368
vt 0.274735 0.463567
vt 0.515822 0.080986
vt 0.533715 0.073608
vt 0.123895 0.192348
vt 0.114833 0.198056
vt 0.119662 0.195623
vt 0.115333 0.184902
vt 0.093456 0.198056
vt 0.098696 0.199555
vt 0.098112 0.188328
vt 0.084395 0.192348
vt 0.088628 0.195623
vt 0.092986 0.184902
vt 0.082686 0.190161
vt 0.771815 0.232112
vt 0.764068 0.230840
vt 0.763353 0.245672
vt 0.435784 0.656767
vt 0.436700 0.650768
vt 0.432627 0.654325
vt 0.434105 0.593818
vt 0.430988 0.596333
vt 0.435334 0.599720
vt 0.825323 0.296462
vt 0.815033 0.272824
vt 0.813860 0.277552
vt 0.507340 0.869261
vt 0.508974 0.883011
vt 0.466996 0.480249
vt 0.109112 0.378393
vt 0.088668 0.438920
vt 0.095256 0.451131
vt 0.580593 0.515553
vt 0.591872 0.515061
vt 0.571415 0.487163
vt 0.571390 0.493075
vt 0.580452 0.488790
vt 0.368695 0.757308
vt 0.591872 0.481748
vt 0.580582 0.481275
vt 0.935490 0.066977
vt 0.928095 0.070144
vt 0.935312 0.075018
vt 0.929062 0.057312
vt 0.921587 0.054341
vt 0.923268 0.062890
vt 0.931333 0.045931
vt 0.928134 0.038553
vt 0.923291 0.045794
vt 0.940317 0.039600
vt 0.941920 0.032374
vt 0.935370 0.033704
vt 0.943318 0.054370
vt 0.942582 0.069601
vt 0.151477 0.967993
vt 0.160055 0.967283
vt 0.160235 0.963070
vt 0.151478 0.978636
vt 0.160238 0.983556
vt 0.160057 0.979343
vt 0.793709 0.248417
vt 0.785380 0.261974
vt 0.741517 0.237369
vt 0.734900 0.242594
vt 0.745587 0.252048
vt 0.785887 0.239505
vt 0.780425 0.253725
vt 0.791970 0.245342
vt 0.739862 0.259783
vt 0.732910 0.245517
vt 0.738020 0.267170
vt 0.798330 0.260489
vt 0.803148 0.259764
vt 0.827509 0.249983
vt 0.811796 0.263832
vt 0.814309 0.268006
vt 0.794156 0.263003
vt 0.785352 0.294588
vt 0.793327 0.280641
vt 0.790813 0.276466
vt 0.797246 0.283535
vt 0.801975 0.284709
vt 0.806793 0.283984
vt 0.810967 0.281471
vt 0.807876 0.260938
vt 0.506832 0.863537
vt 0.492484 0.790917
vt 0.495046 0.768208
vt 0.490832 0.776909
vt 0.697407 0.290465
vt 0.697731 0.283732
vt 0.694633 0.286546
vt 0.509770 0.828347
vt 0.508747 0.842842
vt 0.681947 0.275778
vt 0.678421 0.275621
vt 0.681008 0.277796
vt 0.479926 0.784807
vt 0.507288 0.851615
vt 0.684689 0.237538
vt 0.679327 0.243008
vt 0.683486 0.241905
vt 0.067036 0.750524
vt 0.069798 0.751669
vt 0.073078 0.749030
vt 0.202628 0.493145
vt 0.199487 0.495170
vt 0.198254 0.547542
vt 0.192363 0.718465
vt 0.193215 0.708625
vt 0.188863 0.714833
vt 0.077956 0.716058
vt 0.062014 0.706176
vt 0.059718 0.713541
vt 0.065876 0.700837
vt 0.304259 0.992136
vt 0.293832 0.993788
vt 0.401197 0.123144
vt 0.400237 0.127970
vt 0.401197 0.132795
vt 0.512568 0.073608
vt 0.754509 0.722976
vt 0.763745 0.426022
vt 0.824272 0.405577
vt 0.751534 0.419434
vt 0.460758 0.676478
vt 0.480205 0.680399
vt 0.501731 0.681748
vt 0.321767 0.485216
vt 0.416725 0.486272
vt 0.320018 0.478864
vt 0.089561 0.179776
vt 0.080201 0.177188
vt 0.081045 0.189560
vt 0.770510 0.591357
vt 0.436218 0.482584
vt 0.314524 0.465331
vt 0.317134 0.470766
vt 0.118758 0.167682
vt 0.232566 0.719694
vt 0.089561 0.167682
vt 0.080994 0.160472
vt 0.081045 0.173729
vt 0.088358 0.173729
vt 0.393572 0.598357
vt 0.390383 0.597322
vt 0.355039 0.641505
vt 0.754664 0.731755
vt 0.239048 0.577457
vt 0.324598 0.576396
vt 0.324474 0.566416
vt 0.119426 0.481505
vt 0.578241 0.047497
vt 0.585288 0.047241
vt 0.585288 0.035169
vt 0.571194 0.035169
vt 0.571194 0.047241
vt 0.089056 0.850275
vt 0.083498 0.858593
vt 0.087104 0.860087
vt 0.094613 0.858593
vt 0.097373 0.855833
vt 0.091007 0.860087
vt 0.080738 0.844718
vt 0.079244 0.848324
vt 0.098867 0.852227
vt 0.079244 0.852227
vt 0.080738 0.855833
vt 0.098867 0.848324
vt 0.097373 0.844718
vt 0.094613 0.841958
vt 0.091007 0.840464
vt 0.087104 0.840464
vt 0.083498 0.841958
vt 0.721172 0.395256
vt 0.352877 0.557330
vt 0.320329 0.512378
vt 0.350945 0.561333
vt 0.893077 0.429831
vt 0.925429 0.790931
vt 0.917173 0.788756
vt 0.937113 0.790931
vt 0.945152 0.788756
vt 0.074168 0.422769
vt 0.055991 0.410879
vt 0.037474 0.404055
vt 0.019386 0.378393
vt 0.779896 0.440522
vt 0.798610 0.477216
vt 0.801806 0.495304
vt 0.824273 0.495304
vt 0.791786 0.458699
vt 0.019386 0.400859
vt 0.403931 0.119053
vt 0.402146 0.134946
vt 0.402784 0.136430
vt 0.403743 0.137234
vt 0.399976 0.787528
vt 0.345405 0.564580
vt 0.315069 0.526090
vt 0.756234 0.231362
vt 0.399660 0.611675
vt 0.397768 0.604658
vt 0.357844 0.644081
vt 0.728909 0.412057
vt 0.735816 0.414342
vt 0.734462 0.411260
vt 0.354853 0.550336
vt 0.100346 0.466849
vt 0.102629 0.473757
vt 0.109118 0.463635
vt 0.395884 0.600632
vt 0.104850 0.477911
vt 0.536550 0.717438
vt 0.535465 0.702038
vt 0.406707 0.785454
vt 0.491734 0.461611
vt 0.493004 0.446225
vt 0.363988 0.376654
vt 0.404032 0.628134
vt 0.401022 0.618808
vt 0.359550 0.650631
vt 0.742327 0.416020
vt 0.356301 0.543219
vt 0.359422 0.533931
vt 0.321962 0.505974
vt 0.098669 0.460337
vt 0.457759 0.481494
vt 0.200509 0.441888
vt 0.212306 0.441859
vt 0.213224 0.486639
vt 0.200369 0.486716
vt 0.176584 0.808649
vt 0.175744 0.815370
vt 0.175227 0.821049
vt 0.908437 0.215315
vt 0.908437 0.277093
vt 0.913845 0.277093
vt 0.913845 0.215315
vt 0.919196 0.277093
vt 0.919196 0.215315
vt 0.870082 0.215315
vt 0.870082 0.277093
vt 0.875835 0.277093
vt 0.875835 0.215315
vt 0.881186 0.277093
vt 0.881186 0.215315
vt 0.886593 0.277093
vt 0.886593 0.215315
vt 0.892043 0.277093
vt 0.892043 0.215315
vt 0.897515 0.277093
vt 0.897515 0.215315
vt 0.902988 0.277093
vt 0.902988 0.215315
vt 0.892964 0.365391
vt 0.893066 0.419348
vt 0.901869 0.419409
vt 0.901630 0.366640
vt 0.770255 0.626635
vt 0.756205 0.626654
vt 0.225338 0.889789
vt 0.215358 0.889797
vt 0.213265 0.903933
vt 0.225338 0.903924
vt 0.909591 0.419359
vt 0.909328 0.368943
vt 0.916009 0.419166
vt 0.915909 0.372440
vt 0.292055 0.981992
vt 0.336189 0.980774
vt 0.338459 0.975155
vt 0.921972 0.277093
vt 0.925570 0.277093
vt 0.925570 0.215315
vt 0.921972 0.215315
vt 0.115013 0.701604
vt 0.114538 0.723292
vt 0.023463 0.662336
vt 0.026425 0.653943
vt 0.023205 0.652975
vt 0.020156 0.661616
vt 0.931822 0.336725
vt 0.931822 0.351012
vt 0.935205 0.351012
vt 0.935205 0.336725
vt 0.931822 0.270794
vt 0.931822 0.284173
vt 0.935205 0.284173
vt 0.935205 0.270794
vt 0.019668 0.693588
vt 0.016642 0.693331
vt 0.931822 0.240855
vt 0.931822 0.256297
vt 0.935205 0.256297
vt 0.935205 0.240855
vt 0.931822 0.186115
vt 0.931822 0.199251
vt 0.935205 0.199251
vt 0.935205 0.186115
vt 0.931822 0.297588
vt 0.935205 0.297588
vt 0.931822 0.310245
vt 0.931822 0.323741
vt 0.935205 0.323741
vt 0.935205 0.310245
vt 0.020446 0.679746
vt 0.017093 0.679547
vt 0.029952 0.639829
vt 0.026599 0.639394
vt 0.935205 0.117030
vt 0.935205 0.109509
vt 0.931822 0.109509
vt 0.931822 0.117030
vt 0.030149 0.625335
vt 0.026703 0.612153
vt 0.023574 0.613463
vt 0.026785 0.625744
vt 0.547173 0.022442
vt 0.541430 0.022442
vt 0.541430 0.024887
vt 0.547176 0.024887
vt 0.931822 0.212317
vt 0.931822 0.226488
vt 0.935205 0.226488
vt 0.935205 0.212317
vt 0.931822 0.161086
vt 0.931822 0.173613
vt 0.935205 0.173613
vt 0.935205 0.161086
vt 0.931822 0.148318
vt 0.935205 0.148318
vt 0.931822 0.135276
vt 0.935205 0.135276
vt 0.533795 0.696780
vt 0.530639 0.692171
vt 0.191540 0.441759
vt 0.019413 0.599920
vt 0.016796 0.602090
vt 0.368910 0.226272
vt 0.384086 0.226375
vt 0.384112 0.214512
vt 0.369115 0.214444
vt 0.301125 0.226038
vt 0.314724 0.226048
vt 0.314847 0.214272
vt 0.301119 0.214210
vt 0.271038 0.226076
vt 0.286473 0.226046
vt 0.286435 0.214161
vt 0.270936 0.214175
vt 0.215496 0.226377
vt 0.229428 0.226267
vt 0.229054 0.214670
vt 0.215702 0.214824
vt 0.328710 0.226079
vt 0.328749 0.214317
vt 0.341756 0.226125
vt 0.355625 0.226193
vt 0.355773 0.214396
vt 0.341866 0.214309
vt 0.412977 0.192377
vt 0.414484 0.213626
vt 0.418045 0.213610
vt 0.416796 0.195166
vt 0.242561 0.226185
vt 0.256698 0.226121
vt 0.256510 0.214301
vt 0.242278 0.214440
vt 0.190737 0.226631
vt 0.203216 0.226493
vt 0.203075 0.214946
vt 0.190438 0.215154
vt 0.147812 0.227133
vt 0.147560 0.210268
vt 0.141851 0.206159
vt 0.140162 0.227224
vt 0.177423 0.226791
vt 0.177553 0.215265
vt 0.164186 0.226952
vt 0.164580 0.215107
vt 0.583349 0.137554
vt 0.583927 0.151019
vt 0.586178 0.151016
vt 0.586161 0.137550
vt 0.884260 0.419460
vt 0.876523 0.419464
vt 0.597010 0.022442
vt 0.582530 0.022442
vt 0.582530 0.024887
vt 0.597010 0.024886
vt 0.402524 0.226510
vt 0.406770 0.226542
vt 0.406849 0.206159
vt 0.402553 0.209782
vt 0.436121 0.201891
vt 0.430596 0.202092
vt 0.431449 0.213558
vt 0.436733 0.213526
vt 0.164414 0.441482
vt 0.152016 0.441556
vt 0.153686 0.463931
vt 0.166049 0.463843
vt 0.931822 0.370148
vt 0.931822 0.375336
vt 0.935205 0.375336
vt 0.935205 0.370148
vt 0.177794 0.441563
vt 0.179254 0.463763
vt 0.154807 0.213606
vt 0.155474 0.227044
vt 0.276053 0.487607
vt 0.261573 0.487616
vt 0.472650 0.201388
vt 0.460415 0.201437
vt 0.461213 0.213384
vt 0.473538 0.213308
vt 0.664126 0.192537
vt 0.657820 0.196954
vt 0.656923 0.212778
vt 0.663270 0.212785
vt 0.218601 0.486714
vt 0.218290 0.471097
vt 0.565780 0.200415
vt 0.551903 0.200555
vt 0.551386 0.212833
vt 0.564843 0.212797
vt 0.484112 0.201158
vt 0.485149 0.213223
vt 0.640445 0.200683
vt 0.627669 0.200454
vt 0.627598 0.212747
vt 0.640038 0.212761
vt 0.591096 0.200389
vt 0.578457 0.200230
vt 0.577283 0.212773
vt 0.590907 0.212757
vt 0.603192 0.200389
vt 0.602807 0.212751
vt 0.448693 0.201452
vt 0.449253 0.213452
vt 0.931822 0.357306
vt 0.935205 0.357306
vt 0.425224 0.200920
vt 0.425949 0.213581
vt 0.508904 0.201007
vt 0.496393 0.201076
vt 0.497523 0.213135
vt 0.509927 0.213048
vt 0.615328 0.200332
vt 0.614822 0.212744
vt 0.420091 0.197923
vt 0.420819 0.213599
vt 0.945152 0.700809
vt 0.139093 0.441903
vt 0.132257 0.443168
vt 0.133817 0.464103
vt 0.140963 0.464035
vt 0.390583 0.226421
vt 0.390583 0.214535
vt 0.935205 0.363483
vt 0.931822 0.363483
vt 0.537844 0.200755
vt 0.522794 0.200905
vt 0.523414 0.212963
vt 0.537855 0.212886
vt 0.396698 0.213159
vt 0.396675 0.226466
vt 0.650245 0.199875
vt 0.649331 0.212772
vt 0.931822 0.381250
vt 0.935205 0.381250
vt 0.139996 0.379716
vt 0.163134 0.379491
vt 0.159829 0.373996
vt 0.139996 0.374240
vt 0.278243 0.980471
vt 0.931822 0.125247
vt 0.935205 0.125247
vt 0.207714 0.374499
vt 0.196112 0.381493
vt 0.140819 0.019281
vt 0.140819 0.005419
vt 0.128746 0.005410
vt 0.130839 0.019547
vt 0.624842 0.022442
vt 0.610618 0.022442
vt 0.610618 0.024886
vt 0.624842 0.024886
vt 0.527582 0.022442
vt 0.527582 0.024886
vt 0.568000 0.022442
vt 0.559110 0.022442
vt 0.559107 0.024887
vt 0.568000 0.024887
vt 0.638807 0.022635
vt 0.638807 0.024886
vt 0.581775 0.115641
vt 0.582516 0.127887
vt 0.586150 0.127883
vt 0.586178 0.115704
vt 0.760893 0.285946
vt 0.760921 0.273294
vt 0.760914 0.279720
vt 0.759047 0.279647
vt 0.072051 0.739465
vt 0.060585 0.738787
vt 0.063335 0.745726
vt 0.072773 0.744623
vt 0.754667 0.886007
vt 0.754485 0.864150
vt 0.740093 0.864095
vt 0.740409 0.885775
vt 0.772868 0.825158
vt 0.787700 0.824295
vt 0.787736 0.802464
vt 0.772850 0.802779
vt 0.772465 0.922680
vt 0.786893 0.923333
vt 0.786858 0.917583
vt 0.772447 0.917069
vt 0.754962 0.911134
vt 0.754889 0.904887
vt 0.740697 0.904642
vt 0.740795 0.911276
vt 0.787615 0.780636
vt 0.772767 0.780435
vt 0.754997 0.922703
vt 0.754998 0.917093
vt 0.740856 0.917651
vt 0.740839 0.923404
vt 0.754407 0.756361
vt 0.754532 0.749675
vt 0.740382 0.749839
vt 0.740094 0.757091
vt 0.772802 0.864122
vt 0.787468 0.864027
vt 0.787597 0.844105
vt 0.772850 0.845407
vt 0.740779 0.738060
vt 0.754712 0.738028
vt 0.754721 0.734949
vt 0.740813 0.734723
vt 0.754774 0.895505
vt 0.772605 0.895478
vt 0.772684 0.885980
vt 0.346248 0.739998
vt 0.346248 0.758010
vt 0.356571 0.758305
vt 0.356571 0.740392
vt 0.170329 0.954185
vt 0.172168 0.966258
vt 0.255870 0.963043
vt 0.255698 0.948755
vt 0.772464 0.911109
vt 0.772518 0.904860
vt 0.424486 0.656956
vt 0.358873 0.681109
vt 0.996819 0.280248
vt 0.974352 0.280248
vt 0.974352 0.298318
vt 0.996819 0.298318
vt 0.067474 0.196501
vt 0.068963 0.185931
vt 0.538826 0.186568
vt 0.586629 0.186536
vt 0.586629 0.157278
vt 0.538826 0.157246
vt 0.259765 0.726371
vt 0.259189 0.731300
vt 0.962941 0.442991
vt 0.925875 0.442991
vt 0.925875 0.446691
vt 0.962941 0.446691
vt 0.962941 0.391201
vt 0.962941 0.387502
vt 0.925875 0.387502
vt 0.925875 0.391201
vt 0.925875 0.417096
vt 0.962941 0.417096
vt 0.962941 0.413397
vt 0.925875 0.413397
vt 0.962941 0.409698
vt 0.925875 0.409697
vt 0.962941 0.405998
vt 0.925875 0.405998
vt 0.962941 0.394900
vt 0.925875 0.394900
vt 0.925875 0.428194
vt 0.925875 0.431893
vt 0.962941 0.431893
vt 0.962941 0.428194
vt 0.925875 0.398600
vt 0.962941 0.398600
vt 0.264204 0.599249
vt 0.264547 0.588113
vt 0.482794 0.515054
vt 0.571383 0.515142
vt 0.473327 0.509398
vt 0.461922 0.503383
vt 0.571391 0.498400
vt 0.461809 0.498423
vt 0.518184 0.152948
vt 0.447848 0.148498
vt 0.447848 0.195042
vt 0.518184 0.190866
vt 0.228752 0.560983
vt 0.228664 0.572930
vt 0.240524 0.560896
vt 0.172170 0.980365
vt 0.172181 0.973312
vt 0.159985 0.973313
vt 0.289580 0.440143
vt 0.276168 0.439591
vt 0.287466 0.463606
vt 0.410347 0.640488
vt 0.360043 0.665888
vt 0.980572 0.019805
vt 0.980572 0.001953
vt 0.962462 0.001953
vt 0.962561 0.019805
vt 0.317589 0.520570
vt 0.348606 0.563580
vt 0.232143 0.441333
vt 0.218494 0.441734
vt 0.218241 0.456065
vt 0.231551 0.455859
vt 0.261623 0.439528
vt 0.246387 0.441044
vt 0.245699 0.455724
vt 0.020940 0.674017
vt 0.017630 0.673308
vt 0.703617 0.369021
vt 0.724762 0.369260
vt 0.724762 0.360170
vt 0.703617 0.360409
vt 0.104145 0.147397
vt 0.104160 0.157927
vt 0.224214 0.710947
vt 0.229064 0.701327
vt 0.247567 0.146215
vt 0.242160 0.146294
vt 0.243067 0.208065
vt 0.248474 0.207986
vt 0.236809 0.146373
vt 0.237717 0.208144
vt 0.285918 0.145651
vt 0.280166 0.145736
vt 0.281073 0.207507
vt 0.286825 0.207422
vt 0.274815 0.145814
vt 0.275722 0.207585
vt 0.269408 0.145894
vt 0.270316 0.207665
vt 0.263959 0.145974
vt 0.264867 0.207745
vt 0.258488 0.146054
vt 0.259395 0.207825
vt 0.253016 0.146134
vt 0.253923 0.207906
vt 0.884300 0.365376
vt 0.145567 0.147712
vt 0.146340 0.200330
vt 0.153231 0.200943
vt 0.152447 0.147608
vt 0.929653 0.892514
vt 0.941725 0.892514
vt 0.941725 0.808740
vt 0.929653 0.808740
vt 0.876616 0.364727
vt 0.159907 0.202079
vt 0.159105 0.147506
vt 0.126911 0.391091
vt 0.118955 0.433962
vt 0.870082 0.363918
vt 0.870082 0.419298
vt 0.187554 0.208880
vt 0.186646 0.147091
vt 0.199667 0.208702
vt 0.198760 0.146931
vt 0.194210 0.146998
vt 0.195117 0.208769
vt 0.204218 0.208636
vt 0.203311 0.146865
vt 0.208768 0.208569
vt 0.207861 0.146798
vt 0.213319 0.208502
vt 0.212412 0.146731
vt 0.217869 0.208435
vt 0.216962 0.146664
vt 0.182877 0.385585
vt 0.127513 0.387177
vt 0.191773 0.208818
vt 0.190865 0.147036
vt 0.230369 0.146467
vt 0.231276 0.208238
vt 0.233194 0.208210
vt 0.232287 0.146439
vt 0.234941 0.208184
vt 0.234034 0.146413
vt 0.335986 0.983758
vt 0.119707 0.706687
vt 0.121144 0.726132
vt 0.178079 0.487273
vt 0.164725 0.487521
vt 0.944836 0.337378
vt 0.941456 0.337378
vt 0.941456 0.351657
vt 0.944836 0.351657
vt 0.944836 0.271483
vt 0.941456 0.271483
vt 0.941456 0.284855
vt 0.944836 0.284855
vt 0.944836 0.241560
vt 0.941456 0.241560
vt 0.941456 0.256994
vt 0.944836 0.256994
vt 0.944836 0.186851
vt 0.941456 0.186851
vt 0.941456 0.199979
vt 0.944836 0.199979
vt 0.941456 0.298262
vt 0.944836 0.298262
vt 0.944836 0.310912
vt 0.941456 0.310912
vt 0.941456 0.324401
vt 0.944836 0.324401
vt 0.941456 0.117804
vt 0.944836 0.117804
vt 0.944836 0.110287
vt 0.941456 0.110287
vt 0.944836 0.213038
vt 0.941456 0.213038
vt 0.941456 0.227201
vt 0.944836 0.227201
vt 0.944836 0.161835
vt 0.941456 0.161835
vt 0.941456 0.174355
vt 0.944836 0.174355
vt 0.944836 0.149074
vt 0.941456 0.149074
vt 0.944836 0.136040
vt 0.941456 0.136040
vt 0.522941 0.226311
vt 0.509078 0.226384
vt 0.143773 0.199718
vt 0.142980 0.145651
vt 0.368947 0.239452
vt 0.383929 0.239597
vt 0.301119 0.239171
vt 0.314810 0.239133
vt 0.270995 0.239269
vt 0.286465 0.239233
vt 0.215912 0.239188
vt 0.229218 0.239135
vt 0.328672 0.239154
vt 0.341753 0.239264
vt 0.355628 0.239328
vt 0.413181 0.235057
vt 0.416899 0.233308
vt 0.242401 0.239208
vt 0.256597 0.239228
vt 0.190730 0.239394
vt 0.203331 0.239309
vt 0.142309 0.249518
vt 0.147935 0.245267
vt 0.177867 0.239613
vt 0.164899 0.240088
vt 0.402284 0.244603
vt 0.406523 0.248289
vt 0.551973 0.226408
vt 0.537952 0.226308
vt 0.657813 0.229967
vt 0.664126 0.234395
vt 0.944836 0.370783
vt 0.941456 0.370783
vt 0.941456 0.375967
vt 0.944836 0.375967
vt 0.191791 0.486924
vt 0.155135 0.241782
vt 0.460559 0.226582
vt 0.448820 0.226682
vt 0.472808 0.226492
vt 0.289410 0.487136
vt 0.420178 0.230512
vt 0.496575 0.226487
vt 0.484285 0.226571
vt 0.640411 0.226193
vt 0.627660 0.226387
vt 0.436240 0.226379
vt 0.430685 0.226236
vt 0.615334 0.226500
vt 0.603210 0.226459
vt 0.941456 0.357948
vt 0.944836 0.357948
vt 0.425301 0.227459
vt 0.650228 0.227034
vt 0.578482 0.226636
vt 0.565822 0.226488
vt 0.152347 0.487616
vt 0.390395 0.239669
vt 0.944836 0.364121
vt 0.941456 0.364121
vt 0.396484 0.241138
vt 0.591117 0.226480
vt 0.139445 0.487467
vt 0.944836 0.381250
vt 0.941456 0.381250
vt 0.118826 0.373996
vt 0.116747 0.379491
vt 0.132611 0.486325
vt 0.944836 0.126016
vt 0.941456 0.126016
vt 0.170334 0.992438
vt 0.255701 0.997845
vt 0.255870 0.983558
vt 0.879524 0.158355
vt 0.772542 0.928138
vt 0.754935 0.928159
vt 0.754037 0.943581
vt 0.773491 0.943562
vt 0.787213 0.885711
vt 0.787105 0.895150
vt 0.786305 0.737968
vt 0.772109 0.737996
vt 0.772187 0.742524
vt 0.786458 0.742470
vt 0.786900 0.911210
vt 0.786979 0.904577
vt 0.754378 0.845438
vt 0.754293 0.825191
vt 0.739735 0.824379
vt 0.739905 0.844180
vt 0.772482 0.756327
vt 0.787068 0.756988
vt 0.786749 0.749737
vt 0.772332 0.749641
vt 0.754228 0.802814
vt 0.739617 0.802557
vt 0.740544 0.895213
vt 0.754651 0.742556
vt 0.740643 0.742566
vt 0.739031 0.405575
vt 0.724756 0.409834
vt 0.740739 0.929078
vt 0.740149 0.944550
vt 0.529314 0.187051
vt 0.529320 0.156766
vt 0.062945 0.196947
vt 0.062945 0.185921
vt 0.069311 0.153742
vt 0.069318 0.175433
vt 0.072155 0.173001
vt 0.072155 0.152054
vt 0.008478 0.170886
vt 0.006705 0.190299
vt 0.001954 0.173597
vt 0.001965 0.195287
vt 0.181681 0.701788
vt 0.177163 0.701237
vt 0.176908 0.712260
vt 0.182925 0.712389
vt 0.259417 0.721422
vt 0.925875 0.435593
vt 0.925875 0.439292
vt 0.962941 0.439292
vt 0.962941 0.435593
vt 0.925875 0.424495
vt 0.962941 0.424495
vt 0.962941 0.402299
vt 0.925875 0.402299
vt 0.925875 0.420796
vt 0.962941 0.420796
vt 0.219440 0.572300
vt 0.219234 0.561159
vt 0.461920 0.493462
vt 0.232193 0.487057
vt 0.231582 0.471233
vt 0.245708 0.471333
vt 0.246390 0.487322
vt 0.125692 0.484622
vt 0.127187 0.464175
vt 0.985365 0.979321
vt 0.985558 0.998047
vt 0.994170 0.998047
vt 0.994363 0.979321
vt 0.109594 0.199555
vt 0.110207 0.188328
vt 0.104145 0.200061
vt 0.104160 0.189530
vt 0.037754 0.015248
vt 0.029905 0.015254
vt 0.029908 0.019624
vt 0.037757 0.019618
vt 0.021949 0.015260
vt 0.021952 0.019630
vt 0.013940 0.015266
vt 0.013943 0.019636
vt 0.005967 0.015272
vt 0.005514 0.019643
vt 0.001978 0.019646
vt 0.001964 0.015159
vt 0.748615 0.233657
vt 0.753836 0.247093
vt 0.045607 0.019612
vt 0.045604 0.015242
vt 0.053562 0.019606
vt 0.053559 0.015236
vt 0.061571 0.019600
vt 0.061568 0.015230
vt 0.070001 0.019595
vt 0.069541 0.015224
vt 0.073532 0.019593
vt 0.073532 0.015179
vt 0.438565 0.630111
vt 0.438565 0.625138
vt 0.420352 0.625653
vt 0.421370 0.633436
vt 0.426500 0.602923
vt 0.423081 0.610165
vt 0.437725 0.614713
vt 0.436793 0.608191
vt 0.437705 0.642189
vt 0.438286 0.635606
vt 0.423951 0.640961
vt 0.427775 0.647999
vt 0.420929 0.617824
vt 0.438298 0.620175
vt 0.310655 0.526152
vt 0.310999 0.559993
vt 0.398277 0.493283
vt 0.322754 0.490618
vt 0.323091 0.495577
vt 0.380221 0.505356
vt 0.322848 0.500544
vt 0.365885 0.521653
vt 0.482788 0.481783
vt 0.473323 0.487444
vt 0.571376 0.481659
vt 0.702200 0.026179
vt 0.709493 0.026179
vt 0.709493 0.022477
vt 0.702200 0.022477
vt 0.756244 0.022477
vt 0.756244 0.026179
vt 0.765595 0.026179
vt 0.765595 0.022477
vt 0.746894 0.026179
vt 0.746894 0.022477
vt 0.737544 0.026179
vt 0.737544 0.022477
vt 0.728194 0.022477
vt 0.728194 0.026179
vt 0.718843 0.026179
vt 0.718843 0.022477
vt 0.772887 0.026179
vt 0.772887 0.022477
vt 0.676409 0.022477
vt 0.676409 0.026179
vt 0.798596 0.026179
vt 0.798596 0.022477
vt 0.967039 0.069666
vt 0.941871 0.076371
vt 0.967020 0.076446
vt 0.967061 0.032344
vt 0.967068 0.039122
vt 0.967068 0.054394
vt 0.151485 0.973314
vt 0.779178 0.235129
vt 0.772690 0.248001
vt 0.251815 0.010042
vt 0.251815 0.016155
vt 0.254740 0.016155
vt 0.254740 0.010042
vt 0.248890 0.010042
vt 0.248890 0.016155
vt 0.257665 0.010042
vt 0.257665 0.016155
vt 0.260591 0.016155
vt 0.260591 0.010042
vt 0.269366 0.010042
vt 0.266441 0.010042
vt 0.266441 0.016155
vt 0.269366 0.016155
vt 0.222564 0.016155
vt 0.225489 0.016155
vt 0.225489 0.010042
vt 0.222564 0.010042
vt 0.234265 0.010042
vt 0.234265 0.016155
vt 0.237190 0.016155
vt 0.237190 0.010042
vt 0.263516 0.016155
vt 0.263516 0.010042
vt 0.240115 0.016155
vt 0.240115 0.010042
vt 0.245965 0.010042
vt 0.243040 0.010042
vt 0.243040 0.016155
vt 0.245965 0.016155
vt 0.228414 0.016155
vt 0.228414 0.010042
vt 0.231339 0.016155
vt 0.231339 0.010042
vt 0.592432 0.016191
vt 0.594774 0.016191
vt 0.594774 0.010676
vt 0.592432 0.010676
vt 0.611168 0.016191
vt 0.613509 0.016191
vt 0.613509 0.010676
vt 0.611168 0.010676
vt 0.590090 0.016191
vt 0.590090 0.010676
vt 0.599458 0.016191
vt 0.601800 0.016191
vt 0.601800 0.010676
vt 0.599458 0.010676
vt 0.580722 0.016191
vt 0.583064 0.016191
vt 0.583064 0.010676
vt 0.580722 0.010676
vt 0.597116 0.016191
vt 0.597116 0.010676
vt 0.604142 0.016191
vt 0.604142 0.010676
vt 0.606484 0.016191
vt 0.606484 0.010676
vt 0.608826 0.016191
vt 0.608826 0.010676
vt 0.585406 0.016191
vt 0.587748 0.016191
vt 0.587748 0.010676
vt 0.585406 0.010676
vt 0.615851 0.016191
vt 0.618193 0.016191
vt 0.618193 0.010676
vt 0.615851 0.010676
vt 0.699644 0.243999
vt 0.704740 0.247092
vt 0.671332 0.285424
vt 0.157419 0.555977
vt 0.157236 0.494164
vt 0.148318 0.493985
vt 0.146997 0.555749
vt 0.192424 0.495001
vt 0.191160 0.548715
vt 0.265241 0.536891
vt 0.266235 0.494643
vt 0.258037 0.494450
vt 0.256980 0.539340
vt 0.178484 0.494665
vt 0.177142 0.551654
vt 0.185065 0.549925
vt 0.186362 0.494855
vt 0.249839 0.494257
vt 0.248744 0.540734
vt 0.139785 0.493803
vt 0.138464 0.555567
vt 0.241640 0.494064
vt 0.240525 0.541433
vt 0.967919 0.908022
vt 0.981176 0.908022
vt 0.981176 0.846244
vt 0.967858 0.846244
vt 0.233442 0.493871
vt 0.232295 0.542574
vt 0.112584 0.493221
vt 0.109025 0.493145
vt 0.107759 0.554910
vt 0.111264 0.554985
vt 0.225244 0.493678
vt 0.224060 0.543957
vt 0.115916 0.493293
vt 0.114595 0.555056
vt 0.217045 0.493485
vt 0.215824 0.545342
vt 0.120959 0.493400
vt 0.119638 0.555164
vt 0.126057 0.555301
vt 0.127378 0.493538
vt 0.166554 0.553925
vt 0.167955 0.494413
vt 0.207871 0.493269
vt 0.206613 0.546690
vt 0.132074 0.555430
vt 0.133394 0.493666
vt 0.683858 0.266747
vt 0.674177 0.266318
vt 0.677286 0.273869
vt 0.682362 0.274094
vt 0.087441 0.019619
vt 0.087441 0.009169
vt 0.079784 0.009333
vt 0.079784 0.019619
vt 0.073190 0.722791
vt 0.058621 0.722134
vt 0.059155 0.730873
vt 0.071165 0.730895
vt 0.339113 0.986577
vt 0.271982 0.530077
vt 0.272843 0.494798
vt 0.270152 0.494735
vt 0.269204 0.533512
vt 0.112263 0.019619
vt 0.120429 0.019619
vt 0.120429 0.009169
vt 0.112263 0.009169
vt 0.095862 0.019619
vt 0.095862 0.009169
vt 0.104062 0.019619
vt 0.104062 0.009169
vt 0.122515 0.019619
vt 0.122515 0.009064
vt 0.098827 0.078018
vt 0.101616 0.079306
vt 0.101616 0.074903
vt 0.100212 0.074936
vt 0.412848 0.115359
vt 0.408022 0.116319
vt 0.408022 0.139620
vt 0.412848 0.140580
vt 0.422453 0.119053
vt 0.421844 0.136768
vt 0.424397 0.132948
vt 0.424397 0.121528
vt 0.417674 0.116319
vt 0.417674 0.139620
vt 0.973340 0.146924
vt 0.973188 0.271345
vt 0.977371 0.271255
vt 0.977371 0.144860
vt 0.499223 0.757810
vt 0.497837 0.756069
vt 0.496432 0.756108
vt 0.684689 0.258693
vt 0.673153 0.258181
vt 0.684581 0.250597
vt 0.674894 0.250167
vt 0.500821 0.758484
vt 0.501776 0.801686
vt 0.507953 0.760797
vt 0.507451 0.814055
vt 0.515996 0.761729
vt 0.273724 0.599542
vt 0.273781 0.587594
vt 0.285487 0.599766
vt 0.353087 0.729455
vt 0.353958 0.690027
vt 0.355926 0.601492
vt 0.754221 0.780472
vt 0.754298 0.766279
vt 0.739841 0.766867
vt 0.739649 0.780737
vt 0.310037 0.465298
vt 0.772089 0.734916
vt 0.786257 0.734635
vt 0.772698 0.958161
vt 0.754858 0.958174
vt 0.755840 0.977089
vt 0.771737 0.977083
vt 0.756550 0.998045
vt 0.771153 0.998047
vt 0.996168 0.708327
vt 0.996168 0.693773
vt 0.986899 0.693833
vt 0.986899 0.708387
vt 0.447505 0.039398
vt 0.428604 0.039406
vt 0.428208 0.048666
vt 0.447109 0.048658
vt 0.634574 0.965629
vt 0.615673 0.965619
vt 0.616074 0.974879
vt 0.634975 0.974888
vt 0.414032 0.038303
vt 0.413636 0.047563
vt 0.564900 0.050262
vt 0.564942 0.032349
vt 0.479701 0.032349
vt 0.479659 0.050456
vt 0.594808 0.964528
vt 0.595210 0.973788
vt 0.649146 0.964528
vt 0.649547 0.973788
vt 0.468373 0.038303
vt 0.467977 0.047563
vt 0.787011 0.929005
vt 0.787736 0.944474
vt 0.967008 0.914273
vt 0.967008 0.998047
vt 0.979081 0.998047
vt 0.979081 0.914273
vt 0.099787 0.180020
vt 0.098135 0.178368
vt 0.096867 0.179215
vt 0.098941 0.181289
vt 0.101946 0.180915
vt 0.101649 0.182411
vt 0.099788 0.170060
vt 0.101947 0.169166
vt 0.101649 0.167670
vt 0.098940 0.168792
vt 0.106443 0.170060
vt 0.108095 0.171713
vt 0.109363 0.170865
vt 0.107290 0.168792
vt 0.108990 0.173872
vt 0.108989 0.176209
vt 0.110485 0.176506
vt 0.110485 0.173574
vt 0.098135 0.171712
vt 0.096867 0.170865
vt 0.104283 0.180915
vt 0.104581 0.182410
vt 0.097240 0.176209
vt 0.097241 0.173872
vt 0.095745 0.173574
vt 0.095745 0.176507
vt 0.104284 0.169166
vt 0.104581 0.167670
vt 0.108095 0.178368
vt 0.109363 0.179215
vt 0.106443 0.180021
vt 0.107290 0.181289
vt 0.603377 0.910392
vt 0.657213 0.910403
vt 0.657213 0.899539
vt 0.603377 0.899551
vt 0.523006 0.056970
vt 0.494426 0.056970
vt 0.494426 0.065582
vt 0.523006 0.065582
vt 0.917323 0.700809
vt 0.125346 0.445017
vt 0.787363 0.766763
vt 0.772632 0.766242
vt 0.736804 0.292412
vt 0.525784 0.688297
vt 0.481888 0.475235
vt 0.490001 0.466848
s 1
usemtl M_WP_Revolver
f 1/1/1 2/2/2 3/3/3
f 4/4/4 5/5/5 6/6/6
f 3/3/3 7/7/7 8/8/8
f 9/9/9 8/8/8 10/10/10
f 10/10/10 11/11/11 12/12/12
f 7/7/7 11/11/11 10/10/10
f 2/2/2 11/11/11 7/7/7
f 5/5/5 4/4/4 11/11/11
f 4/4/4 12/12/12 11/11/11
f 9/9/9 10/10/10 12/12/12
f 8/8/8 7/7/7 10/10/10
f 3/3/3 2/2/2 7/7/7
s 0
f 13/13/13 14/14/13 15/15/13
f 16/16/13 15/15/13 17/17/13
f 18/18/13 19/19/13 20/20/13
f 21/21/13 22/22/13 23/23/13
f 24/24/13 25/25/13 26/26/13
f 27/27/13 28/28/13 29/29/13
s 1
f 30/30/14 31/31/15 32/32/16
f 33/33/17 34/34/18 35/35/19
f 36/36/20 37/37/21 38/38/22
f 38/38/22 37/37/21 39/39/23
f 40/40/24 41/41/25 42/42/25
f 43/43/26 44/44/27 45/45/28
f 46/46/29 47/47/30 48/48/31
f 49/49/32 50/50/33 46/46/29
f 50/50/33 47/47/30 46/46/29
f 51/51/34 52/52/35 53/53/36
f 54/54/37 55/55/38 56/56/39
f 55/55/38 54/54/37 57/57/40
f 58/58/41 59/59/42 60/60/43
s 0
f 61/61/25 62/62/25 63/63/25
s 1
f 64/64/44 56/56/39 65/65/45
s 0
f 66/66/46 67/67/46 68/68/46
s 1
f 69/69/47 70/70/48 65/65/45
f 71/71/49 72/72/50 73/73/51
f 74/74/52 75/75/53 76/76/54
f 77/77/55 78/78/56 79/79/57
f 80/80/25 81/81/58 82/82/59
f 83/83/60 84/84/61 85/85/62
f 86/86/63 87/87/64 34/34/18
f 88/88/65 89/89/66 90/90/67
f 91/91/68 92/92/69 93/93/70
f 94/94/71 95/95/72 88/88/65
f 88/88/65 96/96/73 94/94/71
f 96/96/73 88/88/65 90/90/67
f 93/93/70 92/92/69 97/97/74
f 32/32/16 31/31/15 98/98/75
f 99/99/76 86/86/63 33/33/17
f 91/91/68 100/100/77 92/92/69
f 33/33/17 86/86/63 34/34/18
f 101/101/78 91/91/68 93/93/70
s 0
f 102/102/25 103/103/25 104/104/25
s 1
f 82/82/59 103/103/25 105/105/25
f 103/103/25 82/82/59 106/106/25
f 107/107/79 108/108/80 109/109/81
f 110/110/82 111/111/83 108/108/80
f 112/112/84 113/113/85 114/114/86
s 0
f 115/115/46 116/116/46 68/68/46
f 117/117/87 118/118/87 119/119/87
f 29/29/13 28/28/13 120/120/13
s 1
f 44/44/27 121/121/13 122/122/13
f 123/123/88 124/124/89 125/125/90
f 126/126/25 40/40/24 127/127/91
f 41/41/25 40/40/24 126/126/25
f 4/4/4 128/128/92 12/12/12
f 128/128/92 9/9/9 12/12/12
f 5/5/5 11/11/11 2/2/2
f 129/129/93 130/130/94 131/131/95
f 132/132/96 133/133/97 134/134/98
f 130/130/94 135/135/99 131/131/95
s 0
f 136/136/100 137/137/100 138/138/100
f 139/139/100 140/140/100 141/141/100
f 142/142/100 143/143/100 144/144/100
f 145/145/100 146/146/100 147/147/100
f 148/148/100 146/146/100 145/145/100
s 1
f 149/149/101 150/150/102 151/151/103
f 152/152/104 153/153/105 154/154/106
f 150/150/102 155/155/107 156/156/108
f 157/157/109 158/158/110 155/155/107
f 158/158/110 159/159/111 160/160/112
f 156/156/108 158/158/110 160/160/112
f 151/151/103 156/156/108 160/160/112
f 154/154/106 160/160/112 152/152/104
f 152/152/104 160/160/112 159/159/111
f 157/157/109 159/159/111 158/158/110
f 155/155/107 158/158/110 156/156/108
f 150/150/102 156/156/108 151/151/103
s 0
f 16/16/13 161/161/13 15/15/13
f 162/162/13 163/163/13 164/164/13
f 165/165/13 166/166/13 167/167/13
f 168/168/13 169/169/13 170/170/13
s 1
f 171/171/113 172/172/114 173/173/114
f 43/43/26 174/174/115 175/175/116
f 176/176/13 177/177/117 178/178/118
f 177/177/117 179/179/119 178/178/118
f 180/180/120 181/181/121 182/182/122
f 183/183/123 50/50/33 49/49/32
f 184/184/124 185/185/125 186/186/126
f 187/187/127 188/188/128 189/189/129
f 185/185/125 190/190/130 186/186/126
f 191/191/131 132/132/96 134/134/98
s 0
f 192/192/132 193/193/132 194/194/132
s 1
f 60/60/43 195/195/133 58/58/41
f 185/185/125 196/196/134 190/190/130
f 197/197/135 189/189/129 198/198/136
f 199/199/137 198/198/136 189/189/129
f 58/58/41 195/195/133 196/196/134
f 188/188/128 199/199/137 189/189/129
f 200/200/138 201/201/139 202/202/140
f 188/188/128 203/203/114 199/199/137
f 188/188/128 204/204/114 203/203/114
f 188/188/128 205/205/141 204/204/114
f 206/206/142 207/207/143 208/208/144
f 208/208/144 207/207/143 209/209/145
f 208/208/144 210/210/146 206/206/142
f 211/211/147 212/212/148 213/213/149
f 210/210/146 214/214/150 215/215/151
f 216/216/152 217/217/153 133/133/97
s 0
f 218/218/13 219/219/13 220/220/13
s 1
f 108/108/80 111/111/83 109/109/81
f 221/221/154 222/222/155 223/223/156
f 224/224/157 112/112/84 114/114/86
f 225/225/158 226/226/100 227/227/159
s 0
f 228/228/100 229/229/100 230/230/100
f 231/231/100 232/232/100 233/233/100
f 234/234/100 235/235/100 236/236/100
s 1
f 237/237/160 238/238/161 239/239/162
s 0
f 231/231/100 233/233/100 240/240/100
f 241/241/13 242/242/13 243/243/13
f 244/244/13 245/245/13 246/246/13
f 247/247/13 248/248/13 249/249/13
s 1
f 250/250/114 251/251/163 171/171/113
f 173/173/114 250/250/114 171/171/113
f 152/152/104 159/159/111 252/252/164
f 252/252/164 159/159/111 157/157/109
f 154/154/106 151/151/103 160/160/112
f 208/208/144 253/253/165 254/254/165
f 255/255/166 256/256/167 257/257/168
f 258/258/169 129/129/93 259/259/170
f 129/129/93 131/131/95 259/259/170
s 0
f 260/260/100 231/231/100 240/240/100
f 261/261/100 262/262/100 263/263/100
f 264/264/100 265/265/100 266/266/100
f 267/267/100 268/268/100 269/269/100
f 270/270/100 267/267/100 269/269/100
f 13/13/13 218/218/13 220/220/13
f 271/271/13 272/272/13 273/273/13
s 1
f 274/274/171 275/275/172 276/276/173
f 277/277/174 278/278/175 279/279/176
f 280/280/177 281/281/178 282/282/179
s 0
f 283/283/25 284/284/25 63/63/25
s 1
f 285/285/180 214/214/150 210/210/146
f 286/286/181 287/287/182 288/288/183
f 124/124/89 289/289/184 290/290/185
f 291/291/186 292/292/187 293/293/188
s 0
f 294/294/25 103/103/25 106/106/25
s 1
f 293/293/188 295/295/189 296/296/190
f 297/297/191 298/298/192 299/299/193
f 300/300/194 301/301/195 302/302/196
f 303/303/197 304/304/198 305/305/199
f 306/306/200 307/307/201 308/308/202
f 309/309/203 300/300/194 297/297/191
f 309/309/203 303/303/197 300/300/194
f 309/309/203 306/306/200 303/303/197
f 309/309/203 297/297/191 310/310/204
f 311/311/205 312/312/206 313/313/207
f 314/314/208 315/315/209 316/316/210
f 237/237/160 317/317/211 318/318/13
s 0
f 319/319/13 320/320/13 321/321/13
f 322/322/13 323/323/13 324/324/13
f 325/325/13 326/326/13 327/327/13
s 1
f 317/317/211 328/328/212 329/329/213
f 330/330/214 331/331/215 332/332/216
f 328/328/212 317/317/211 333/333/217
f 334/334/218 335/335/219 336/336/220
f 335/335/219 334/334/218 337/337/221
f 334/334/218 280/280/177 338/338/222
f 338/338/222 280/280/177 339/339/223
f 339/339/223 280/280/177 340/340/224
f 340/340/224 280/280/177 282/282/179
f 331/331/215 330/330/214 341/341/225
f 337/337/221 334/334/218 338/338/222
s 0
f 63/63/25 342/342/25 283/283/25
s 1
f 343/343/226 344/344/227 345/345/25
f 346/346/228 347/347/229 348/348/230
s 0
f 349/349/25 350/350/25 63/63/25
s 1
f 351/351/231 352/352/232 353/353/233
s 0
f 354/354/25 343/343/25 345/345/25
f 350/350/25 355/355/25 63/63/25
s 1
f 356/356/234 357/357/235 358/358/236
f 359/359/237 360/360/238 361/361/239
f 362/362/240 363/363/241 364/364/242
s 0
f 365/365/13 366/366/13 367/367/13
s 1
f 368/368/243 369/369/244 370/370/245
f 368/368/243 371/371/246 369/369/244
f 47/47/30 371/371/246 368/368/243
f 372/372/247 57/57/40 373/373/248
f 64/64/44 54/54/37 56/56/39
s 0
f 374/374/13 375/375/13 376/376/13
f 62/62/25 349/349/25 63/63/25
s 1
f 133/133/97 217/217/153 134/134/98
f 377/377/249 258/258/169 259/259/170
f 378/378/250 222/222/155 221/221/154
f 379/379/251 380/380/252 381/381/253
f 95/95/72 346/346/228 88/88/65
f 80/80/25 82/82/59 382/382/25
f 382/382/25 82/82/59 383/383/25
f 383/383/25 82/82/59 384/384/25
f 385/385/254 386/386/255 387/387/256
f 47/47/30 368/368/243 48/48/31
s 0
f 388/388/100 389/389/100 390/390/100
s 1
f 391/391/257 132/132/96 191/191/131
f 392/392/258 210/210/146 393/393/259
f 387/387/256 386/386/255 394/394/260
s 0
f 233/233/100 232/232/100 395/395/100
s 1
f 43/43/26 121/121/13 44/44/27
f 43/43/26 175/175/116 396/396/13
s 0
f 397/397/100 398/398/100 399/399/100
f 161/161/13 13/13/13 15/15/13
f 13/13/13 220/220/13 14/14/13
f 400/400/100 397/397/100 399/399/100
f 400/400/100 399/399/100 388/388/100
f 399/399/100 389/389/100 388/388/100
f 401/401/25 402/402/25 403/403/25
s 1
f 404/404/261 378/378/250 221/221/154
s 0
f 103/103/25 294/294/25 104/104/25
s 1
f 405/405/262 406/406/263 407/407/264
f 408/408/25 78/78/56 77/77/55
s 0
f 409/409/100 410/410/100 411/411/100
f 409/409/100 412/412/100 413/413/100
f 414/414/13 415/415/13 416/416/13
f 414/414/13 417/417/13 418/418/13
f 414/414/13 419/419/13 417/417/13
f 414/414/13 420/420/13 421/421/13
f 414/414/13 418/418/13 422/422/13
f 414/414/13 421/421/13 423/423/13
f 414/414/13 423/423/13 424/424/13
f 414/414/13 416/416/13 419/419/13
f 414/414/13 424/424/13 415/415/13
f 414/414/13 422/422/13 425/425/13
f 414/414/13 426/426/13 427/427/13
f 414/414/13 425/425/13 426/426/13
f 414/414/13 428/428/13 429/429/13
f 414/414/13 427/427/13 428/428/13
f 414/414/13 430/430/13 420/420/13
f 414/414/13 429/429/13 430/430/13
s 1
f 74/74/52 431/431/265 75/75/53
f 432/432/266 433/433/267 434/434/268
f 196/196/134 435/435/269 190/190/130
f 195/195/133 435/435/269 196/196/134
f 436/436/270 211/211/147 437/437/271
f 438/438/272 439/439/273 212/212/148
s 0
f 412/412/100 409/409/100 411/411/100
s 1
f 286/286/181 440/440/274 287/287/182
f 441/441/275 440/440/274 286/286/181
f 442/442/276 441/441/275 286/286/181
f 442/442/276 286/286/181 443/443/277
f 444/444/278 380/380/252 379/379/251
s 0
f 445/445/141 446/446/279 447/447/279
s 1
f 444/444/278 448/448/280 380/380/252
f 448/448/280 445/445/281 380/380/252
f 380/380/252 445/445/281 447/447/282
s 0
f 449/449/283 442/442/283 443/443/283
f 450/450/13 451/451/13 452/452/13
f 453/453/13 450/450/13 452/452/13
f 103/103/25 102/102/25 454/454/25
s 1
f 407/407/264 455/455/284 456/456/285
s 0
f 272/272/13 457/457/13 273/273/13
f 458/458/25 459/459/25 460/460/25
s 1
f 461/461/286 462/462/287 463/463/288
f 432/432/266 464/464/289 433/433/267
f 465/465/290 466/466/291 467/467/292
s 0
f 460/460/25 459/459/25 468/468/25
s 1
f 469/469/293 467/467/292 466/466/291
s 0
f 470/470/25 471/471/25 472/472/25
s 1
f 473/473/294 474/474/295 475/475/296
s 0
f 476/476/25 477/477/25 478/478/25
s 1
f 479/479/297 381/381/253 380/380/252
s 0
f 480/480/298 481/481/298 482/482/299
s 1
f 288/288/183 483/483/300 286/286/181
f 384/384/25 82/82/59 105/105/25
f 484/484/301 285/285/180 210/210/146
f 392/392/258 484/484/301 210/210/146
s 0
f 355/355/25 342/342/25 63/63/25
s 1
f 485/485/302 84/84/61 486/486/303
f 253/253/165 208/208/144 209/209/145
f 487/487/304 83/83/60 488/488/305
f 5/5/5 2/2/2 1/1/1
f 5/5/5 1/1/1 6/6/6
s 0
f 219/219/13 18/18/13 20/20/13
f 219/219/13 20/20/13 220/220/13
f 19/19/13 21/21/13 23/23/13
f 19/19/13 23/23/13 20/20/13
f 22/22/13 24/24/13 26/26/13
f 22/22/13 26/26/13 23/23/13
f 25/25/13 29/29/13 120/120/13
f 25/25/13 120/120/13 26/26/13
s 1
f 36/36/20 489/489/306 490/490/307
f 36/36/20 490/490/307 37/37/21
f 489/489/306 30/30/14 32/32/16
f 489/489/306 32/32/16 490/490/307
f 491/491/308 490/490/307 32/32/16
f 491/491/308 32/32/16 98/98/75
f 492/492/309 493/493/309 494/494/310
f 492/492/309 494/494/310 495/495/310
f 495/495/310 494/494/310 496/496/311
f 495/495/310 496/496/311 497/497/311
f 498/498/312 499/499/312 500/500/313
f 498/498/312 500/500/313 501/501/313
f 501/501/313 500/500/313 502/502/314
f 501/501/313 502/502/314 503/503/314
f 503/503/314 502/502/314 504/504/315
f 503/503/314 504/504/315 505/505/315
f 505/505/315 504/504/315 506/506/316
f 505/505/315 506/506/316 507/507/316
f 507/507/316 506/506/316 508/508/25
f 507/507/316 508/508/25 509/509/25
f 509/509/25 508/508/25 510/510/317
f 509/509/25 510/510/317 511/511/317
f 511/511/317 510/510/317 493/493/309
f 511/511/317 493/493/309 492/492/309
f 512/512/318 513/513/319 514/514/320
f 512/512/318 514/514/320 515/515/321
f 222/222/155 111/111/83 516/516/46
f 222/222/155 516/516/46 517/517/46
s 0
f 518/518/100 519/519/100 520/520/100
f 518/518/100 520/520/100 521/521/100
s 1
f 515/515/321 514/514/320 522/522/322
f 515/515/321 522/522/322 523/523/323
f 522/522/322 524/524/324 525/525/325
f 522/522/322 525/525/325 523/523/323
f 526/526/326 55/55/38 527/527/327
f 526/526/326 527/527/327 528/528/328
f 529/529/329 530/530/330 531/531/330
f 529/529/329 531/531/330 532/532/329
f 497/497/311 496/496/311 529/529/329
f 497/497/311 529/529/329 532/532/329
f 533/533/331 50/50/33 183/183/123
f 533/533/331 183/183/123 534/534/332
s 0
f 535/535/25 536/536/25 537/537/25
f 535/535/25 537/537/25 538/538/25
f 539/539/25 540/540/25 541/541/25
f 539/539/25 541/541/25 542/542/25
f 543/543/25 544/544/25 545/545/25
f 543/543/25 545/545/25 546/546/25
s 1
f 52/52/35 547/547/333 548/548/334
f 52/52/35 548/548/334 53/53/36
s 0
f 549/549/25 550/550/25 551/551/25
f 549/549/25 551/551/25 552/552/25
f 553/553/25 554/554/25 555/555/25
f 553/553/25 555/555/25 556/556/25
f 544/544/25 557/557/25 558/558/25
f 544/544/25 558/558/25 545/545/25
f 559/559/25 560/560/25 561/561/25
f 559/559/25 561/561/25 562/562/25
s 1
f 547/547/333 563/563/25 564/564/25
f 547/547/333 564/564/25 548/548/334
s 0
f 536/536/25 565/565/25 566/566/25
f 536/536/25 566/566/25 537/537/25
s 1
f 567/567/335 568/568/336 569/569/337
f 567/567/335 569/569/337 570/570/338
s 0
f 571/571/25 572/572/25 573/573/25
f 571/571/25 573/573/25 574/574/25
f 565/565/25 571/571/25 574/574/25
f 565/565/25 574/574/25 566/566/25
s 1
f 575/575/339 576/576/340 577/577/340
f 575/575/339 577/577/340 578/578/341
s 0
f 550/550/25 543/543/25 546/546/25
f 550/550/25 546/546/25 551/551/25
f 579/579/25 580/580/25 581/581/25
f 579/579/25 581/581/25 582/582/25
f 583/583/25 584/584/25 585/585/25
f 583/583/25 585/585/25 586/586/25
f 587/587/25 583/583/25 586/586/25
f 587/587/25 586/586/25 588/588/25
s 1
f 589/589/342 587/587/25 588/588/25
f 589/589/342 588/588/25 590/590/343
s 0
f 554/554/25 579/579/25 582/582/25
f 554/554/25 582/582/25 555/555/25
f 471/471/25 591/591/25 592/592/25
f 471/471/25 592/592/25 472/472/25
f 560/560/25 539/539/25 542/542/25
f 560/560/25 542/542/25 561/561/25
s 1
f 485/485/302 593/593/344 85/85/62
f 485/485/302 85/85/62 84/84/61
f 572/572/25 594/594/345 595/595/346
f 572/572/25 595/595/346 573/573/25
s 0
f 557/557/25 559/559/25 562/562/25
f 557/557/25 562/562/25 558/558/25
f 580/580/25 549/549/25 552/552/25
f 580/580/25 552/552/25 581/581/25
f 584/584/25 553/553/25 556/556/25
f 584/584/25 556/556/25 585/585/25
s 1
f 596/596/347 597/597/348 598/598/349
f 596/596/347 598/598/349 599/599/350
f 600/600/351 601/601/352 602/602/353
f 600/600/351 602/602/353 603/603/354
f 604/604/355 605/605/356 606/606/357
f 604/604/355 606/606/357 607/607/358
f 608/608/359 609/609/360 610/610/361
f 608/608/359 610/610/361 611/611/362
f 601/601/352 612/612/363 613/613/364
f 601/601/352 613/613/364 602/602/353
f 614/614/365 615/615/366 616/616/367
f 614/614/365 616/616/367 617/617/368
f 618/618/369 619/619/370 620/620/371
f 618/618/369 620/620/371 621/621/372
f 605/605/356 600/600/351 603/603/354
f 605/605/356 603/603/354 606/606/357
f 622/622/373 623/623/374 624/624/375
f 622/622/373 624/624/375 625/625/376
f 626/626/377 627/627/378 628/628/379
f 626/626/377 628/628/379 629/629/380
f 630/630/381 631/631/382 632/632/383
f 630/630/381 632/632/383 633/633/384
f 634/634/385 626/626/377 629/629/380
f 634/634/385 629/629/380 635/635/386
f 636/636/387 634/634/385 635/635/386
f 636/636/387 635/635/386 637/637/388
f 609/609/360 622/622/373 625/625/376
f 609/609/360 625/625/376 610/610/361
f 615/615/366 596/596/347 599/599/350
f 615/615/366 599/599/350 616/616/367
f 638/638/389 639/639/390 640/640/390
f 638/638/389 640/640/390 641/641/391
f 612/612/363 614/614/365 617/617/368
f 612/612/363 617/617/368 613/613/364
f 623/623/374 604/604/355 607/607/358
f 623/623/374 607/607/358 624/624/375
f 627/627/378 608/608/359 611/611/362
f 627/627/378 611/611/362 628/628/379
f 190/190/130 642/642/392 643/643/393
f 190/190/130 643/643/393 186/186/126
f 644/644/394 645/645/395 646/646/395
f 644/644/394 646/646/395 647/647/394
f 648/648/396 649/649/397 650/650/398
f 648/648/396 650/650/398 651/651/399
f 652/652/400 653/653/401 654/654/402
f 652/652/400 654/654/402 655/655/403
f 656/656/404 657/657/405 658/658/406
f 656/656/404 658/658/406 659/659/407
f 660/660/408 661/661/409 662/662/410
f 660/660/408 662/662/410 663/663/411
f 664/664/412 656/656/404 659/659/407
f 664/664/412 659/659/407 665/665/413
f 666/666/414 667/667/415 636/636/387
f 666/666/414 636/636/387 637/637/388
f 668/668/416 257/257/168 256/256/167
f 668/668/416 256/256/167 669/669/417
f 670/670/418 671/671/419 672/672/420
f 670/670/418 672/672/420 673/673/421
f 674/674/422 675/675/423 676/676/424
f 674/674/422 676/676/424 677/677/425
f 678/678/426 679/679/427 83/83/60
f 678/678/426 83/83/60 487/487/304
f 680/680/428 681/681/429 682/682/430
f 680/680/428 682/682/430 683/683/431
f 684/684/432 670/670/418 673/673/421
f 684/684/432 673/673/421 685/685/433
f 686/686/434 687/687/435 688/688/436
f 686/686/434 688/688/436 689/689/437
f 690/690/438 691/691/439 692/692/440
f 690/690/438 692/692/440 693/693/441
f 694/694/442 690/690/438 693/693/441
f 694/694/442 693/693/441 695/695/443
f 696/696/444 652/652/400 655/655/403
f 696/696/444 655/655/403 697/697/445
f 671/671/419 696/696/444 697/697/445
f 671/671/419 697/697/445 672/672/420
f 540/540/25 698/698/446 699/699/447
f 540/540/25 699/699/447 541/541/25
f 700/700/448 701/701/449 654/654/402
f 700/700/448 654/654/402 653/653/401
f 702/702/450 703/703/451 704/704/452
f 702/702/450 704/704/452 705/705/453
f 687/687/435 706/706/454 707/707/455
f 687/687/435 707/707/455 688/688/436
f 703/703/451 684/684/432 685/685/433
f 703/703/451 685/685/433 704/704/452
f 708/708/456 709/709/457 701/701/449
f 708/708/456 701/701/449 700/700/448
f 439/439/273 710/710/458 213/213/149
f 439/439/273 213/213/149 212/212/148
f 711/711/459 712/712/460 713/713/461
f 711/711/459 713/713/461 714/714/462
f 597/597/348 715/715/463 716/716/464
f 597/597/348 716/716/464 598/598/349
f 706/706/454 694/694/442 695/695/443
f 706/706/454 695/695/443 707/707/455
f 660/660/408 663/663/411 717/717/465
f 660/660/408 717/717/465 718/718/466
f 718/718/466 717/717/465 699/699/447
f 718/718/466 699/699/447 698/698/446
f 719/719/467 720/720/468 721/721/469
f 719/719/467 721/721/469 722/722/470
f 648/648/396 651/651/399 723/723/471
f 648/648/396 723/723/471 724/724/472
f 724/724/472 723/723/471 716/716/464
f 724/724/472 716/716/464 715/715/463
f 725/725/473 726/726/474 676/676/424
f 725/725/473 676/676/424 675/675/423
f 726/726/474 725/725/473 686/686/434
f 726/726/474 686/686/434 689/689/437
f 657/657/405 711/711/459 714/714/462
f 657/657/405 714/714/462 658/658/406
f 727/727/475 728/728/476 662/662/410
f 727/727/475 662/662/410 661/661/409
f 729/729/477 730/730/478 731/731/479
f 729/729/477 731/731/479 732/732/477
f 514/514/320 195/195/133 60/60/43
f 514/514/320 60/60/43 522/522/322
f 593/593/344 664/664/412 665/665/413
f 593/593/344 665/665/413 85/85/62
f 691/691/439 680/680/428 683/683/431
f 691/691/439 683/683/431 692/692/440
f 69/69/47 65/65/45 56/56/39
f 69/69/47 56/56/39 733/733/480
f 594/594/345 73/73/51 72/72/50
f 594/594/345 72/72/50 595/595/346
f 681/681/429 719/719/467 722/722/470
f 681/681/429 722/722/470 682/682/430
f 734/734/481 735/735/482 567/567/335
f 734/734/481 567/567/335 570/570/338
f 708/708/456 621/621/372 620/620/371
f 708/708/456 620/620/371 709/709/457
f 667/667/415 666/666/414 631/631/382
f 667/667/415 631/631/382 630/630/381
f 735/735/482 734/734/481 589/589/342
f 735/735/482 589/589/342 590/590/343
f 56/56/39 55/55/38 526/526/326
f 56/56/39 526/526/326 733/733/480
f 736/736/483 737/737/484 189/189/129
f 736/736/483 189/189/129 197/197/135
s 0
f 738/738/100 739/739/100 740/740/100
f 738/738/100 740/740/100 741/741/100
s 1
f 742/742/485 743/743/486 744/744/486
f 742/742/485 744/744/486 745/745/487
f 576/576/340 746/746/488 747/747/488
f 576/576/340 747/747/488 577/577/340
f 743/743/486 644/644/394 647/647/394
f 743/743/486 647/647/394 744/744/486
f 748/748/489 749/749/490 750/750/491
f 748/748/489 750/750/491 751/751/489
f 752/752/492 742/742/485 745/745/487
f 752/752/492 745/745/487 753/753/492
f 754/754/493 755/755/494 756/756/495
f 754/754/493 756/756/495 757/757/496
f 645/645/395 748/748/489 751/751/489
f 645/645/395 751/751/489 646/646/395
f 87/87/64 758/758/497 35/35/19
f 87/87/64 35/35/19 34/34/18
f 759/759/498 101/101/78 93/93/70
f 759/759/498 93/93/70 97/97/74
f 758/758/497 760/760/499 761/761/500
f 758/758/497 761/761/500 35/35/19
f 37/37/21 490/490/307 491/491/308
f 37/37/21 491/491/308 39/39/23
f 761/761/500 760/760/499 759/759/498
f 761/761/500 759/759/498 97/97/74
f 762/762/501 763/763/502 764/764/503
f 762/762/501 764/764/503 765/765/504
f 766/766/505 767/767/506 768/768/507
f 766/766/505 768/768/507 769/769/508
f 770/770/509 771/771/510 772/772/511
f 770/770/509 772/772/511 773/773/512
f 774/774/513 775/775/514 776/776/515
f 774/774/513 776/776/515 777/777/516
f 778/778/517 779/779/518 780/780/519
f 778/778/517 780/780/519 781/781/520
f 773/773/512 772/772/511 782/782/521
f 773/773/512 782/782/521 783/783/522
f 784/784/523 785/785/524 786/786/525
f 784/784/523 786/786/525 787/787/526
f 788/788/527 789/789/528 790/790/529
f 788/788/527 790/790/529 791/791/530
f 792/792/531 793/793/532 794/794/533
f 792/792/531 794/794/533 795/795/534
f 796/796/535 797/797/536 798/798/537
f 796/796/535 798/798/537 799/799/538
f 795/795/534 794/794/533 771/771/510
f 795/795/534 771/771/510 770/770/509
f 800/800/539 801/801/540 802/802/541
f 800/800/539 802/802/541 766/766/505
f 766/766/505 802/802/541 792/792/531
f 766/766/505 792/792/531 767/767/506
s 0
f 803/803/46 804/804/46 805/805/46
f 803/803/46 805/805/46 806/806/46
s 1
f 774/774/513 777/777/516 785/785/524
f 774/774/513 785/785/524 784/784/523
f 807/807/542 808/808/543 809/809/544
f 807/807/542 809/809/544 810/810/544
f 778/778/517 811/811/545 812/812/546
f 778/778/517 812/812/546 779/779/518
f 813/813/25 814/814/25 81/81/58
f 813/813/25 81/81/58 80/80/25
s 0
f 815/815/13 816/816/13 817/817/13
f 815/815/13 817/817/13 818/818/13
f 819/819/100 228/228/100 230/230/100
f 819/819/100 230/230/100 820/820/100
f 821/821/547 822/822/547 823/823/547
f 821/821/547 823/823/547 824/824/547
f 228/228/100 390/390/100 389/389/100
f 228/228/100 389/389/100 229/229/100
s 1
f 208/208/144 254/254/165 205/205/141
f 208/208/144 205/205/141 188/188/128
f 825/825/548 43/43/26 45/45/28
f 825/825/548 45/45/28 826/826/549
f 827/827/550 828/828/550 829/829/551
f 827/827/550 829/829/551 830/830/551
f 831/831/552 832/832/553 833/833/553
f 831/831/552 833/833/553 834/834/552
f 835/835/46 836/836/46 837/837/554
f 835/835/46 837/837/554 838/838/554
s 0
f 122/122/13 121/121/13 28/28/13
f 122/122/13 28/28/13 27/27/13
s 1
f 838/838/554 837/837/554 839/839/555
f 838/838/554 839/839/555 840/840/555
f 840/840/555 839/839/555 841/841/556
f 840/840/555 841/841/556 842/842/556
f 843/843/557 831/831/552 834/834/552
f 843/843/557 834/834/552 844/844/557
f 845/845/558 846/846/114 847/847/114
f 845/845/558 847/847/114 848/848/558
f 849/849/559 850/850/559 843/843/557
f 849/849/559 843/843/557 844/844/557
f 40/40/24 851/851/560 852/852/561
f 40/40/24 852/852/561 127/127/91
f 853/853/562 854/854/563 123/123/88
f 853/853/562 123/123/88 855/855/564
f 855/855/564 123/123/88 125/125/90
f 855/855/564 125/125/90 856/856/565
f 856/856/565 125/125/90 857/857/566
f 856/856/565 857/857/566 858/858/46
s 0
f 859/859/547 860/860/547 861/861/547
f 859/859/547 861/861/547 862/862/547
s 1
f 863/863/567 864/864/568 405/405/262
f 863/863/567 405/405/262 865/865/569
f 854/854/563 289/289/184 124/124/89
f 854/854/563 124/124/89 123/123/88
f 316/316/210 866/866/570 867/867/571
f 316/316/210 867/867/571 868/868/572
f 869/869/573 870/870/574 257/257/168
f 869/869/573 257/257/168 871/871/575
s 0
f 872/872/25 873/873/25 814/814/25
f 872/872/25 814/814/25 813/813/25
f 874/874/100 875/875/100 876/876/100
f 874/874/100 876/876/100 877/877/100
s 1
f 433/433/267 878/878/576 879/879/577
f 433/433/267 879/879/577 434/434/268
f 880/880/578 881/881/579 882/882/580
f 880/880/578 882/882/580 883/883/581
f 884/884/582 885/885/583 886/886/584
f 884/884/582 886/886/584 255/255/166
f 885/885/583 880/880/578 883/883/581
f 885/885/583 883/883/581 886/886/584
s 0
f 563/563/25 887/887/25 888/888/25
f 563/563/25 888/888/25 564/564/25
f 889/889/585 890/890/585 891/891/585
f 889/889/585 891/891/585 892/892/585
f 138/138/100 137/137/100 395/395/100
f 138/138/100 395/395/100 232/232/100
f 141/141/100 140/140/100 137/137/100
f 141/141/100 137/137/100 136/136/100
f 893/893/100 894/894/100 140/140/100
f 893/893/100 140/140/100 139/139/100
f 144/144/100 143/143/100 894/894/100
f 144/144/100 894/894/100 893/893/100
f 147/147/100 146/146/100 143/143/100
f 147/147/100 143/143/100 142/142/100
f 269/269/100 388/388/100 390/390/100
f 269/269/100 390/390/100 270/270/100
s 1
f 154/154/106 153/153/105 149/149/101
f 154/154/106 149/149/101 151/151/103
s 0
f 17/17/13 15/15/13 163/163/13
f 17/17/13 163/163/13 162/162/13
f 164/164/13 163/163/13 166/166/13
f 164/164/13 166/166/13 165/165/13
f 167/167/13 166/166/13 169/169/13
f 167/167/13 169/169/13 168/168/13
f 170/170/13 169/169/13 895/895/13
f 170/170/13 895/895/13 896/896/13
f 248/248/13 896/896/13 895/895/13
f 248/248/13 895/895/13 249/249/13
s 1
f 897/897/586 898/898/587 899/899/587
f 897/897/586 899/899/587 900/900/586
f 898/898/587 901/901/588 902/902/588
f 898/898/587 902/902/588 899/899/587
f 903/903/589 904/904/590 905/905/590
f 903/903/589 905/905/590 906/906/589
f 904/904/590 907/907/591 908/908/591
f 904/904/590 908/908/591 905/905/590
f 907/907/591 909/909/592 910/910/593
f 907/907/591 910/910/593 908/908/591
f 909/909/592 911/911/594 912/912/594
f 909/909/592 912/912/594 910/910/593
f 911/911/594 913/913/114 914/914/114
f 911/911/594 914/914/114 912/912/594
f 913/913/114 915/915/595 916/916/595
f 913/913/114 916/916/595 914/914/114
f 915/915/595 897/897/586 900/900/586
f 915/915/595 900/900/586 916/916/595
f 512/512/318 917/917/596 642/642/392
f 512/512/318 642/642/392 513/513/319
f 918/918/597 919/919/598 920/920/599
f 918/918/597 920/920/599 921/921/600
s 0
f 922/922/601 923/923/601 924/924/601
f 922/922/601 924/924/601 925/925/601
s 1
f 917/917/596 926/926/602 643/643/393
f 917/917/596 643/643/393 642/642/392
f 927/927/603 928/928/604 921/921/600
f 927/927/603 921/921/600 920/920/599
f 187/187/127 929/929/605 930/930/114
f 187/187/127 930/930/114 188/188/128
f 643/643/393 926/926/602 931/931/606
f 643/643/393 931/931/606 932/932/607
f 928/928/604 927/927/603 933/933/608
f 928/928/604 933/933/608 934/934/609
f 935/935/610 936/936/610 937/937/611
f 935/935/610 937/937/611 938/938/611
f 939/939/612 940/940/612 936/936/610
f 939/939/612 936/936/610 935/935/610
f 941/941/613 942/942/613 940/940/612
f 941/941/613 940/940/612 939/939/612
f 943/943/114 944/944/114 942/942/613
f 943/943/114 942/942/613 941/941/613
f 945/945/614 946/946/614 944/944/114
f 945/945/614 944/944/114 943/943/114
f 947/947/615 948/948/616 929/929/605
f 947/947/615 929/929/605 187/187/127
f 934/934/609 933/933/608 949/949/617
f 934/934/609 949/949/617 950/950/618
f 938/938/611 937/937/611 950/950/618
f 938/938/611 950/950/618 949/949/617
f 951/951/619 952/952/620 953/953/621
f 951/951/619 953/953/621 954/954/621
f 951/951/619 946/946/614 945/945/614
f 951/951/619 945/945/614 952/952/620
f 955/955/622 956/956/622 954/954/621
f 955/955/622 954/954/621 953/953/621
f 901/901/588 956/956/622 955/955/622
f 901/901/588 955/955/622 902/902/588
f 57/57/40 957/957/623 527/527/327
f 57/57/40 527/527/327 55/55/38
f 958/958/624 533/533/331 534/534/332
f 958/958/624 534/534/332 959/959/625
f 182/182/122 958/958/624 959/959/625
f 182/182/122 959/959/625 180/180/120
f 960/960/626 665/665/413 659/659/407
f 960/960/626 659/659/407 961/961/627
s 0
f 962/962/114 963/963/114 964/964/114
f 962/962/114 964/964/114 965/965/114
f 966/966/114 967/967/114 968/968/114
f 966/966/114 968/968/114 969/969/114
f 970/970/114 971/971/114 972/972/114
f 970/970/114 972/972/114 973/973/114
f 974/974/114 975/975/114 976/976/114
f 974/974/114 976/976/114 977/977/114
f 969/969/114 968/968/114 978/978/114
f 969/969/114 978/978/114 979/979/114
f 980/980/114 981/981/114 982/982/114
f 980/980/114 982/982/114 983/983/114
s 1
f 984/984/628 985/985/629 986/986/630
f 984/984/628 986/986/630 987/987/631
s 0
f 973/973/114 972/972/114 967/967/114
f 973/973/114 967/967/114 966/966/114
f 988/988/114 989/989/114 990/990/114
f 988/988/114 990/990/114 991/991/114
f 992/992/114 993/993/114 994/994/114
f 992/992/114 994/994/114 995/995/114
f 996/996/114 997/997/114 993/993/114
f 996/996/114 993/993/114 992/992/114
s 1
f 998/998/632 999/999/633 997/997/114
f 998/998/632 997/997/114 996/996/114
s 0
f 977/977/114 976/976/114 989/989/114
f 977/977/114 989/989/114 988/988/114
s 1
f 1000/1000/634 721/721/469 705/705/453
f 1000/1000/634 705/705/453 1001/1001/635
s 0
f 983/983/114 982/982/114 963/963/114
f 983/983/114 963/963/114 962/962/114
f 979/979/114 978/978/114 981/981/114
f 979/979/114 981/981/114 980/980/114
f 991/991/114 990/990/114 971/971/114
f 991/991/114 971/971/114 970/970/114
f 995/995/114 994/994/114 975/975/114
f 995/995/114 975/975/114 974/974/114
s 1
f 1002/1002/636 919/919/598 918/918/597
f 1002/1002/636 918/918/597 1003/1003/636
f 596/596/347 1004/1004/637 1005/1005/638
f 596/596/347 1005/1005/638 597/597/348
f 600/600/351 1006/1006/639 1007/1007/640
f 600/600/351 1007/1007/640 601/601/352
f 604/604/355 1008/1008/641 1009/1009/642
f 604/604/355 1009/1009/642 605/605/356
f 608/608/359 1010/1010/643 1011/1011/644
f 608/608/359 1011/1011/644 609/609/360
f 601/601/352 1007/1007/640 1012/1012/645
f 601/601/352 1012/1012/645 612/612/363
f 614/614/365 1013/1013/646 1014/1014/647
f 614/614/365 1014/1014/647 615/615/366
f 1015/1015/648 1016/1016/649 620/620/371
f 1015/1015/648 620/620/371 619/619/370
f 605/605/356 1009/1009/642 1006/1006/639
f 605/605/356 1006/1006/639 600/600/351
f 622/622/373 1017/1017/650 1018/1018/651
f 622/622/373 1018/1018/651 623/623/374
f 626/626/377 1019/1019/652 1020/1020/653
f 626/626/377 1020/1020/653 627/627/378
f 630/630/381 633/633/384 1021/1021/654
f 630/630/381 1021/1021/654 1022/1022/655
f 634/634/385 1023/1023/656 1019/1019/652
f 634/634/385 1019/1019/652 626/626/377
f 636/636/387 1024/1024/657 1023/1023/656
f 636/636/387 1023/1023/656 634/634/385
f 609/609/360 1011/1011/644 1017/1017/650
f 609/609/360 1017/1017/650 622/622/373
f 615/615/366 1014/1014/647 1004/1004/637
f 615/615/366 1004/1004/637 596/596/347
f 612/612/363 1012/1012/645 1013/1013/646
f 612/612/363 1013/1013/646 614/614/365
f 623/623/374 1018/1018/651 1008/1008/641
f 623/623/374 1008/1008/641 604/604/355
f 627/627/378 1020/1020/653 1010/1010/643
f 627/627/378 1010/1010/643 608/608/359
f 648/648/396 1025/1025/658 1026/1026/659
f 648/648/396 1026/1026/659 649/649/397
f 513/513/319 435/435/269 195/195/133
f 513/513/319 195/195/133 514/514/320
f 1027/1027/660 682/682/430 722/722/470
f 1027/1027/660 722/722/470 1028/1028/661
f 1029/1029/662 1030/1030/663 677/677/425
f 1029/1029/662 677/677/425 676/676/424
f 1031/1031/664 1032/1032/665 1033/1033/666
f 1031/1031/664 1033/1033/666 1034/1034/667
f 1035/1035/668 85/85/62 665/665/413
f 1035/1035/668 665/665/413 960/960/626
f 1036/1036/669 1024/1024/657 636/636/387
f 1036/1036/669 636/636/387 667/667/415
f 1037/1037/670 672/672/420 697/697/445
f 1037/1037/670 697/697/445 1038/1038/671
f 1039/1039/672 673/673/421 672/672/420
f 1039/1039/672 672/672/420 1037/1037/670
f 1040/1040/673 871/871/575 257/257/168
f 1040/1040/673 257/257/168 668/668/416
f 720/720/468 702/702/450 705/705/453
f 720/720/468 705/705/453 721/721/469
f 1041/1041/674 709/709/457 620/620/371
f 1041/1041/674 620/620/371 1016/1016/649
f 1042/1042/675 704/704/452 685/685/433
f 1042/1042/675 685/685/433 1043/1043/676
f 1044/1044/677 689/689/437 688/688/436
f 1044/1044/677 688/688/436 1045/1045/678
f 1046/1046/679 655/655/403 654/654/402
f 1046/1046/679 654/654/402 1047/1047/680
f 1048/1048/681 707/707/455 695/695/443
f 1048/1048/681 695/695/443 1049/1049/682
f 965/965/114 964/964/114 1050/1050/683
f 965/965/114 1050/1050/683 1051/1051/684
f 1052/1052/685 1047/1047/680 654/654/402
f 1052/1052/685 654/654/402 701/701/449
f 1001/1001/635 705/705/453 704/704/452
f 1001/1001/635 704/704/452 1042/1042/675
f 726/726/474 689/689/437 1044/1044/677
f 726/726/474 1044/1044/677 1053/1053/686
f 1054/1054/687 692/692/440 683/683/431
f 1054/1054/687 683/683/431 1055/1055/688
f 1041/1041/674 1052/1052/685 701/701/449
f 1041/1041/674 701/701/449 709/709/457
f 961/961/627 659/659/407 658/658/406
f 961/961/627 658/658/406 1056/1056/689
f 597/597/348 1005/1005/638 1057/1057/690
f 597/597/348 1057/1057/690 715/715/463
f 1055/1055/688 683/683/431 682/682/430
f 1055/1055/688 682/682/430 1027/1027/660
f 435/435/269 513/513/319 642/642/392
f 435/435/269 642/642/392 190/190/130
f 1031/1031/664 1058/1058/691 1059/1059/692
f 1031/1031/664 1059/1059/692 1032/1032/665
f 1058/1058/691 1051/1051/684 1050/1050/683
f 1058/1058/691 1050/1050/683 1059/1059/692
f 1045/1045/678 688/688/436 707/707/455
f 1045/1045/678 707/707/455 1048/1048/681
f 648/648/396 724/724/472 1060/1060/693
f 648/648/396 1060/1060/693 1025/1025/658
f 724/724/472 715/715/463 1057/1057/690
f 724/724/472 1057/1057/690 1060/1060/693
f 255/255/166 257/257/168 870/870/574
f 255/255/166 870/870/574 884/884/582
f 1061/1061/694 693/693/441 692/692/440
f 1061/1061/694 692/692/440 1054/1054/687
f 1038/1038/671 697/697/445 655/655/403
f 1038/1038/671 655/655/403 1046/1046/679
f 1056/1056/689 658/658/406 714/714/462
f 1056/1056/689 714/714/462 1062/1062/695
f 1063/1063/696 1034/1034/667 1033/1033/666
f 1063/1063/696 1033/1033/666 1064/1064/697
f 729/729/477 732/732/477 1065/1065/698
f 729/729/477 1065/1065/698 1066/1066/699
f 1062/1062/695 714/714/462 713/713/461
f 1062/1062/695 713/713/461 1067/1067/700
f 1043/1043/676 685/685/433 673/673/421
f 1043/1043/676 673/673/421 1039/1039/672
f 1053/1053/686 1029/1029/662 676/676/424
f 1053/1053/686 676/676/424 726/726/474
f 1068/1068/701 985/985/629 984/984/628
f 1068/1068/701 984/984/628 1069/1069/702
f 1049/1049/682 695/695/443 693/693/441
f 1049/1049/682 693/693/441 1061/1061/694
f 667/667/415 630/630/381 1022/1022/655
f 667/667/415 1022/1022/655 1036/1036/669
f 1069/1069/702 999/999/633 998/998/632
f 1069/1069/702 998/998/632 1068/1068/701
f 189/189/129 737/737/484 947/947/615
f 189/189/129 947/947/615 187/187/127
f 60/60/43 59/59/42 524/524/324
f 60/60/43 524/524/324 522/522/322
f 1070/1070/703 1071/1071/704 1072/1072/704
f 1070/1070/703 1072/1072/704 866/866/570
s 0
f 116/116/46 1073/1073/46 66/66/46
f 116/116/46 66/66/46 68/68/46
s 1
f 83/83/60 85/85/62 1035/1035/668
f 83/83/60 1035/1035/668 488/488/305
f 184/184/124 186/186/126 643/643/393
f 184/184/124 643/643/393 932/932/607
f 1074/1074/705 1075/1075/706 1076/1076/707
f 1074/1074/705 1076/1076/707 1077/1077/708
f 111/111/83 222/222/155 378/378/250
f 111/111/83 378/378/250 109/109/81
f 802/802/541 1078/1078/709 793/793/532
f 802/802/541 793/793/532 792/792/531
f 801/801/540 1079/1079/710 1078/1078/709
f 801/801/540 1078/1078/709 802/802/541
f 1080/1080/711 1081/1081/712 1082/1082/713
f 1080/1080/711 1082/1082/713 1083/1083/714
f 811/811/545 1084/1084/715 1085/1085/716
f 811/811/545 1085/1085/716 812/812/546
f 1086/1086/717 1087/1087/718 1088/1088/719
f 1086/1086/717 1088/1088/719 1089/1089/720
f 767/767/506 1086/1086/717 1089/1089/720
f 767/767/506 1089/1089/720 768/768/507
f 1090/1090/721 1091/1091/722 1092/1092/723
f 1090/1090/721 1092/1092/723 1093/1093/724
f 1087/1087/718 1094/1094/725 1095/1095/726
f 1087/1087/718 1095/1095/726 1088/1088/719
f 800/800/539 766/766/505 769/769/508
f 800/800/539 769/769/508 1096/1096/727
f 1097/1097/728 797/797/536 796/796/535
f 1097/1097/728 796/796/535 1098/1098/729
s 0
f 455/455/730 879/879/730 878/878/730
s 1
f 455/455/284 878/878/731 456/456/285
f 1099/1099/732 74/74/52 76/76/54
f 1099/1099/732 76/76/54 1100/1100/733
f 1076/1076/707 1075/1075/706 1101/1101/734
f 1076/1076/707 1101/1101/734 1102/1102/735
f 227/227/159 226/226/100 234/234/100
f 227/227/159 234/234/100 236/236/100
s 0
f 113/113/85 118/118/736 117/117/736
s 1
f 113/113/85 117/117/736 114/114/86
s 0
f 862/862/547 1103/1103/547 1104/1104/547
f 862/862/547 1104/1104/547 859/859/547
f 235/235/100 1105/1105/100 1106/1106/100
f 235/235/100 1106/1106/100 236/236/100
s 1
f 1107/1107/737 1108/1108/738 1109/1109/739
f 1107/1107/737 1109/1109/739 1110/1110/738
s 0
f 117/117/740 119/119/740 1111/1111/740
f 117/117/741 1111/1111/741 1112/1112/741
s 1
f 112/112/84 224/224/157 225/225/158
f 112/112/84 225/225/158 227/227/159
s 0
f 1112/1112/742 1111/1111/742 1113/1113/742
s 1
f 1112/1112/87 1113/1113/87 1114/1114/87
s 0
f 1106/1106/100 1105/1105/100 819/819/100
f 1106/1106/100 819/819/100 820/820/100
f 1115/1115/13 1116/1116/13 1117/1117/13
f 1115/1115/13 1117/1117/13 1118/1118/13
f 1117/1117/13 1116/1116/13 243/243/13
f 1117/1117/13 243/243/13 242/242/13
f 366/366/13 1115/1115/13 1118/1118/13
f 366/366/13 1118/1118/13 367/367/13
f 242/242/13 241/241/13 245/245/13
f 242/242/13 245/245/13 244/244/13
s 1
f 825/825/548 1119/1119/743 174/174/115
f 825/825/548 174/174/115 43/43/26
s 0
f 244/244/13 246/246/13 176/176/13
s 1
f 244/244/13 176/176/13 178/178/118
f 175/175/116 247/247/13 249/249/13
f 175/175/116 249/249/13 396/396/13
f 1120/1120/612 1121/1121/744 1122/1122/744
f 1120/1120/612 1122/1122/744 1123/1123/612
f 1122/1122/744 1121/1121/744 828/828/550
f 1122/1122/744 828/828/550 827/827/550
f 1124/1124/745 845/845/558 848/848/558
f 1124/1124/745 848/848/558 1125/1125/745
f 846/846/114 1120/1120/612 1123/1123/612
f 846/846/114 1123/1123/612 847/847/114
f 842/842/556 841/841/556 1126/1126/25
f 842/842/556 1126/1126/25 1127/1127/25
f 1128/1128/746 1124/1124/745 1125/1125/745
f 1128/1128/746 1125/1125/745 1129/1129/746
f 1127/1127/25 1126/1126/25 850/850/559
f 1127/1127/25 850/850/559 849/849/559
f 171/171/113 251/251/163 1130/1130/747
f 171/171/113 1130/1130/747 1131/1131/748
f 1132/1132/749 858/858/46 857/857/566
f 1132/1132/749 857/857/566 292/292/187
s 0
f 1103/1103/547 821/821/547 824/824/547
f 1103/1103/547 824/824/547 1104/1104/547
s 1
f 312/312/206 868/868/572 867/867/571
f 312/312/206 867/867/571 808/808/543
f 1133/1133/750 1134/1134/751 679/679/427
f 1133/1133/750 679/679/427 678/678/426
f 669/669/417 256/256/167 1135/1135/752
f 669/669/417 1135/1135/752 1136/1136/753
f 1136/1136/753 1135/1135/752 1134/1134/751
f 1136/1136/753 1134/1134/751 1133/1133/750
f 1137/1137/754 1067/1067/700 713/713/461
f 1137/1137/754 713/713/461 1138/1138/755
s 0
f 1139/1139/756 1140/1140/756 1141/1141/756
f 1139/1139/756 1141/1141/756 1142/1142/756
f 262/262/100 260/260/100 240/240/100
f 262/262/100 240/240/100 263/263/100
f 1143/1143/100 261/261/100 263/263/100
f 1143/1143/100 263/263/100 1144/1144/100
f 1145/1145/100 1143/1143/100 1144/1144/100
f 1145/1145/100 1144/1144/100 1146/1146/100
f 265/265/100 1145/1145/100 1146/1146/100
f 265/265/100 1146/1146/100 266/266/100
f 268/268/100 264/264/100 266/266/100
f 268/268/100 266/266/100 269/269/100
s 1
f 1147/1147/114 1148/1148/757 1149/1149/757
f 1147/1147/114 1149/1149/757 1150/1150/114
f 1148/1148/757 1151/1151/758 1152/1152/758
f 1148/1148/757 1152/1152/758 1149/1149/757
f 1151/1151/758 1153/1153/759 1154/1154/760
f 1151/1151/758 1154/1154/760 1152/1152/758
f 1153/1153/759 1155/1155/761 1156/1156/762
f 1153/1153/759 1156/1156/762 1154/1154/760
f 1157/1157/763 1156/1156/762 1155/1155/761
f 1157/1157/763 1155/1155/761 1158/1158/764
s 0
f 457/457/13 1159/1159/13 1160/1160/13
f 457/457/13 1160/1160/13 273/273/13
s 1
f 1147/1147/114 1150/1150/114 1161/1161/765
f 1147/1147/114 1161/1161/765 1162/1162/765
f 1162/1162/765 1161/1161/765 1163/1163/766
f 1162/1162/765 1163/1163/766 1164/1164/766
f 1164/1164/766 1163/1163/766 1165/1165/767
f 1164/1164/766 1165/1165/767 1166/1166/768
f 1166/1166/768 1165/1165/767 1167/1167/769
f 1166/1166/768 1167/1167/769 1168/1168/770
s 0
f 320/320/13 326/326/13 325/325/13
f 320/320/13 325/325/13 321/321/13
s 1
f 1169/1169/771 1170/1170/772 1168/1168/770
f 1169/1169/771 1168/1168/770 1167/1167/769
s 0
f 324/324/13 323/323/13 318/318/13
s 1
f 324/324/13 318/318/13 317/317/211
f 1171/1171/773 1172/1172/774 1173/1173/775
f 1171/1171/773 1173/1173/775 1174/1174/776
f 1175/1175/777 1176/1176/778 1177/1177/779
f 1175/1175/777 1177/1177/779 1178/1178/780
f 1179/1179/781 1180/1180/782 1181/1181/783
f 1179/1179/781 1181/1181/783 1182/1182/784
f 1176/1176/778 1183/1183/785 1184/1184/786
f 1176/1176/778 1184/1184/786 1177/1177/779
f 1180/1180/782 1171/1171/773 1174/1174/776
f 1180/1180/782 1174/1174/776 1181/1181/783
f 278/278/175 1175/1175/777 1178/1178/780
f 278/278/175 1178/1178/780 279/279/176
f 1182/1182/784 276/276/173 275/275/172
f 1182/1182/784 275/275/172 1179/1179/781
f 1183/1183/785 1173/1173/775 1172/1172/774
f 1183/1183/785 1172/1172/774 1184/1184/786
f 407/407/264 456/456/285 1185/1185/787
f 407/407/264 1185/1185/787 1186/1186/788
f 1187/1187/789 1188/1188/790 1189/1189/791
s 0
f 1187/1187/792 1189/1189/792 1190/1190/792
s 1
f 385/385/254 1188/1188/790 1187/1187/789
f 385/385/254 1187/1187/789 386/386/255
f 386/386/255 392/392/258 393/393/259
f 386/386/255 393/393/259 394/394/260
s 0
f 1190/1190/793 1189/1189/793 1191/1191/793
s 1
f 1190/1190/794 1191/1191/795 1192/1192/795
f 480/480/796 482/482/254 433/433/267
f 480/480/796 433/433/267 464/464/289
f 312/312/206 808/808/543 807/807/542
f 312/312/206 807/807/542 313/313/207
f 1193/1193/797 1194/1194/798 291/291/186
f 1193/1193/797 291/291/186 1195/1195/799
f 1194/1194/798 1132/1132/749 292/292/187
f 1194/1194/798 292/292/187 291/291/186
f 1195/1195/799 291/291/186 293/293/188
f 1195/1195/799 293/293/188 296/296/190
f 1196/1196/800 1197/1197/801 1198/1198/801
f 1196/1196/800 1198/1198/801 1199/1199/802
f 1200/1200/803 1201/1201/803 1202/1202/804
f 1200/1200/803 1202/1202/804 1203/1203/804
f 1204/1204/805 1201/1201/803 1200/1200/803
f 1204/1204/805 1200/1200/803 1205/1205/806
f 1206/1206/807 1204/1204/805 1205/1205/806
f 1206/1206/807 1205/1205/806 1207/1207/807
f 1208/1208/808 1209/1209/808 1206/1206/807
f 1208/1208/808 1206/1206/807 1207/1207/807
f 1210/1210/809 1209/1209/808 1208/1208/808
f 1210/1210/809 1208/1208/808 1211/1211/809
f 1197/1197/801 1210/1210/809 1211/1211/809
f 1197/1197/801 1211/1211/809 1198/1198/801
f 1202/1202/804 1212/1212/810 1213/1213/811
f 1202/1202/804 1213/1213/811 1203/1203/804
f 1214/1214/812 1215/1215/812 1196/1196/800
f 1214/1214/812 1196/1196/800 1199/1199/802
f 1213/1213/811 1212/1212/810 1216/1216/813
f 1213/1213/811 1216/1216/813 1217/1217/813
f 297/297/191 300/300/194 302/302/196
f 297/297/191 302/302/196 298/298/192
f 300/300/194 303/303/197 305/305/199
f 300/300/194 305/305/199 301/301/195
f 303/303/197 306/306/200 308/308/202
f 303/303/197 308/308/202 304/304/198
f 1218/1218/814 310/310/204 1219/1219/815
f 1218/1218/814 1219/1219/815 1220/1220/816
f 1221/1221/817 307/307/201 306/306/200
f 1221/1221/817 306/306/200 1222/1222/818
f 310/310/204 297/297/191 299/299/193
f 310/310/204 299/299/193 1219/1219/815
f 1223/1223/819 309/309/203 310/310/204
f 1223/1223/819 310/310/204 1218/1218/814
f 1222/1222/818 306/306/200 309/309/203
f 1222/1222/818 309/309/203 1223/1223/819
f 314/314/208 316/316/210 868/868/572
f 314/314/208 868/868/572 1224/1224/820
f 311/311/205 1224/1224/820 868/868/572
f 311/311/205 868/868/572 312/312/206
s 0
f 1225/1225/13 1226/1226/13 323/323/13
f 1225/1225/13 323/323/13 322/322/13
f 1159/1159/13 319/319/13 321/321/13
f 1159/1159/13 321/321/13 1160/1160/13
s 1
f 1227/1227/555 1228/1228/821 1229/1229/556
f 1227/1227/555 1229/1229/556 1230/1230/556
f 1231/1231/554 1232/1232/554 1228/1228/821
f 1231/1231/554 1228/1228/821 1227/1227/555
f 1233/1233/25 1234/1234/25 1235/1235/559
f 1233/1233/25 1235/1235/559 1236/1236/559
f 1237/1237/553 1238/1238/552 1239/1239/552
f 1237/1237/553 1239/1239/552 1240/1240/553
f 1241/1241/551 1242/1242/550 1243/1243/550
f 1241/1241/551 1243/1243/550 1244/1244/551
f 1245/1245/114 1246/1246/114 1247/1247/558
f 1245/1245/114 1247/1247/558 1248/1248/558
f 1249/1249/557 1239/1239/552 1238/1238/552
f 1249/1249/557 1238/1238/552 1250/1250/557
f 1230/1230/556 1229/1229/556 1234/1234/25
f 1230/1230/556 1234/1234/25 1233/1233/25
f 1248/1248/558 1247/1247/558 1251/1251/822
f 1248/1248/558 1251/1251/822 1252/1252/745
f 1253/1253/46 1254/1254/746 1255/1255/746
f 1253/1253/46 1255/1255/746 1256/1256/46
f 1242/1242/550 1257/1257/744 1258/1258/744
f 1242/1242/550 1258/1258/744 1243/1243/550
f 1258/1258/744 1257/1257/744 1259/1259/612
f 1258/1258/744 1259/1259/612 1260/1260/612
f 1236/1236/559 1235/1235/559 1249/1249/557
f 1236/1236/559 1249/1249/557 1250/1250/557
f 1252/1252/745 1251/1251/822 1255/1255/746
f 1252/1252/745 1255/1255/746 1254/1254/746
f 1253/1253/46 1256/1256/46 1232/1232/554
f 1253/1253/46 1232/1232/554 1231/1231/554
f 1260/1260/612 1259/1259/612 1246/1246/114
f 1260/1260/612 1246/1246/114 1245/1245/114
f 1261/1261/612 1262/1262/823 1263/1263/744
f 1261/1261/612 1263/1263/744 1264/1264/612
f 1265/1265/556 1266/1266/821 1267/1267/555
f 1265/1265/556 1267/1267/555 1268/1268/556
f 1269/1269/114 1261/1261/612 1264/1264/612
f 1269/1269/114 1264/1264/612 1270/1270/114
f 1271/1271/547 1272/1272/552 1273/1273/552
f 1271/1271/547 1273/1273/552 1274/1274/547
f 1275/1275/824 1276/1276/746 1277/1277/746
f 1275/1275/824 1277/1277/746 1278/1278/824
f 1279/1279/550 1271/1271/547 1274/1274/547
f 1279/1279/550 1274/1274/547 1280/1280/550
f 1262/1262/823 1279/1279/550 1280/1280/550
f 1262/1262/823 1280/1280/550 1263/1263/744
f 1272/1272/552 1281/1281/825 1282/1282/557
f 1272/1272/552 1282/1282/557 1273/1273/552
f 1281/1281/825 1283/1283/559 1284/1284/559
f 1281/1281/825 1284/1284/559 1282/1282/557
f 1285/1285/25 1265/1265/556 1268/1268/556
f 1285/1285/25 1268/1268/556 1286/1286/25
f 1283/1283/559 1285/1285/25 1286/1286/25
f 1283/1283/559 1286/1286/25 1284/1284/559
f 1287/1287/822 1288/1288/558 1289/1289/558
f 1287/1287/822 1289/1289/558 1290/1290/745
f 1291/1291/554 1292/1292/826 1293/1293/826
f 1291/1291/554 1293/1293/826 1294/1294/554
f 1266/1266/821 1291/1291/554 1294/1294/554
f 1266/1266/821 1294/1294/554 1267/1267/555
f 1276/1276/746 1287/1287/822 1290/1290/745
f 1276/1276/746 1290/1290/745 1277/1277/746
f 1288/1288/558 1269/1269/114 1270/1270/114
f 1288/1288/558 1270/1270/114 1289/1289/558
f 317/317/211 237/237/160 239/239/162
f 317/317/211 239/239/162 333/333/217
f 280/280/177 330/330/214 332/332/216
f 280/280/177 332/332/216 281/281/178
f 330/330/214 317/317/211 329/329/213
f 330/330/214 329/329/213 341/341/225
s 0
f 326/326/13 1295/1295/13 1296/1296/13
f 326/326/13 1296/1296/13 327/327/13
s 1
f 88/88/65 346/346/228 348/348/230
f 88/88/65 348/348/230 1297/1297/230
f 755/755/494 638/638/389 641/641/391
f 755/755/494 641/641/391 756/756/495
f 1298/1298/827 1299/1299/828 1300/1300/829
f 1298/1298/827 1300/1300/829 1301/1301/829
f 364/364/242 363/363/241 1302/1302/830
f 364/364/242 1302/1302/830 1303/1303/831
f 1304/1304/832 1305/1305/833 1306/1306/46
f 1304/1304/832 1306/1306/46 1307/1307/834
f 1308/1308/835 1309/1309/836 1310/1310/837
f 1308/1308/835 1310/1310/837 1311/1311/838
f 1307/1307/834 1306/1306/46 1312/1312/554
f 1307/1307/834 1312/1312/554 1313/1313/839
f 1301/1301/829 1300/1300/829 1314/1314/840
f 1301/1301/829 1314/1314/840 1315/1315/840
f 1313/1313/839 1312/1312/554 1316/1316/555
f 1313/1313/839 1316/1316/555 1317/1317/841
f 1302/1302/830 1311/1311/838 1310/1310/837
f 1302/1302/830 1310/1310/837 1303/1303/831
f 1318/1318/842 1319/1319/843 1320/1320/844
f 1318/1318/842 1320/1320/844 1321/1321/845
f 1322/1322/556 1323/1323/846 1317/1317/841
f 1322/1322/556 1317/1317/841 1316/1316/555
f 1324/1324/847 1325/1325/848 1326/1326/848
f 1324/1324/847 1326/1326/848 1327/1327/849
f 1328/1328/25 1329/1329/850 1323/1323/846
f 1328/1328/25 1323/1323/846 1322/1322/556
f 1330/1330/851 1324/1324/847 1327/1327/849
f 1330/1330/851 1327/1327/849 1331/1331/851
f 1332/1332/852 1333/1333/853 1329/1329/850
f 1332/1332/852 1329/1329/850 1328/1328/25
f 1334/1334/854 1335/1335/854 1336/1336/855
f 1334/1334/854 1336/1336/855 1337/1337/855
f 1338/1338/856 1339/1339/857 1299/1299/828
f 1338/1338/856 1299/1299/828 1298/1298/827
f 1330/1330/851 1331/1331/851 1335/1335/854
f 1330/1330/851 1335/1335/854 1334/1334/854
f 1340/1340/858 1341/1341/859 1333/1333/853
f 1340/1340/858 1333/1333/853 1332/1332/852
f 1342/1342/860 1343/1343/860 1337/1337/855
f 1342/1342/860 1337/1337/855 1336/1336/855
f 1339/1339/857 1338/1338/856 1309/1309/836
f 1339/1339/857 1309/1309/836 1308/1308/835
f 1315/1315/840 1314/1314/840 1343/1343/860
f 1315/1315/840 1343/1343/860 1342/1342/860
f 1344/1344/861 1345/1345/862 1346/1346/863
f 1344/1344/861 1346/1346/863 1347/1347/864
f 1348/1348/865 1349/1349/866 1350/1350/867
f 1348/1348/865 1350/1350/867 1351/1351/867
s 0
f 161/161/13 16/16/13 366/366/13
f 161/161/13 366/366/13 365/365/13
s 1
f 181/181/121 179/179/119 177/177/117
f 181/181/121 177/177/117 182/182/122
f 1352/1352/868 1353/1353/869 1354/1354/870
f 1352/1352/868 1354/1354/870 1355/1355/871
f 1355/1355/871 1354/1354/870 763/763/502
f 1355/1355/871 763/763/502 762/762/501
f 957/957/623 57/57/40 372/372/247
f 957/957/623 372/372/247 1356/1356/872
f 1357/1357/873 1358/1358/873 1359/1359/874
f 1357/1357/873 1359/1359/874 1360/1360/875
f 1305/1305/833 1304/1304/832 1360/1360/875
f 1305/1305/833 1360/1360/875 1359/1359/874
f 368/368/243 370/370/245 1353/1353/869
f 368/368/243 1353/1353/869 1352/1352/868
f 1361/1361/876 1362/1362/877 1363/1363/878
f 1361/1361/876 1363/1363/878 1364/1364/876
f 1348/1348/865 1365/1365/879 1366/1366/879
f 1348/1348/865 1366/1366/879 1349/1349/866
f 1365/1365/879 1367/1367/25 1368/1368/25
f 1365/1365/879 1368/1368/25 1366/1366/879
f 1367/1367/25 1361/1361/876 1364/1364/876
f 1367/1367/25 1364/1364/876 1368/1368/25
f 1363/1363/878 1362/1362/877 1369/1369/880
f 1363/1363/878 1369/1369/880 1370/1370/880
f 1371/1371/881 1372/1372/882 1373/1373/883
f 1371/1371/881 1373/1373/883 1374/1374/883
s 0
f 1375/1375/13 1376/1376/13 1377/1377/13
f 1375/1375/13 1377/1377/13 1378/1378/13
f 1379/1379/13 1380/1380/13 1381/1381/13
f 1379/1379/13 1381/1381/13 1382/1382/13
f 1383/1383/13 1384/1384/13 1380/1380/13
f 1383/1383/13 1380/1380/13 1379/1379/13
f 1376/1376/13 450/450/13 453/453/13
f 1376/1376/13 453/453/13 1377/1377/13
f 1383/1383/13 1375/1375/13 1378/1378/13
f 1383/1383/13 1378/1378/13 1384/1384/13
s 1
f 1347/1347/864 1346/1346/863 352/352/232
f 1347/1347/864 352/352/232 351/351/231
f 1385/1385/884 1386/1386/885 1387/1387/885
f 1385/1385/884 1387/1387/885 1388/1388/884
f 327/327/13 1296/1296/886 1295/1295/13
f 327/327/13 1295/1295/13 347/347/229
f 344/344/227 1389/1389/887 1390/1390/888
f 344/344/227 1390/1390/888 1391/1391/889
f 1392/1392/890 1393/1393/890 1345/1345/862
f 1392/1392/890 1345/1345/862 1344/1344/861
f 1393/1393/890 1392/1392/890 1394/1394/891
f 1393/1393/890 1394/1394/891 1395/1395/892
f 1395/1395/892 1394/1394/891 358/358/236
f 1395/1395/892 358/358/236 357/357/235
f 1389/1389/887 344/344/227 343/343/226
f 1389/1389/887 343/343/226 1396/1396/893
f 1396/1396/893 343/343/226 1397/1397/894
f 1396/1396/893 1397/1397/894 1398/1398/895
f 1398/1398/895 1397/1397/894 1399/1399/896
f 1398/1398/895 1399/1399/896 1400/1400/897
s 0
f 1400/1400/898 1399/1399/898 349/349/898
f 1400/1400/25 349/349/25 62/62/25
s 1
f 851/851/560 1401/1401/899 1402/1402/900
f 851/851/560 1402/1402/900 852/852/561
f 1131/1131/748 1130/1130/747 864/864/568
f 1131/1131/748 864/864/568 863/863/567
f 1401/1401/899 1403/1403/901 200/200/138
f 1401/1401/899 200/200/138 1402/1402/900
f 1404/1404/902 82/82/59 81/81/58
f 1404/1404/902 81/81/58 1405/1405/902
f 402/402/25 201/201/139 1406/1406/903
f 402/402/25 1406/1406/903 403/403/25
f 1407/1407/904 1408/1408/905 1409/1409/906
f 1407/1407/904 1409/1409/906 1410/1410/907
f 764/764/503 359/359/237 361/361/239
f 764/764/503 361/361/239 765/765/504
s 0
f 397/397/100 146/146/100 148/148/100
f 397/397/100 148/148/100 398/398/100
s 1
f 334/334/218 336/336/220 238/238/161
f 334/334/218 238/238/161 237/237/160
f 1403/1403/901 1406/1406/903 201/201/139
f 1403/1403/901 201/201/139 200/200/138
f 393/393/259 210/210/146 208/208/144
f 393/393/259 208/208/144 1411/1411/908
f 865/865/569 405/405/262 407/407/264
f 865/865/569 407/407/264 1186/1186/788
f 799/799/538 798/798/537 404/404/261
f 799/799/538 404/404/261 221/221/154
f 108/108/80 107/107/79 1412/1412/909
f 108/108/80 1412/1412/909 1413/1413/910
f 1413/1413/910 1412/1412/909 1081/1081/712
f 1413/1413/910 1081/1081/712 1080/1080/711
s 0
f 1192/1192/911 1191/1191/911 482/482/912
f 1192/1192/791 482/482/913 481/481/913
f 468/468/25 401/401/25 403/403/25
f 468/468/25 403/403/25 460/460/25
s 1
f 1414/1414/914 1415/1415/914 1416/1416/915
f 1414/1414/914 1416/1416/915 1417/1417/915
f 1417/1417/915 1416/1416/915 1418/1418/916
f 1417/1417/915 1418/1418/916 1419/1419/916
s 0
f 1420/1420/917 1421/1421/917 1422/1422/917
f 1420/1420/917 1422/1422/917 1423/1423/917
s 1
f 1424/1424/918 1425/1425/919 1426/1426/919
f 1424/1424/918 1426/1426/919 1427/1427/920
f 1428/1428/921 1429/1429/922 1430/1430/923
f 1428/1428/921 1430/1430/923 1431/1431/921
f 1425/1425/919 1432/1432/924 1433/1433/924
f 1425/1425/919 1433/1433/924 1426/1426/919
s 0
f 1434/1434/100 1435/1435/100 1436/1436/100
f 1434/1434/100 1436/1436/100 1437/1437/100
s 1
f 1429/1429/922 1438/1438/925 1439/1439/925
f 1429/1429/922 1439/1439/925 1430/1430/923
f 1440/1440/926 1428/1428/921 1431/1431/921
f 1440/1440/926 1431/1431/921 1441/1441/926
f 1442/1442/927 1424/1424/918 1427/1427/920
f 1442/1442/927 1427/1427/920 1443/1443/927
f 1444/1444/928 1074/1074/705 1077/1077/708
f 1444/1444/928 1077/1077/708 1445/1445/929
f 1070/1070/703 866/866/570 316/316/210
f 1070/1070/703 316/316/210 315/315/209
s 0
f 1446/1446/930 1447/1447/930 1448/1448/930
f 1446/1446/930 1448/1448/930 1449/1449/930
s 1
f 1450/1450/931 1451/1451/932 1452/1452/932
f 1450/1450/931 1452/1452/932 1453/1453/931
f 1454/1454/933 1450/1450/931 1453/1453/931
f 1454/1454/933 1453/1453/931 1455/1455/933
f 1456/1456/934 1457/1457/935 1458/1458/935
f 1456/1456/934 1458/1458/935 1459/1459/934
f 1460/1460/936 1461/1461/937 1462/1462/937
f 1460/1460/936 1462/1462/937 1463/1463/936
f 1464/1464/938 1465/1465/939 1466/1466/939
f 1464/1464/938 1466/1466/939 1467/1467/938
f 1461/1461/937 1464/1464/938 1467/1467/938
f 1461/1461/937 1467/1467/938 1462/1462/937
f 1468/1468/940 1456/1456/934 1459/1459/934
f 1468/1468/940 1459/1459/934 1469/1469/940
f 1470/1470/941 1454/1454/933 1455/1455/933
f 1470/1470/941 1455/1455/933 1471/1471/941
f 1472/1472/942 1473/1473/943 1474/1474/943
f 1472/1472/942 1474/1474/943 1475/1475/942
f 1457/1457/935 1476/1476/944 1477/1477/944
f 1457/1457/935 1477/1477/944 1458/1458/935
f 1476/1476/944 1460/1460/936 1463/1463/936
f 1476/1476/944 1463/1463/936 1477/1477/944
f 1465/1465/939 1478/1478/945 1479/1479/945
f 1465/1465/939 1479/1479/945 1466/1466/939
f 1451/1451/932 1472/1472/942 1475/1475/942
f 1451/1451/932 1475/1475/942 1452/1452/932
f 1480/1480/946 1470/1470/941 1471/1471/941
f 1480/1480/946 1471/1471/941 1481/1481/946
f 1478/1478/945 1480/1480/946 1481/1481/946
f 1478/1478/945 1481/1481/946 1479/1479/945
f 1473/1473/943 1468/1468/940 1469/1469/940
f 1473/1473/943 1469/1469/940 1474/1474/943
f 78/78/56 467/467/292 469/469/293
f 78/78/56 469/469/293 79/79/57
f 1077/1077/708 1076/1076/707 1415/1415/914
f 1077/1077/708 1415/1415/914 1414/1414/914
s 0
f 1482/1482/46 1483/1483/46 1484/1484/46
f 1482/1482/46 1484/1484/46 1485/1485/46
s 1
f 1094/1094/725 1407/1407/904 1410/1410/907
f 1094/1094/725 1410/1410/907 1095/1095/726
f 1028/1028/661 722/722/470 721/721/469
f 1028/1028/661 721/721/469 1000/1000/634
s 0
f 1486/1486/547 1487/1487/547 1488/1488/547
f 1486/1486/547 1488/1488/547 1489/1489/547
s 1
f 286/286/181 483/483/300 465/465/290
f 286/286/181 465/465/290 467/467/292
f 461/461/286 463/463/288 1099/1099/732
f 461/461/286 1099/1099/732 1100/1100/733
f 1490/1490/947 437/437/271 211/211/147
f 1490/1490/947 211/211/147 213/213/149
s 0
f 450/450/13 374/374/13 376/376/13
f 450/450/13 376/376/13 451/451/13
s 1
f 1491/1491/948 1138/1138/755 713/713/461
f 1491/1491/948 713/713/461 712/712/460
s 0
f 476/476/25 478/478/25 873/873/25
f 476/476/25 873/873/25 872/872/25
s 1
f 783/783/522 782/782/521 1492/1492/949
f 783/783/522 1492/1492/949 1493/1493/950
s 0
f 1225/1225/13 271/271/13 273/273/13
f 1225/1225/13 273/273/13 1226/1226/13
s 1
f 1494/1494/13 327/327/13 347/347/229
f 1494/1494/13 347/347/229 346/346/228
f 1340/1340/858 362/362/240 364/364/242
f 1340/1340/858 364/364/242 1341/1341/859
f 790/790/529 789/789/528 1097/1097/728
f 790/790/529 1097/1097/728 1098/1098/729
f 1083/1083/714 1082/1082/713 1093/1093/724
f 1083/1083/714 1093/1093/724 1092/1092/723
f 835/835/46 1128/1128/746 1129/1129/746
f 835/835/46 1129/1129/746 836/836/46
f 1091/1091/722 1090/1090/721 1493/1493/950
f 1091/1091/722 1493/1493/950 1492/1492/949
f 1409/1409/906 1408/1408/905 788/788/527
f 1409/1409/906 788/788/527 791/791/530
s 0
f 458/458/25 460/460/25 478/478/25
f 458/458/25 478/478/25 477/477/25
s 1
f 779/779/518 800/800/539 1096/1096/727
f 779/779/518 1096/1096/727 780/780/519
f 812/812/546 1085/1085/716 1079/1079/710
f 812/812/546 1079/1079/710 801/801/540
f 779/779/518 812/812/546 801/801/540
f 779/779/518 801/801/540 800/800/539
f 777/777/516 776/776/515 1084/1084/715
f 777/777/516 1084/1084/715 811/811/545
f 785/785/524 777/777/516 811/811/545
f 785/785/524 811/811/545 778/778/517
f 785/785/524 778/778/517 781/781/520
f 785/785/524 781/781/520 786/786/525
f 1074/1074/705 774/774/513 784/784/523
f 1074/1074/705 784/784/523 1075/1075/706
f 1075/1075/706 784/784/523 787/787/526
f 1075/1075/706 787/787/526 1101/1101/734
f 1074/1074/705 1444/1444/928 775/775/514
f 1074/1074/705 775/775/514 774/774/513
s 0
f 888/888/25 887/887/25 535/535/25
f 888/888/25 535/535/25 538/538/25
s 1
f 575/575/339 578/578/341 750/750/491
f 575/575/339 750/750/491 749/749/490
f 881/881/579 486/486/303 84/84/61
f 881/881/579 84/84/61 882/882/580
s 0
f 1495/1495/25 472/472/25 592/592/25
f 472/472/25 1495/1495/25 103/103/25
f 472/472/25 103/103/25 454/454/25
f 194/194/951 1496/1496/951 192/192/951
f 1496/1496/952 194/194/952 214/214/952
f 214/214/577 194/194/577 215/215/577
s 1
f 380/380/252 462/462/287 479/479/297
f 462/462/287 380/380/252 463/463/288
f 463/463/288 380/380/252 1099/1099/732
f 475/475/296 1497/1497/953 473/473/294
s 0
f 1497/1497/951 475/475/953 192/192/953
s 1
f 192/192/954 475/475/296 193/193/953
o wheel_stop_low.001_M_WP_Revolver_0
v -0.035242 -0.387187 0.057464
v -0.034313 -0.387512 0.114581
v -0.033934 -0.382431 0.108288
v -0.034313 -0.387512 -0.001648
v -0.033934 -0.382431 0.004645
v -0.033302 -0.373951 0.020771
v -0.032912 -0.368729 0.038269
v -0.032781 -0.366966 0.056467
v -0.032912 -0.368729 0.074664
v -0.033302 -0.373951 0.092162
v -0.013190 -0.394896 0.057464
v -0.009313 -0.382792 0.108288
v -0.009692 -0.387873 0.114581
v -0.009692 -0.387873 -0.001648
v -0.009313 -0.382792 0.004645
v -0.008681 -0.374313 0.020771
v -0.008291 -0.369091 0.038269
v -0.008160 -0.367328 0.056467
v -0.008291 -0.369091 0.074664
v -0.008681 -0.374313 0.092162
v -0.048104 -0.423978 0.057464
v -0.047175 -0.424303 0.114581
v -0.047175 -0.424303 -0.001648
v -0.025122 -0.432012 0.114581
v -0.026051 -0.431687 0.057464
v -0.025122 -0.432012 -0.001648
v -0.033302 -0.373951 0.020771
v -0.032912 -0.368729 0.038269
v -0.008291 -0.369091 0.038269
v -0.008681 -0.374313 0.020771
v -0.032781 -0.366966 0.056467
v -0.008160 -0.367328 0.056467
v -0.034313 -0.387512 -0.001648
v -0.033934 -0.382431 0.004645
v -0.009313 -0.382792 0.004645
v -0.009692 -0.387873 -0.001648
v -0.032912 -0.368729 0.074664
v -0.008291 -0.369091 0.074664
v -0.033302 -0.373951 0.092162
v -0.033934 -0.382431 0.108288
v -0.009313 -0.382792 0.108288
v -0.008681 -0.374313 0.092162
v -0.048104 -0.423978 0.057464
v -0.047175 -0.424303 -0.001648
v -0.025122 -0.432012 -0.001648
v -0.026051 -0.431687 0.057464
v -0.034313 -0.387512 0.114581
v -0.009692 -0.387873 0.114581
v -0.047175 -0.424303 -0.001648
v -0.034313 -0.387512 -0.001648
v -0.009692 -0.387873 -0.001648
v -0.025122 -0.432012 -0.001648
v -0.047175 -0.424303 0.114581
v -0.025122 -0.432012 0.114581
v -0.034313 -0.387512 0.114581
v -0.047175 -0.424303 0.114581
v -0.025122 -0.432012 0.114581
v -0.009692 -0.387873 0.114581
vn -0.9747 0.2234 0.0003
vn -0.9652 0.2608 0.0172
vn -0.9952 0.0968 0.0166
vn -0.9653 0.2606 -0.0166
vn -0.9952 0.0960 -0.0160
vn -0.9943 0.1055 -0.0145
vn -0.9933 0.1154 -0.0096
vn -0.9927 0.1208 -0.0001
vn -0.9932 0.1164 0.0097
vn -0.9942 0.1065 0.0150
vn 0.9668 -0.2556 -0.0006
vn 0.9900 -0.1343 -0.0435
vn 0.9655 -0.2590 -0.0273
vn 0.9656 -0.2588 0.0264
vn 0.9903 -0.1325 0.0423
vn 0.9876 -0.1527 0.0357
vn 0.9850 -0.1709 0.0216
vn 0.9838 -0.1795 0.0002
vn 0.9848 -0.1725 -0.0216
vn 0.9873 -0.1547 -0.0365
vn -0.9440 0.3300 0.0003
vn -0.9438 0.3300 0.0172
vn -0.9438 0.3300 -0.0166
vn 0.9438 -0.3300 -0.0172
vn 0.9440 -0.3300 -0.0003
vn 0.9438 -0.3300 0.0166
vn 0.0136 0.9253 -0.3791
vn 0.0144 0.9811 -0.1930
vn 0.0144 0.9814 -0.1916
vn 0.0136 0.9263 -0.3765
vn 0.0147 0.9999 -0.0000
vn 0.0114 0.7777 -0.6286
vn 0.0122 0.8341 -0.5515
vn 0.0123 0.8363 -0.5481
vn 0.0114 0.7777 -0.6285
vn 0.0144 0.9811 0.1930
vn 0.0144 0.9814 0.1916
vn 0.0136 0.9253 0.3791
vn 0.0122 0.8341 0.5515
vn 0.0123 0.8363 0.5481
vn 0.0136 0.9263 0.3765
vn -0.3300 -0.9440 -0.0000
vn 0.0114 0.7777 0.6286
vn -0.0000 -0.0000 -1.0000
vn -0.0000 -0.0000 1.0000
vt 0.728378 0.148166
vt 0.728383 0.139881
vt 0.727649 0.140796
vt 0.728383 0.156740
vt 0.727649 0.155825
vt 0.726425 0.153483
vt 0.725675 0.150946
vt 0.725424 0.148311
vt 0.725676 0.145675
vt 0.726426 0.143138
vt 0.529012 0.621054
vt 0.527162 0.628425
vt 0.527892 0.629341
vt 0.527892 0.612477
vt 0.527162 0.613394
vt 0.525945 0.615738
vt 0.525198 0.618275
vt 0.524948 0.620909
vt 0.525199 0.623544
vt 0.525945 0.626081
vt 0.734030 0.148166
vt 0.734034 0.139884
vt 0.734034 0.156738
vt 0.534672 0.629336
vt 0.534666 0.621054
vt 0.534672 0.612483
vt 0.453223 0.511741
vt 0.453177 0.509093
vt 0.449608 0.509093
vt 0.449653 0.511741
vt 0.453162 0.506443
vt 0.449592 0.506443
vt 0.453341 0.515556
vt 0.453296 0.514383
vt 0.449727 0.514383
vt 0.449771 0.515556
vt 0.453177 0.503792
vt 0.449608 0.503792
vt 0.453223 0.501144
vt 0.453296 0.498502
vt 0.449727 0.498502
vt 0.449653 0.501144
vt 0.537538 0.062660
vt 0.546108 0.062517
vt 0.546108 0.059131
vt 0.537538 0.059273
vt 0.453341 0.497329
vt 0.449771 0.497329
vt 0.005340 0.607915
vt 0.005340 0.602265
vt 0.001953 0.601136
vt 0.001953 0.607915
vt 0.529258 0.062517
vt 0.529258 0.059131
vt 0.249398 0.814969
vt 0.249398 0.809318
vt 0.246011 0.809318
vt 0.246011 0.816097
s 1
usemtl M_WP_Revolver
f 1498/1498/955 1499/1499/956 1500/1500/957
f 1501/1501/958 1498/1498/955 1502/1502/959
f 1502/1502/959 1498/1498/955 1503/1503/960
f 1504/1504/961 1498/1498/955 1505/1505/962
f 1503/1503/960 1498/1498/955 1504/1504/961
f 1498/1498/955 1506/1506/963 1505/1505/962
f 1498/1498/955 1507/1507/964 1506/1506/963
f 1498/1498/955 1500/1500/957 1507/1507/964
f 1508/1508/965 1509/1509/966 1510/1510/967
f 1511/1511/968 1512/1512/969 1508/1508/965
f 1512/1512/969 1513/1513/970 1508/1508/965
f 1514/1514/971 1515/1515/972 1508/1508/965
f 1513/1513/970 1514/1514/971 1508/1508/965
f 1508/1508/965 1515/1515/972 1516/1516/973
f 1508/1508/965 1516/1516/973 1517/1517/974
f 1508/1508/965 1517/1517/974 1509/1509/966
f 1498/1498/955 1518/1518/975 1519/1519/976
f 1498/1498/955 1519/1519/976 1499/1499/956
f 1501/1501/958 1520/1520/977 1518/1518/975
f 1501/1501/958 1518/1518/975 1498/1498/955
f 1508/1508/965 1510/1510/967 1521/1521/978
f 1508/1508/965 1521/1521/978 1522/1522/979
f 1511/1511/968 1508/1508/965 1522/1522/979
f 1511/1511/968 1522/1522/979 1523/1523/980
f 1524/1524/981 1525/1525/982 1526/1526/983
f 1524/1524/981 1526/1526/983 1527/1527/984
f 1525/1525/982 1528/1528/985 1529/1529/985
f 1525/1525/982 1529/1529/985 1526/1526/983
f 1530/1530/986 1531/1531/987 1532/1532/988
f 1530/1530/986 1532/1532/988 1533/1533/989
f 1528/1528/985 1534/1534/990 1535/1535/991
f 1528/1528/985 1535/1535/991 1529/1529/985
f 1536/1536/992 1537/1537/993 1538/1538/994
f 1536/1536/992 1538/1538/994 1539/1539/995
s 0
f 1540/1540/996 1541/1541/996 1542/1542/996
f 1540/1540/996 1542/1542/996 1543/1543/996
s 1
f 1537/1537/993 1544/1544/997 1545/1545/997
f 1537/1537/993 1545/1545/997 1538/1538/994
f 1531/1531/987 1524/1524/981 1527/1527/984
f 1531/1531/987 1527/1527/984 1532/1532/988
s 0
f 1546/1546/998 1547/1547/998 1548/1548/998
f 1546/1546/998 1548/1548/998 1549/1549/998
f 1550/1550/996 1540/1540/996 1543/1543/996
f 1550/1550/996 1543/1543/996 1551/1551/996
s 1
f 1534/1534/990 1536/1536/992 1539/1539/995
f 1534/1534/990 1539/1539/995 1535/1535/991
s 0
f 1552/1552/999 1553/1553/999 1554/1554/999
f 1552/1552/999 1554/1554/999 1555/1555/999
o Hammer_low.001_M_WP_Revolver_0
v -0.008109 0.157844 0.661398
v 0.012995 0.218213 0.469215
v 0.004201 0.193058 0.475913
v -0.086309 -0.065851 0.769921
v -0.073333 -0.028733 1.028640
v -0.059755 0.010108 0.980557
v 0.175348 0.440807 0.473031
v 0.137480 0.454045 0.473031
v 0.156955 0.448974 0.473031
v -0.002440 0.174059 0.650907
v 0.069729 0.380502 0.447834
v 0.069729 0.380502 0.413823
v 0.025790 0.254811 0.413823
v 0.082228 0.416255 0.535539
v 0.078056 0.404320 0.473058
v 0.073474 0.391213 0.549219
v 0.066738 0.371945 0.565240
v 0.072168 0.387478 0.465673
v 0.061426 0.356751 0.588836
v 0.010715 0.211689 0.655454
v 0.104684 0.118413 0.661398
v 0.116994 0.153627 0.475913
v 0.125788 0.178782 0.469215
v 0.026484 -0.105282 0.769921
v 0.053038 -0.029323 0.980557
v 0.039460 -0.068164 1.028640
v 0.157063 0.449283 0.526268
v 0.137587 0.454354 0.526268
v 0.175456 0.441115 0.526268
v 0.110353 0.134629 0.650907
v 0.182522 0.341072 0.447834
v 0.138583 0.215380 0.413823
v 0.182522 0.341072 0.413823
v 0.195021 0.376824 0.535538
v 0.186267 0.351783 0.549219
v 0.190849 0.364889 0.473058
v 0.179531 0.332514 0.565240
v 0.174219 0.317320 0.588836
v 0.184961 0.348048 0.465673
v 0.123508 0.172258 0.655454
v -0.014610 0.139247 0.728343
v -0.022236 0.117431 0.790689
v -0.033494 0.085229 0.860513
v -0.046669 0.047542 0.927186
v 0.066124 0.008111 0.927186
v 0.079299 0.045798 0.860513
v 0.090557 0.078001 0.790689
v 0.098183 0.099816 0.728343
v 0.190849 0.364889 0.473058
v 0.078056 0.404320 0.473058
v 0.090764 0.440672 0.473031
v 0.203557 0.401241 0.473031
v 0.067540 0.515328 0.957865
v 0.049114 0.461959 0.966157
v 0.066366 0.463369 1.009559
v 0.083074 0.511161 1.004773
v 0.062201 0.449627 0.811409
v 0.045273 0.401204 0.835013
v 0.039738 0.432549 0.880091
v 0.059503 0.489089 0.868675
v 0.071289 0.406802 0.772169
v 0.056594 0.362411 0.795931
v 0.042552 0.302761 0.732554
v 0.063941 0.363944 0.709351
v 0.059363 0.350849 0.677216
v 0.031003 0.269723 0.701017
v 0.128829 0.483102 1.066160
v 0.115343 0.444281 1.068239
v 0.136134 0.437401 1.074565
v 0.147930 0.470833 1.073165
v 0.069516 0.379892 0.741795
v 0.051947 0.329635 0.762002
v 0.058029 0.347034 0.644263
v 0.019585 0.237061 0.673304
v 0.058962 0.349702 0.613687
v 0.231478 0.390450 0.811409
v 0.062201 0.449627 0.811409
v 0.059503 0.489089 0.868675
v 0.258174 0.419636 0.868675
v 0.195021 0.376824 0.535538
v 0.082228 0.416255 0.535539
v 0.073474 0.391213 0.549219
v 0.186267 0.351783 0.549219
v 0.179531 0.332514 0.565240
v 0.066738 0.371945 0.565240
v 0.061426 0.356751 0.588836
v 0.174219 0.317320 0.588836
v 0.176734 0.324513 0.709351
v 0.063941 0.363944 0.709351
v 0.069516 0.379892 0.741795
v 0.182309 0.340462 0.741795
v 0.172156 0.311419 0.677216
v 0.059363 0.350849 0.677216
v 0.203775 0.401866 0.526268
v 0.090982 0.441297 0.526268
v 0.197688 0.362615 0.772169
v 0.071289 0.406802 0.772169
v 0.200218 0.458145 1.066160
v 0.177633 0.460449 1.073165
v 0.166031 0.426950 1.074566
v 0.186580 0.419377 1.068239
v 0.171755 0.310271 0.613687
v 0.058962 0.349702 0.613687
v 0.058029 0.347034 0.644263
v 0.170822 0.307603 0.644263
v 0.258174 0.419636 0.868675
v 0.269342 0.436925 0.921882
v 0.249809 0.381222 0.930626
v 0.238408 0.363096 0.880090
v 0.137480 0.454045 0.473031
v 0.137587 0.454354 0.526268
v 0.157063 0.449283 0.526268
v 0.156955 0.448974 0.473031
v 0.117005 0.453630 0.473031
v 0.117113 0.453938 0.526268
v 0.099507 0.447900 0.473031
v 0.099615 0.448209 0.526268
v 0.090764 0.440672 0.473031
v 0.090982 0.441297 0.526268
v 0.249398 0.391943 0.966157
v 0.049114 0.461959 0.966157
v 0.042113 0.453830 0.930626
v 0.249809 0.381222 0.930626
v 0.117113 0.453938 0.526268
v 0.099615 0.448209 0.526268
v 0.201329 0.412651 0.526268
v 0.191212 0.428034 0.526268
v 0.182522 0.341072 0.413823
v 0.069729 0.380502 0.413823
v 0.069729 0.380502 0.447834
v 0.182522 0.341072 0.447834
v 0.238408 0.363096 0.880090
v 0.039738 0.432549 0.880091
v 0.045273 0.401204 0.835013
v 0.214550 0.342027 0.835013
v 0.164740 0.290205 0.762002
v 0.051947 0.329635 0.762002
v 0.042552 0.302761 0.732554
v 0.155345 0.263330 0.732554
v 0.138583 0.215380 0.413823
v 0.025790 0.254811 0.413823
v 0.069729 0.380502 0.413823
v 0.182522 0.341072 0.413823
v 0.132560 0.198152 0.451880
v 0.125788 0.178782 0.469215
v 0.012995 0.218213 0.469215
v 0.019767 0.237583 0.451880
v 0.110353 0.134629 0.650907
v -0.002440 0.174059 0.650907
v -0.008109 0.157844 0.661398
v 0.104684 0.118413 0.661398
v 0.104684 0.118413 0.661398
v -0.008109 0.157844 0.661398
v -0.014610 0.139247 0.728343
v 0.098183 0.099816 0.728343
v 0.031003 0.269723 0.701017
v 0.143796 0.230292 0.701017
v 0.116129 0.151150 0.649291
v 0.003336 0.190581 0.649291
v 0.181525 0.318737 0.795931
v 0.056594 0.362411 0.795931
v 0.053038 -0.029323 0.980557
v -0.059755 0.010108 0.980557
v -0.073333 -0.028733 1.028640
v 0.039460 -0.068164 1.028640
v 0.132377 0.197630 0.673304
v 0.019585 0.237061 0.673304
v 0.010715 0.211689 0.655454
v 0.123508 0.172258 0.655454
v 0.066124 0.008111 0.927186
v -0.046669 0.047542 0.927186
v 0.019767 0.237583 0.451880
v 0.003336 0.190581 0.649291
v 0.049329 -0.039933 0.473176
v -0.063464 -0.000503 0.473176
v 0.004201 0.193058 0.475913
v 0.116994 0.153627 0.475913
v 0.079299 0.045798 0.860513
v -0.033494 0.085229 0.860513
v 0.039460 -0.068164 1.028640
v -0.073333 -0.028733 1.028640
v -0.086309 -0.065851 0.769921
v 0.026484 -0.105282 0.769921
v 0.090557 0.078001 0.790689
v -0.022236 0.117431 0.790689
v 0.099507 0.447900 0.473031
v 0.201222 0.412342 0.473031
v 0.026484 -0.105282 0.769921
v -0.086309 -0.065851 0.769921
v -0.152108 -0.254071 0.742171
v -0.039315 -0.293502 0.742171
v 0.253489 0.451587 1.004773
v 0.083074 0.511161 1.004773
v 0.106985 0.496835 1.047485
v 0.225860 0.455278 1.047485
v 0.184961 0.348048 0.465673
v 0.072168 0.387478 0.465673
v 0.191104 0.427726 0.473031
v 0.117005 0.453630 0.473031
v -0.016471 -0.228154 0.450916
v -0.129264 -0.188723 0.450916
v -0.063464 -0.000503 0.473176
v -0.129264 -0.188723 0.450916
v -0.152108 -0.254071 0.742171
v 0.025790 0.254811 0.413823
v 0.138583 0.215380 0.413823
v 0.091714 0.453827 1.050257
v 0.106985 0.496835 1.047485
v 0.268236 0.445168 0.957865
v 0.253489 0.451587 1.004773
v 0.236782 0.403794 1.009559
v 0.249398 0.391943 0.966157
v 0.231478 0.390450 0.811409
v 0.214550 0.342027 0.835013
v 0.225860 0.455278 1.047485
v 0.211009 0.412123 1.050257
v 0.197688 0.362615 0.772169
v 0.181525 0.318737 0.795931
v 0.155345 0.263330 0.732554
v 0.143796 0.230292 0.701017
v 0.172156 0.311419 0.677216
v 0.176734 0.324513 0.709351
v 0.164740 0.290205 0.762002
v 0.182309 0.340462 0.741795
v 0.132377 0.197630 0.673304
v 0.170822 0.307603 0.644263
v 0.171755 0.310271 0.613687
v 0.175348 0.440807 0.473031
v 0.156955 0.448974 0.473031
v 0.157063 0.449283 0.526268
v 0.175456 0.441115 0.526268
v 0.191212 0.428034 0.526268
v 0.191104 0.427726 0.473031
v 0.201329 0.412651 0.526268
v 0.201222 0.412342 0.473031
v 0.203557 0.401241 0.473031
v 0.203775 0.401866 0.526268
v 0.116129 0.151150 0.649291
v 0.132560 0.198152 0.451880
v 0.049329 -0.039933 0.473176
v -0.039315 -0.293502 0.742171
v -0.016471 -0.228154 0.450916
v 0.211009 0.412123 1.050257
v 0.186580 0.419377 1.068239
v 0.115343 0.444281 1.068239
v 0.091714 0.453827 1.050257
v 0.177633 0.460449 1.073165
v 0.200218 0.458145 1.066160
v 0.128829 0.483102 1.066160
v 0.147930 0.470833 1.073165
v 0.166031 0.426950 1.074566
v 0.136134 0.437401 1.074565
v 0.236782 0.403794 1.009559
v 0.066366 0.463369 1.009559
v 0.061539 0.509570 0.921882
v 0.042113 0.453830 0.930626
v 0.268236 0.445168 0.957865
v 0.067540 0.515328 0.957865
v 0.061539 0.509570 0.921882
v 0.269342 0.436925 0.921882
vn -0.9440 0.3300 -0.0000
vn -0.0000 -0.0000 -1.0000
vn 0.9440 -0.3300 -0.0000
vn -0.0000 -0.0000 1.0000
vn 0.0642 0.1837 -0.9809
vn -0.0002 -0.0007 -1.0000
vn -0.9130 0.3462 0.2158
vn -0.9136 0.3461 0.2132
vn -0.8315 0.3352 0.4430
vn -0.8364 0.3365 0.4326
vn -0.9339 0.1950 -0.2998
vn -0.9317 0.1794 -0.3158
vn -0.9443 0.2754 -0.1800
vn -0.9457 0.2875 -0.1520
vn -0.9432 0.1825 -0.2777
vn -0.9487 0.2039 -0.2416
vn -0.4204 0.1955 0.8860
vn -0.3967 0.1870 0.8987
vn -0.1227 0.0874 0.9886
vn -0.1315 0.0906 0.9872
vn -0.9534 0.2903 -0.0824
vn -0.9510 0.3043 -0.0540
vn 0.2641 0.7554 -0.5997
vn 0.2969 0.8492 -0.4367
vn 0.2969 0.8492 -0.4368
vn 0.1304 0.3730 0.9186
vn 0.1783 0.5100 0.8415
vn 0.2410 0.6894 0.6831
vn 0.2978 0.8519 0.4307
vn 0.2980 0.8525 -0.4294
vn 0.2724 0.7791 -0.5647
vn 0.3185 0.9111 -0.2617
vn 0.0671 0.1920 0.9791
vn 0.2438 0.6975 -0.6738
vn 0.4506 -0.1090 0.8860
vn 0.1593 -0.0111 0.9872
vn 0.1504 -0.0081 0.9886
vn 0.4268 -0.1009 0.8987
vn 0.3239 0.9266 0.1909
vn 0.3300 0.9439 -0.0149
vn 0.9188 -0.3643 -0.1520
vn 0.9439 -0.3298 0.0173
vn 0.9430 -0.3327 -0.0018
vn 0.9102 -0.3729 -0.1800
vn 0.1168 0.9931 -0.0060
vn 0.1171 0.9931 -0.0060
vn 0.2520 0.9677 -0.0061
vn -0.1678 0.9858 -0.0054
vn -0.1673 0.9859 -0.0054
vn -0.4797 0.8774 -0.0050
vn -0.4788 0.8779 -0.0050
vn -0.8197 0.5728 -0.0025
vn -0.8329 0.5534 -0.0023
vn -0.3216 -0.9200 0.2241
vn -0.3119 -0.8921 0.3271
vn 0.3300 0.9440 -0.0000
vn 0.3237 0.9258 -0.1951
vn -0.2955 -0.8452 0.4454
vn -0.2708 -0.7748 0.5713
vn -0.2379 -0.6804 0.6932
vn -0.2292 -0.6557 0.7194
vn -0.2611 -0.7467 -0.6117
vn -0.1506 -0.4308 -0.8898
vn -0.2611 -0.7468 -0.6117
vn 0.1039 0.2971 0.9492
vn 0.1720 0.4920 0.8534
vn 0.3166 0.9056 0.2823
vn 0.3132 0.8959 0.3151
vn -0.2137 -0.6113 0.7620
vn -0.0291 -0.0834 0.9961
vn -0.2467 -0.7058 0.6640
vn 0.2580 0.7379 0.6237
vn 0.2507 0.7172 0.6502
vn -0.1946 -0.5567 0.8076
vn -0.1368 -0.3914 0.9100
vn -0.1368 -0.3915 0.9100
vn 0.2743 0.7848 0.5558
vn 0.0205 0.0587 -0.9981
vn -0.0383 -0.1097 -0.9932
vn 0.2901 0.8298 0.4768
vn -0.3263 -0.9333 0.1503
vn 0.3033 0.8677 0.3938
vn -0.0455 -0.1301 0.9905
vn 0.3299 0.9436 0.0287
vn 0.3252 0.9303 0.1699
vn 0.2333 0.6674 -0.7072
vn 0.0366 0.1047 -0.9938
vn -0.2976 -0.8512 -0.4324
vn -0.6599 0.2799 0.6972
vn -0.6796 0.2867 0.6753
vn 0.9299 -0.2982 0.2152
vn 0.8639 -0.2579 0.4326
vn 0.8593 -0.2558 0.4430
vn 0.9303 -0.2985 0.2132
vn 0.8520 -0.4293 -0.2998
vn 0.8405 -0.4402 -0.3158
vn 0.7102 -0.1992 0.6753
vn 0.6906 -0.1922 0.6973
vn 0.8514 -0.4449 -0.2777
vn 0.8691 -0.4316 -0.2416
vn 0.9335 -0.3545 -0.0540
vn 0.9266 -0.3669 -0.0824
vn 0.5274 0.8496 -0.0060
vn 0.4058 0.9139 -0.0061
vn 0.5272 0.8497 -0.0060
vn 0.7451 0.6669 -0.0054
vn 0.7455 0.6665 -0.0054
vn 0.9214 0.3885 -0.0050
vn 0.9218 0.3875 -0.0050
vn 0.9980 -0.0627 -0.0025
vn 0.9963 -0.0860 -0.0023
vn -0.3299 -0.9436 -0.0272
vn -0.3295 -0.9426 -0.0548
vn 0.2635 0.7539 0.6018
vn 0.3106 0.8886 0.3374
vn 0.2636 0.7539 0.6018
vn -0.3294 -0.9424 0.0580
vn -0.3294 -0.9424 0.0579
vn -0.3283 -0.9392 0.1005
vn -0.9436 0.3305 0.0174
vn -0.9449 0.3274 -0.0022
vn 0.3273 0.9363 -0.1272
vn 0.3170 0.9067 -0.2782
vt 0.724409 0.480707
vt 0.713090 0.507803
vt 0.717014 0.507122
vt 0.759840 0.467573
vt 0.756947 0.429744
vt 0.750479 0.436252
vt 0.584443 0.093216
vt 0.578627 0.093216
vt 0.581535 0.093453
vt 0.721812 0.482038
vt 0.688003 0.509039
vt 0.687636 0.513956
vt 0.706887 0.515393
vt 0.683473 0.495950
vt 0.684627 0.505120
vt 0.687456 0.494258
vt 0.690580 0.492162
vt 0.687127 0.506380
vt 0.693162 0.488924
vt 0.716098 0.480951
vt 0.724409 0.336010
vt 0.717014 0.309596
vt 0.713089 0.308915
vt 0.759840 0.349144
vt 0.750479 0.380465
vt 0.756947 0.386973
vt 0.834371 0.087278
vt 0.834616 0.090185
vt 0.834602 0.084369
vt 0.721812 0.334679
vt 0.688003 0.307679
vt 0.706886 0.301325
vt 0.687636 0.302761
vt 0.683473 0.320767
vt 0.687456 0.322459
vt 0.684627 0.311598
vt 0.690580 0.324555
vt 0.693162 0.327793
vt 0.687127 0.310337
vt 0.716098 0.335766
vt 0.727979 0.471241
vt 0.731993 0.462476
vt 0.737679 0.452749
vt 0.744170 0.443540
vt 0.744170 0.373177
vt 0.737679 0.363968
vt 0.731993 0.354241
vt 0.727979 0.345477
vt 0.590196 0.083567
vt 0.572873 0.083567
vt 0.572873 0.089150
vt 0.590196 0.089150
vt 0.674545 0.433000
vt 0.682788 0.432290
vt 0.682124 0.425548
vt 0.674755 0.425813
vt 0.682537 0.455082
vt 0.690191 0.452178
vt 0.686508 0.445076
vt 0.677740 0.446205
vt 0.687807 0.461781
vt 0.694835 0.458877
vt 0.702981 0.468763
vt 0.693360 0.471418
vt 0.695019 0.476214
vt 0.707701 0.473700
vt 0.676845 0.413989
vt 0.682811 0.413959
vt 0.682794 0.410655
vt 0.677650 0.410640
vt 0.691268 0.466545
vt 0.699183 0.464198
vt 0.695248 0.481022
vt 0.712405 0.478080
vt 0.694510 0.485412
vt 0.891961 0.074142
vt 0.892023 0.100140
vt 0.901863 0.102374
vt 0.901790 0.071862
vt 0.842679 0.078597
vt 0.842720 0.095920
vt 0.847047 0.095909
vt 0.847006 0.078586
vt 0.850768 0.078577
vt 0.850809 0.095900
vt 0.854950 0.095891
vt 0.854909 0.078568
vt 0.873011 0.078525
vt 0.873052 0.095848
vt 0.878355 0.095835
vt 0.878314 0.078512
vt 0.867936 0.078537
vt 0.867977 0.095860
vt 0.838605 0.078606
vt 0.838646 0.095929
vt 0.884107 0.077454
vt 0.884153 0.096866
vt 0.676845 0.402729
vt 0.677650 0.406078
vt 0.682794 0.406063
vt 0.682811 0.402758
vt 0.858671 0.078559
vt 0.858712 0.095882
vt 0.863164 0.095871
vt 0.863123 0.078548
vt 0.677740 0.370513
vt 0.675306 0.378418
vt 0.683925 0.379168
vt 0.686508 0.371641
vt 0.671794 0.504193
vt 0.672314 0.496492
vt 0.669403 0.496294
vt 0.668883 0.503995
vt 0.674756 0.504399
vt 0.675276 0.496698
vt 0.677419 0.504589
vt 0.677939 0.496888
vt 0.679059 0.504708
vt 0.679538 0.497004
vt 0.791088 0.383518
vt 0.821848 0.383518
vt 0.822417 0.378167
vt 0.790519 0.378167
vt 0.835659 0.092965
vt 0.837285 0.095082
vt 0.837248 0.079460
vt 0.835632 0.081585
vt 0.590196 0.073037
vt 0.572873 0.073037
vt 0.572873 0.077968
vt 0.590196 0.077968
vt 0.791212 0.370240
vt 0.821724 0.370240
vt 0.819467 0.362565
vt 0.793469 0.362565
vt 0.797807 0.348351
vt 0.815130 0.348351
vt 0.815130 0.342413
vt 0.797807 0.342413
vt 0.876489 0.184702
vt 0.876489 0.167379
vt 0.857184 0.167379
vt 0.857184 0.184702
vt 0.588207 0.587169
vt 0.584313 0.587169
vt 0.584313 0.604492
vt 0.588207 0.604492
vt 0.797807 0.318567
vt 0.815130 0.318567
vt 0.815130 0.315649
vt 0.797807 0.315649
vt 0.063058 0.163197
vt 0.063058 0.145874
vt 0.052941 0.145874
vt 0.052941 0.163197
vt 0.815130 0.335583
vt 0.797807 0.335583
vt 0.797807 0.321115
vt 0.815130 0.321115
vt 0.796874 0.355160
vt 0.816062 0.355160
vt 0.011128 0.163197
vt 0.011128 0.145874
vt 0.001953 0.145874
vt 0.001953 0.163197
vt 0.797807 0.329156
vt 0.815130 0.329156
vt 0.815130 0.324478
vt 0.797807 0.324478
vt 0.020768 0.163197
vt 0.020768 0.145874
vt 0.709936 0.510087
vt 0.719264 0.482083
vt 0.550599 0.587169
vt 0.550599 0.604492
vt 0.580329 0.604492
vt 0.580329 0.587169
vt 0.032035 0.163197
vt 0.032035 0.145874
vt 0.443341 0.515556
vt 0.443341 0.498233
vt 0.405401 0.498233
vt 0.405401 0.515556
vt 0.043301 0.163197
vt 0.043301 0.145874
vt 0.573724 0.090558
vt 0.589346 0.090558
vt 0.974352 0.333755
vt 0.991675 0.333755
vt 0.991675 0.304569
vt 0.974352 0.304569
vt 0.922166 0.073983
vt 0.922228 0.100156
vt 0.928465 0.096183
vt 0.928421 0.077926
vt 0.590196 0.080768
vt 0.572873 0.080768
vt 0.587225 0.092179
vt 0.575845 0.092179
vt 0.521512 0.587169
vt 0.521512 0.604492
vt 0.746630 0.509730
vt 0.775218 0.515099
vt 0.788369 0.473737
vt 0.594327 0.604492
vt 0.594327 0.587169
vt 0.682518 0.418472
vt 0.675889 0.418506
vt 0.674545 0.383718
vt 0.674755 0.390904
vt 0.682124 0.391169
vt 0.682788 0.384427
vt 0.682536 0.361636
vt 0.690191 0.364539
vt 0.675889 0.398211
vt 0.682518 0.398246
vt 0.687807 0.354936
vt 0.694834 0.357841
vt 0.702981 0.347954
vt 0.707701 0.343017
vt 0.695019 0.340503
vt 0.693360 0.345299
vt 0.699183 0.352519
vt 0.691268 0.350172
vt 0.712404 0.338637
vt 0.695248 0.335695
vt 0.694509 0.331305
vt 0.671794 0.312525
vt 0.668883 0.312723
vt 0.669403 0.320424
vt 0.672314 0.320226
vt 0.675276 0.320019
vt 0.674756 0.312318
vt 0.677939 0.319830
vt 0.677419 0.312129
vt 0.679059 0.312009
vt 0.679538 0.319713
vt 0.719264 0.334634
vt 0.709936 0.306630
vt 0.746630 0.306988
vt 0.788368 0.342981
vt 0.775217 0.301618
vt 0.797307 0.395793
vt 0.800998 0.398406
vt 0.811938 0.398407
vt 0.815629 0.395794
vt 0.932542 0.084764
vt 0.931263 0.081566
vt 0.931289 0.092530
vt 0.932553 0.089326
vt 0.804172 0.399325
vt 0.808764 0.399325
vt 0.793382 0.389892
vt 0.819555 0.389892
vt 0.675306 0.438300
vt 0.683925 0.437550
vt 0.915358 0.071674
vt 0.915431 0.102498
vt 0.910105 0.103056
vt 0.910030 0.071141
s 0
usemtl M_WP_Revolver
f 1556/1556/1000 1557/1557/1000 1558/1558/1000
f 1559/1559/1000 1560/1560/1000 1561/1561/1000
f 1562/1562/1001 1563/1563/1001 1564/1564/1001
f 1565/1565/1000 1557/1557/1000 1556/1556/1000
f 1566/1566/1000 1567/1567/1000 1568/1568/1000
f 1569/1569/1000 1570/1570/1000 1571/1571/1000
f 1572/1572/1000 1573/1573/1000 1574/1574/1000
f 1573/1573/1000 1566/1566/1000 1575/1575/1000
f 1575/1575/1000 1566/1566/1000 1568/1568/1000
f 1576/1576/1002 1577/1577/1002 1578/1578/1002
f 1579/1579/1002 1580/1580/1002 1581/1581/1002
f 1582/1582/1003 1583/1583/1003 1584/1584/1003
f 1585/1585/1002 1576/1576/1002 1578/1578/1002
f 1586/1586/1002 1587/1587/1002 1588/1588/1002
f 1589/1589/1002 1590/1590/1002 1591/1591/1002
f 1592/1592/1002 1593/1593/1002 1594/1594/1002
f 1594/1594/1002 1595/1595/1002 1586/1586/1002
f 1595/1595/1002 1587/1587/1002 1586/1586/1002
f 1556/1556/1000 1559/1559/1000 1596/1596/1000
f 1596/1596/1000 1559/1559/1000 1597/1597/1000
f 1597/1597/1000 1559/1559/1000 1598/1598/1000
f 1598/1598/1000 1559/1559/1000 1599/1599/1000
f 1599/1599/1000 1559/1559/1000 1561/1561/1000
f 1579/1579/1002 1600/1600/1002 1580/1580/1002
f 1579/1579/1002 1601/1601/1002 1600/1600/1002
f 1579/1579/1002 1602/1602/1002 1601/1601/1002
f 1603/1603/1002 1602/1602/1002 1579/1579/1002
f 1576/1576/1002 1603/1603/1002 1579/1579/1002
s 1
f 1604/1604/1004 1605/1605/1004 1606/1606/1005
f 1604/1604/1004 1606/1606/1005 1607/1607/1005
f 1608/1608/1006 1609/1609/1007 1610/1610/1008
f 1608/1608/1006 1610/1610/1008 1611/1611/1009
f 1612/1612/1010 1613/1613/1011 1614/1614/1012
f 1612/1612/1010 1614/1614/1012 1615/1615/1013
f 1616/1616/1014 1617/1617/1015 1613/1613/1011
f 1616/1616/1014 1613/1613/1011 1612/1612/1010
s 0
f 1618/1618/1000 1619/1619/1000 1620/1620/1000
f 1618/1618/1000 1620/1620/1000 1621/1621/1000
s 1
f 1622/1622/1016 1623/1623/1017 1624/1624/1018
f 1622/1622/1016 1624/1624/1018 1625/1625/1019
f 1617/1617/1015 1616/1616/1014 1626/1626/1020
f 1617/1617/1015 1626/1626/1020 1627/1627/1021
f 1627/1627/1021 1626/1626/1020 1619/1619/1000
f 1627/1627/1021 1619/1619/1000 1618/1618/1000
s 0
f 1620/1620/1000 1628/1628/1000 1629/1629/1000
f 1620/1620/1000 1629/1629/1000 1621/1621/1000
f 1630/1630/1000 1575/1575/1000 1629/1629/1000
f 1630/1630/1000 1629/1629/1000 1628/1628/1000
f 1573/1573/1000 1575/1575/1000 1630/1630/1000
f 1573/1573/1000 1630/1630/1000 1574/1574/1000
s 1
f 1631/1631/1022 1632/1632/1022 1633/1633/1023
f 1631/1631/1022 1633/1633/1023 1634/1634/1024
f 1635/1635/1025 1636/1636/1025 1637/1637/1026
f 1635/1635/1025 1637/1637/1026 1638/1638/1026
f 1639/1639/1027 1640/1640/1027 1641/1641/1028
f 1639/1639/1027 1641/1641/1028 1642/1642/1028
f 1643/1643/1029 1644/1644/1029 1645/1645/1030
f 1643/1643/1029 1645/1645/1030 1646/1646/1030
f 1638/1638/1026 1637/1637/1026 1640/1640/1027
f 1638/1638/1026 1640/1640/1027 1639/1639/1027
f 1647/1647/1031 1648/1648/1031 1644/1644/1029
f 1647/1647/1031 1644/1644/1029 1643/1643/1029
f 1649/1649/1032 1650/1650/1032 1636/1636/1025
f 1649/1649/1032 1636/1636/1025 1635/1635/1025
f 1651/1651/1033 1652/1652/1033 1632/1632/1022
f 1651/1651/1033 1632/1632/1022 1631/1631/1022
f 1653/1653/1034 1654/1654/1035 1655/1655/1036
f 1653/1653/1034 1655/1655/1036 1656/1656/1037
f 1646/1646/1030 1645/1645/1030 1652/1652/1033
f 1646/1646/1030 1652/1652/1033 1651/1651/1033
f 1657/1657/1038 1658/1658/1038 1659/1659/1039
f 1657/1657/1038 1659/1659/1039 1660/1660/1039
f 1660/1660/1039 1659/1659/1039 1648/1648/1031
f 1660/1660/1039 1648/1648/1031 1647/1647/1031
f 1661/1661/1040 1662/1662/1041 1663/1663/1042
f 1661/1661/1040 1663/1663/1042 1664/1664/1043
f 1642/1642/1028 1641/1641/1028 1658/1658/1038
f 1642/1642/1028 1658/1658/1038 1657/1657/1038
f 1665/1665/1044 1666/1666/1045 1667/1667/1046
f 1665/1665/1044 1667/1667/1046 1668/1668/1046
f 1666/1666/1045 1665/1665/1044 1669/1669/1047
f 1666/1666/1045 1669/1669/1047 1670/1670/1048
f 1670/1670/1048 1669/1669/1047 1671/1671/1049
f 1670/1670/1048 1671/1671/1049 1672/1672/1050
f 1673/1673/1051 1674/1674/1052 1672/1672/1050
f 1673/1673/1051 1672/1672/1050 1671/1671/1049
f 1675/1675/1053 1676/1676/1053 1677/1677/1054
f 1675/1675/1053 1677/1677/1054 1678/1678/1054
s 0
f 1679/1679/1003 1680/1680/1003 1681/1681/1003
f 1679/1679/1003 1681/1681/1003 1682/1682/1003
f 1583/1583/1003 1679/1679/1003 1682/1682/1003
f 1583/1583/1003 1682/1682/1003 1584/1584/1003
s 1
f 1681/1681/1003 1680/1680/1003 1650/1650/1032
f 1681/1681/1003 1650/1650/1032 1649/1649/1032
f 1683/1683/1055 1684/1684/1055 1685/1685/1056
f 1683/1683/1055 1685/1685/1056 1686/1686/1056
f 1687/1687/1057 1688/1688/1057 1689/1689/1058
f 1687/1687/1057 1689/1689/1058 1690/1690/1058
f 1691/1691/1059 1692/1692/1059 1693/1693/1060
f 1691/1691/1059 1693/1693/1060 1694/1694/1060
s 0
f 1695/1695/1001 1696/1696/1001 1697/1697/1001
f 1695/1695/1001 1697/1697/1001 1698/1698/1001
s 1
f 1699/1699/1061 1700/1700/1062 1701/1701/1062
f 1699/1699/1061 1701/1701/1062 1702/1702/1063
f 1703/1703/1064 1704/1704/1064 1705/1705/1065
f 1703/1703/1064 1705/1705/1065 1706/1706/1065
f 1707/1707/1066 1708/1708/1066 1709/1709/1067
f 1707/1707/1066 1709/1709/1067 1710/1710/1067
f 1694/1694/1060 1693/1693/1060 1711/1711/1068
f 1694/1694/1060 1711/1711/1068 1712/1712/1068
f 1713/1713/1069 1714/1714/1069 1704/1704/1064
f 1713/1713/1069 1704/1704/1064 1703/1703/1064
f 1715/1715/1070 1716/1716/1070 1692/1692/1059
f 1715/1715/1070 1692/1692/1059 1691/1691/1059
f 1717/1717/1071 1718/1718/1071 1719/1719/1072
f 1717/1717/1071 1719/1719/1072 1720/1720/1072
f 1721/1721/1073 1722/1722/1073 1723/1723/1074
f 1721/1721/1073 1723/1723/1074 1724/1724/1075
f 1690/1690/1058 1689/1689/1058 1716/1716/1070
f 1690/1690/1058 1716/1716/1070 1715/1715/1070
f 1725/1725/1076 1726/1726/1076 1718/1718/1071
f 1725/1725/1076 1718/1718/1071 1717/1717/1071
f 1712/1712/1068 1711/1711/1068 1722/1722/1073
f 1712/1712/1068 1722/1722/1073 1721/1721/1073
s 0
f 1575/1575/1000 1568/1568/1000 1727/1727/1000
f 1575/1575/1000 1727/1727/1000 1728/1728/1000
s 1
f 1729/1729/1077 1730/1730/1077 1731/1731/1078
f 1729/1729/1077 1731/1731/1078 1732/1732/1078
f 1733/1733/1079 1734/1734/1079 1726/1726/1076
f 1733/1733/1079 1726/1726/1076 1725/1725/1076
s 0
f 1735/1735/1080 1736/1736/1080 1737/1737/1080
f 1735/1735/1080 1737/1737/1080 1738/1738/1080
s 1
f 1739/1739/1081 1740/1740/1081 1734/1734/1079
f 1739/1739/1081 1734/1734/1079 1733/1733/1079
f 1724/1724/1075 1723/1723/1074 1714/1714/1069
f 1724/1724/1075 1714/1714/1069 1713/1713/1069
f 1710/1710/1067 1709/1709/1067 1740/1740/1081
f 1710/1710/1067 1740/1740/1081 1739/1739/1081
s 0
f 1607/1607/1001 1606/1606/1001 1741/1741/1001
f 1607/1607/1001 1741/1741/1001 1742/1742/1001
f 1743/1743/1082 1744/1744/1082 1745/1745/1082
f 1743/1743/1082 1745/1745/1082 1746/1746/1082
s 1
f 1747/1747/1083 1748/1748/1083 1749/1749/1084
f 1747/1747/1083 1749/1749/1084 1750/1750/1084
f 1751/1751/1085 1752/1752/1085 1605/1605/1004
f 1751/1751/1085 1605/1605/1004 1604/1604/1004
s 0
f 1753/1753/1001 1754/1754/1001 1563/1563/1001
f 1753/1753/1001 1563/1563/1001 1562/1562/1001
s 1
f 1729/1729/1077 1755/1755/1086 1756/1756/1086
f 1729/1729/1077 1756/1756/1086 1730/1730/1077
f 1686/1686/1056 1685/1685/1056 1752/1752/1085
f 1686/1686/1056 1752/1752/1085 1751/1751/1085
s 0
f 1757/1757/1000 1758/1758/1000 1759/1759/1000
f 1757/1757/1000 1759/1759/1000 1559/1559/1000
f 1728/1728/1000 1727/1727/1000 1557/1557/1000
f 1728/1728/1000 1557/1557/1000 1565/1565/1000
f 1559/1559/1000 1556/1556/1000 1558/1558/1000
f 1559/1559/1000 1558/1558/1000 1757/1757/1000
s 1
f 1700/1700/1062 1732/1732/1078 1731/1731/1078
f 1700/1700/1062 1731/1731/1078 1701/1701/1062
f 1699/1699/1061 1702/1702/1063 1760/1760/1087
f 1699/1699/1061 1760/1760/1087 1761/1761/1087
f 1673/1673/1051 1570/1570/1000 1569/1569/1000
f 1673/1673/1051 1569/1569/1000 1674/1674/1052
s 0
f 1570/1570/1000 1573/1573/1000 1572/1572/1000
f 1570/1570/1000 1572/1572/1000 1571/1571/1000
s 1
f 1611/1611/1009 1610/1610/1008 1762/1762/1088
f 1611/1611/1009 1762/1762/1088 1763/1763/1089
f 1764/1764/1090 1765/1765/1091 1766/1766/1092
f 1764/1764/1090 1766/1766/1092 1767/1767/1093
f 1768/1768/1094 1661/1661/1040 1664/1664/1043
f 1768/1768/1094 1664/1664/1043 1769/1769/1095
f 1765/1765/1091 1770/1770/1096 1771/1771/1097
f 1765/1765/1091 1771/1771/1097 1766/1766/1092
f 1772/1772/1098 1768/1768/1094 1769/1769/1095
f 1772/1772/1098 1769/1769/1095 1773/1773/1099
s 0
f 1774/1774/1002 1775/1775/1002 1776/1776/1002
f 1774/1774/1002 1776/1776/1002 1777/1777/1002
s 1
f 1773/1773/1099 1778/1778/1100 1779/1779/1101
f 1773/1773/1099 1779/1779/1101 1772/1772/1098
f 1778/1778/1100 1774/1774/1002 1777/1777/1002
f 1778/1778/1100 1777/1777/1002 1779/1779/1101
s 0
f 1776/1776/1002 1775/1775/1002 1780/1780/1002
f 1776/1776/1002 1780/1780/1002 1781/1781/1002
f 1782/1782/1002 1781/1781/1002 1780/1780/1002
f 1782/1782/1002 1780/1780/1002 1595/1595/1002
f 1594/1594/1002 1593/1593/1002 1782/1782/1002
f 1594/1594/1002 1782/1782/1002 1595/1595/1002
s 1
f 1783/1783/1102 1784/1784/1103 1785/1785/1103
f 1783/1783/1102 1785/1785/1103 1786/1786/1104
f 1786/1786/1104 1787/1787/1105 1788/1788/1106
f 1786/1786/1104 1788/1788/1106 1783/1783/1102
f 1787/1787/1105 1789/1789/1107 1790/1790/1108
f 1787/1787/1105 1790/1790/1108 1788/1788/1106
f 1791/1791/1109 1790/1790/1108 1789/1789/1107
f 1791/1791/1109 1789/1789/1107 1792/1792/1110
s 0
f 1595/1595/1002 1793/1793/1002 1794/1794/1002
f 1595/1595/1002 1794/1794/1002 1587/1587/1002
f 1795/1795/1002 1579/1579/1002 1796/1796/1002
f 1795/1795/1002 1796/1796/1002 1797/1797/1002
f 1793/1793/1002 1585/1585/1002 1578/1578/1002
f 1793/1793/1002 1578/1578/1002 1794/1794/1002
f 1579/1579/1002 1795/1795/1002 1577/1577/1002
f 1579/1579/1002 1577/1577/1002 1576/1576/1002
s 1
f 1791/1791/1109 1792/1792/1110 1589/1589/1002
f 1791/1791/1109 1589/1589/1002 1591/1591/1002
s 0
f 1591/1591/1002 1590/1590/1002 1592/1592/1002
f 1591/1591/1002 1592/1592/1002 1594/1594/1002
f 1742/1742/1001 1741/1741/1001 1754/1754/1001
f 1742/1742/1001 1754/1754/1001 1753/1753/1001
s 1
f 1798/1798/1111 1799/1799/1112 1800/1800/1112
f 1798/1798/1111 1800/1800/1112 1801/1801/1111
f 1802/1802/1113 1803/1803/1114 1804/1804/1114
f 1802/1802/1113 1804/1804/1114 1805/1805/1115
f 1799/1799/1112 1806/1806/1116 1807/1807/1117
f 1799/1799/1112 1807/1807/1117 1800/1800/1112
f 1803/1803/1114 1750/1750/1084 1749/1749/1084
f 1803/1803/1114 1749/1749/1084 1804/1804/1114
f 1623/1623/1017 1622/1622/1016 1763/1763/1089
f 1623/1623/1017 1763/1763/1089 1762/1762/1088
f 1771/1771/1097 1770/1770/1096 1653/1653/1034
f 1771/1771/1097 1653/1653/1034 1656/1656/1037
f 1655/1655/1036 1654/1654/1035 1625/1625/1019
f 1655/1655/1036 1625/1625/1019 1624/1624/1018
f 1808/1808/1118 1798/1798/1111 1801/1801/1111
f 1808/1808/1118 1801/1801/1111 1809/1809/1118
f 1687/1687/1057 1678/1678/1054 1677/1677/1054
f 1687/1687/1057 1677/1677/1054 1688/1688/1057
f 1808/1808/1118 1809/1809/1118 1676/1676/1053
f 1808/1808/1118 1676/1676/1053 1675/1675/1053
f 1609/1609/1007 1608/1608/1006 1810/1810/1119
f 1609/1609/1007 1810/1810/1119 1811/1811/1120
f 1663/1663/1042 1662/1662/1041 1764/1764/1090
f 1663/1663/1042 1764/1764/1090 1767/1767/1093
f 1615/1615/1013 1614/1614/1012 1811/1811/1120
f 1615/1615/1013 1811/1811/1120 1810/1810/1119
f 1747/1747/1083 1812/1812/1121 1813/1813/1121
f 1747/1747/1083 1813/1813/1121 1748/1748/1083
f 1634/1634/1024 1633/1633/1023 1814/1814/1122
f 1634/1634/1024 1814/1814/1122 1815/1815/1122
f 1815/1815/1122 1814/1814/1122 1813/1813/1121
f 1815/1815/1122 1813/1813/1121 1812/1812/1121
o trigger_low.001_M_WP_Revolver_0
v -0.373672 -0.893100 0.154686
v -0.378717 -0.898019 0.104676
v -0.392160 -0.936571 0.146721
v -0.160912 -0.611541 0.052212
v -0.159734 -0.608171 0.320653
v -0.170725 -0.639612 0.300380
v -0.182107 -0.672171 0.272063
v -0.382080 -1.197122 -0.149966
v -0.357244 -1.205805 -0.149966
v -0.354383 -1.198966 -0.106742
v -0.465646 -1.146779 -0.062708
v -0.464171 -1.141147 -0.064157
v -0.469795 -1.158619 -0.106742
v -0.452273 -1.158018 -0.161809
v -0.471818 -1.165751 -0.149966
v -0.457495 -1.147384 -0.153985
v -0.264144 -0.931389 0.154686
v -0.276766 -0.976911 0.146721
v -0.263262 -0.938380 0.104676
v -0.137429 -0.544367 0.051330
v -0.135262 -0.538169 0.329611
v -0.231661 -0.511425 0.051330
v -0.255144 -0.578598 0.052212
v -0.229494 -0.505227 0.329611
v -0.167665 -0.630858 0.048598
v -0.192766 -0.702661 0.238475
v -0.201658 -0.728097 0.202902
v -0.350252 -1.187119 -0.062708
v -0.354383 -1.198966 -0.106742
v -0.347896 -1.181795 -0.064157
v -0.367714 -1.187579 -0.161809
v -0.357004 -1.182514 -0.153985
v -0.357244 -1.205805 -0.149966
v -0.261897 -0.597915 0.048598
v -0.295890 -0.695154 0.202902
v -0.286998 -0.669719 0.238475
v -0.213707 -0.762564 0.129209
v -0.173109 -0.646432 0.008780
v -0.172470 -0.644603 0.031570
v -0.276340 -0.639229 0.272063
v -0.264957 -0.606670 0.300380
v -0.253966 -0.575229 0.320653
v -0.244844 -0.549134 0.334222
v -0.182851 -0.674299 -0.053059
v -0.171645 -0.642243 -0.056708
v -0.277083 -0.641356 -0.053059
v -0.267342 -0.613490 0.008780
v -0.265877 -0.609301 -0.056708
v -0.195294 -0.709892 -0.042073
v -0.214714 -0.765443 -0.004024
v -0.308946 -0.732501 -0.004024
v -0.307940 -0.729622 0.129209
v -0.289526 -0.676950 -0.042073
v -0.471818 -1.165751 -0.149966
v -0.446982 -1.174433 -0.149966
v -0.469795 -1.158619 -0.106742
v -0.266702 -0.611661 0.031570
v -0.442089 -1.160435 -0.162427
v -0.377186 -1.183124 -0.162427
v -0.382080 -1.197122 -0.149966
v -0.446982 -1.174433 -0.149966
v -0.325279 -0.779064 0.042167
v -0.322302 -0.770706 0.143684
v -0.271665 -0.702627 -0.074141
v -0.225263 -0.718849 -0.074141
v -0.238956 -0.758019 -0.047344
v -0.285358 -0.741797 -0.047344
v -0.319730 -0.838657 0.038676
v -0.272417 -0.855197 0.038676
v -0.287818 -0.900876 0.061010
v -0.336143 -0.883982 0.061010
v -0.302145 -0.943897 0.069901
v -0.351739 -0.926559 0.069901
v -0.392502 -1.035953 0.031519
v -0.338417 -1.054860 0.031519
v -0.348179 -1.085099 0.002244
v -0.403705 -1.065688 0.002244
v -0.356734 -1.111606 -0.032672
v -0.413529 -1.091751 -0.032672
v -0.380031 -1.002729 0.053595
v -0.327472 -1.021103 0.053595
v -0.302613 -0.790768 0.001339
v -0.255969 -0.807074 0.001339
v -0.315372 -0.984044 0.066909
v -0.366406 -0.966203 0.066909
v -0.241026 -0.614985 -0.093139
v -0.194624 -0.631207 -0.093139
v -0.209075 -0.672543 -0.088433
v -0.255477 -0.656322 -0.088433
v -0.448233 -1.096971 0.036419
v -0.332840 -1.137311 0.036419
v -0.320572 -1.102220 0.077281
v -0.435966 -1.061880 0.077281
v -0.448233 -1.096971 0.036419
v -0.443925 -1.081653 0.024146
v -0.455135 -1.114120 -0.019509
v -0.458642 -1.126746 -0.014570
v -0.276340 -0.639229 0.272063
v -0.182107 -0.672171 0.272063
v -0.170725 -0.639612 0.300380
v -0.264957 -0.606670 0.300380
v -0.458642 -1.126746 -0.014570
v -0.343249 -1.167086 -0.014570
v -0.244844 -0.549134 0.334222
v -0.150611 -0.582076 0.334222
v -0.135262 -0.538169 0.329611
v -0.229494 -0.505227 0.329611
v -0.159734 -0.608171 0.320653
v -0.253966 -0.575229 0.320653
v -0.465646 -1.146779 -0.062708
v -0.350252 -1.187119 -0.062708
v -0.364933 -1.136687 -0.073383
v -0.422741 -1.116478 -0.073383
v -0.150611 -0.582076 0.334222
v -0.244844 -0.549134 0.334222
v -0.442089 -1.160435 -0.162427
v -0.452273 -1.158018 -0.161809
v -0.457495 -1.147384 -0.153985
v -0.433594 -1.146058 -0.155650
v -0.264773 -0.606144 0.042977
v -0.302145 -0.713047 0.168828
v -0.431658 -1.046710 0.058723
v -0.435966 -1.061880 0.077281
v -0.422255 -1.022659 0.108779
v -0.418223 -1.008618 0.084200
v -0.338555 -0.808902 0.152407
v -0.239154 -0.843652 0.152407
v -0.228070 -0.803648 0.143684
v -0.322302 -0.770706 0.143684
v -0.407515 -0.980494 0.131672
v -0.403716 -0.967514 0.099341
v -0.231661 -0.511425 0.051330
v -0.137429 -0.544367 0.051330
v -0.160912 -0.611541 0.052212
v -0.255144 -0.578598 0.052212
v -0.355569 -0.850182 0.156328
v -0.251564 -0.886541 0.156328
v -0.373672 -0.893100 0.154686
v -0.264144 -0.931389 0.154686
v -0.355569 -0.850182 0.156328
v -0.362508 -0.864431 0.097482
v -0.173109 -0.646432 0.008780
v -0.171645 -0.642243 -0.056708
v -0.180914 -0.636879 -0.082468
v -0.194624 -0.631207 -0.093139
v -0.374873 -1.166586 -0.155650
v -0.377186 -1.183124 -0.162427
v -0.307940 -0.729622 0.129209
v -0.213707 -0.762564 0.129209
v -0.207913 -0.745989 0.168828
v -0.302145 -0.713047 0.168828
v -0.392160 -0.936571 0.146721
v -0.276766 -0.976911 0.146721
v -0.338555 -0.808902 0.152407
v -0.343547 -0.822623 0.076507
v -0.407515 -0.980494 0.131672
v -0.292121 -1.020834 0.131672
v -0.201658 -0.728097 0.202902
v -0.295890 -0.695154 0.202902
v -0.422255 -1.022659 0.108779
v -0.306861 -1.062999 0.108779
v -0.192766 -0.702661 0.238475
v -0.286998 -0.669719 0.238475
v -0.167665 -0.630858 0.048598
v -0.261897 -0.597915 0.048598
v -0.370674 -1.154185 -0.115660
v -0.429152 -1.133742 -0.115660
v -0.471818 -1.165751 -0.149966
v -0.469795 -1.158619 -0.106742
v -0.453672 -1.136588 -0.113055
v -0.457495 -1.147384 -0.153985
v -0.457495 -1.147384 -0.153985
v -0.453672 -1.136588 -0.113055
v -0.433594 -1.146058 -0.155650
v -0.464171 -1.141147 -0.064157
v -0.447600 -1.119255 -0.070681
v -0.447600 -1.119255 -0.070681
v -0.455135 -1.114120 -0.019509
v -0.438594 -1.093801 -0.028816
v -0.438594 -1.093801 -0.028816
v -0.443925 -1.081653 0.024146
v -0.428557 -1.065794 0.008659
v -0.428557 -1.065794 0.008659
v -0.431658 -1.046710 0.058723
v -0.417262 -1.034457 0.039487
v -0.417262 -1.034457 0.039487
v -0.418223 -1.008618 0.084200
v -0.404741 -0.999726 0.062559
v -0.404741 -0.999726 0.062559
v -0.403716 -0.967514 0.099341
v -0.391090 -0.961778 0.076408
v -0.391090 -0.961778 0.076408
v -0.378717 -0.898019 0.104676
v -0.373681 -0.913292 0.080086
v -0.373681 -0.913292 0.080086
v -0.362508 -0.864431 0.097482
v -0.355002 -0.874363 0.071692
v -0.355002 -0.874363 0.071692
v -0.343547 -0.822623 0.076507
v -0.335374 -0.830930 0.049757
v -0.335374 -0.830930 0.049757
v -0.325279 -0.779064 0.042167
v -0.316195 -0.784913 0.013297
v -0.316195 -0.784913 0.013297
v -0.308946 -0.732501 -0.004024
v -0.289526 -0.676950 -0.042073
v -0.283876 -0.692667 -0.064748
v -0.299246 -0.736634 -0.034656
v -0.299246 -0.736634 -0.034656
v -0.283876 -0.692667 -0.064748
v -0.277083 -0.641356 -0.053059
v -0.268785 -0.649498 -0.078072
v -0.268785 -0.649498 -0.078072
v -0.265877 -0.609301 -0.056708
v -0.255284 -0.610880 -0.082468
v -0.255284 -0.610880 -0.082468
v -0.471818 -1.165751 -0.149966
v -0.452273 -1.158018 -0.161809
v -0.374873 -1.166586 -0.155650
v -0.228070 -0.803648 0.143684
v -0.230948 -0.812041 0.042167
v -0.266702 -0.611661 0.031570
v -0.172470 -0.644603 0.031570
v -0.267342 -0.613490 0.008780
v -0.332840 -1.137311 0.036419
v -0.343249 -1.167086 -0.014570
v -0.338126 -1.155025 -0.019509
v -0.326666 -1.122645 0.024146
v -0.357004 -1.182514 -0.153985
v -0.367714 -1.187579 -0.161809
v -0.314490 -1.087670 0.058723
v -0.301267 -1.049504 0.084200
v -0.306861 -1.062999 0.108779
v -0.320572 -1.102220 0.077281
v -0.287005 -1.008314 0.099341
v -0.292121 -1.020834 0.131672
v -0.251564 -0.886541 0.156328
v -0.255014 -0.902009 0.097482
v -0.239154 -0.843652 0.152407
v -0.243798 -0.857493 0.076507
v -0.357244 -1.205805 -0.149966
v -0.357004 -1.182514 -0.153985
v -0.353268 -1.171687 -0.113055
v -0.354383 -1.198966 -0.106742
v -0.357004 -1.182514 -0.153985
v -0.353268 -1.171687 -0.113055
v -0.347219 -1.154347 -0.070681
v -0.347896 -1.181795 -0.064157
v -0.347219 -1.154347 -0.070681
v -0.338405 -1.128825 -0.028816
v -0.338126 -1.155025 -0.019509
v -0.338405 -1.128825 -0.028816
v -0.328806 -1.100666 0.008659
v -0.326666 -1.122645 0.024146
v -0.328806 -1.100666 0.008659
v -0.318117 -1.069116 0.039487
v -0.314490 -1.087670 0.058723
v -0.318117 -1.069116 0.039487
v -0.306273 -1.034149 0.062559
v -0.301267 -1.049504 0.084200
v -0.306273 -1.034149 0.062559
v -0.293308 -0.995962 0.076408
v -0.287005 -1.008314 0.099341
v -0.293308 -0.995962 0.076408
v -0.276717 -0.947189 0.080086
v -0.263262 -0.938380 0.104676
v -0.276717 -0.947189 0.080086
v -0.267073 -0.905101 0.071692
v -0.255014 -0.902009 0.097482
v -0.267073 -0.905101 0.071692
v -0.255366 -0.858900 0.049757
v -0.243798 -0.857493 0.076507
v -0.255366 -0.858900 0.049757
v -0.241698 -0.810956 0.013297
v -0.230948 -0.812041 0.042167
v -0.241698 -0.810956 0.013297
v -0.214714 -0.765443 -0.004024
v -0.224876 -0.762633 -0.034656
v -0.209506 -0.718665 -0.064748
v -0.195294 -0.709892 -0.042073
v -0.224876 -0.762633 -0.034656
v -0.209506 -0.718665 -0.064748
v -0.194415 -0.675497 -0.078072
v -0.182851 -0.674299 -0.053059
v -0.194415 -0.675497 -0.078072
v -0.180914 -0.636879 -0.082468
v -0.171645 -0.642243 -0.056708
v -0.180914 -0.636879 -0.082468
v -0.367714 -1.187579 -0.161809
v -0.357244 -1.205805 -0.149966
v -0.150611 -0.582076 0.334222
v -0.170541 -0.639086 0.042977
v -0.207913 -0.745989 0.168828
v -0.213707 -0.762564 0.129209
v -0.307940 -0.729622 0.129209
v -0.265877 -0.609301 -0.056708
v -0.241026 -0.614985 -0.093139
v -0.255284 -0.610880 -0.082468
v -0.264773 -0.606144 0.042977
v -0.170541 -0.639086 0.042977
vn -0.9162 0.3987 0.0397
vn -0.9230 0.3836 0.0312
vn -0.9366 0.3494 0.0262
vn 0.9440 -0.3300 -0.0000
vn -0.3253 -0.9304 0.1687
vn -0.3218 -0.9205 0.2219
vn -0.9640 0.2649 0.0246
vn -0.9636 0.2663 0.0253
vn -0.9658 0.2584 0.0215
vn -0.5763 0.2815 -0.7672
vn 0.9651 -0.2590 0.0397
vn 0.9503 -0.3102 0.0261
vn 0.9609 -0.2750 0.0312
vn -0.9440 0.3300 -0.0000
vn 0.9190 -0.3934 0.0246
vn 0.9164 -0.3996 0.0215
vn 0.9196 -0.3920 0.0253
vn 0.6261 -0.1389 -0.7672
vn -0.2105 -0.6113 -0.7629
vn -0.2162 -0.6093 -0.7629
vn -0.2167 -0.6091 -0.7629
vn -0.2100 -0.6114 -0.7629
vn -0.9438 0.3304 0.0004
vn -0.9439 0.3302 0.0001
vn -0.9376 0.3476 -0.0014
vn -0.9322 0.3619 -0.0038
vn -0.4158 -0.2762 -0.8665
vn 0.1531 -0.4751 -0.8665
vn 0.0869 -0.6458 -0.7586
vn -0.4703 -0.4509 -0.7586
vn -0.4208 -0.3659 -0.8301
vn 0.1012 -0.5484 -0.8301
vn 0.1364 -0.3514 -0.9262
vn -0.3256 -0.1899 -0.9262
vn 0.1794 -0.1104 -0.9776
vn -0.2091 0.0255 -0.9776
vn 0.0006 0.6297 -0.7769
vn 0.3922 0.4930 -0.7766
vn 0.4353 0.6072 -0.6646
vn 0.0379 0.7461 -0.6647
vn 0.4649 0.6775 -0.5699
vn 0.0585 0.8196 -0.5699
vn -0.0528 0.4649 -0.8838
vn 0.3314 0.3308 -0.8836
vn -0.4714 -0.4866 -0.7356
vn 0.0655 -0.6743 -0.7356
vn 0.2488 0.1194 -0.9612
vn -0.1200 0.2481 -0.9613
vn -0.3103 0.0003 -0.9506
vn 0.2429 -0.1931 -0.9506
vn 0.2220 -0.2737 -0.9358
vn -0.3442 -0.0758 -0.9358
vn -0.2635 -0.7537 0.6021
vn -0.2227 -0.6370 0.7380
vn -0.9554 0.2937 0.0307
vn -0.9553 0.2940 0.0307
vn -0.9594 0.2805 0.0294
vn -0.9600 0.2786 0.0292
vn -0.2240 -0.6408 0.7343
vn -0.1910 -0.5462 0.8156
vn -0.2920 -0.8353 0.4659
vn 0.0326 0.0931 0.9951
vn -0.1587 -0.4538 0.8768
vn -0.3104 -0.8879 0.3395
vn 0.4952 0.7359 -0.4618
vn 0.0711 0.8841 -0.4618
vn -0.1454 -0.4160 0.8977
vn 0.0312 0.4473 -0.8938
vn -0.0413 0.5078 -0.8605
vn -0.0414 0.5078 -0.8605
vn 0.0634 0.4190 -0.9058
vn -0.9514 0.3066 0.0292
vn -0.9513 0.3068 0.0295
vn -0.9479 0.3174 0.0254
vn -0.9479 0.3177 0.0252
vn 0.0478 0.1367 0.9895
vn 0.0859 0.2456 0.9656
vn -0.9446 0.3276 0.0175
vn -0.9444 0.3284 0.0169
vn -0.0041 -0.0117 -0.9999
vn 0.0268 0.0766 -0.9967
vn 0.0079 0.0226 0.9997
vn -0.0343 -0.0980 0.9946
vn -0.9152 0.4029 0.0112
vn -0.9148 0.4038 0.0130
vn 0.3311 0.9436 -0.0070
vn 0.3409 0.9376 0.0690
vn 0.3324 0.9405 0.0706
vn 0.2114 0.3672 -0.9058
vn 0.2543 0.3693 -0.8938
vn -0.3017 -0.8630 0.4052
vn -0.2953 -0.8448 0.4461
vn -0.0790 -0.2259 0.9709
vn -0.9202 0.3914 -0.0042
vn -0.9206 0.3904 -0.0044
vn -0.1264 -0.3617 0.9237
vn -0.2764 -0.7907 0.5463
vn -0.1756 -0.5023 0.8466
vn -0.1756 -0.5023 0.8467
vn -0.2509 -0.7177 0.6496
vn 0.1205 0.3447 -0.9310
vn 0.5107 0.7889 -0.3419
vn 0.0920 0.9352 -0.3418
vn -0.8051 0.5890 -0.0696
vn -0.8092 0.5798 -0.0947
vn -0.8096 0.5789 -0.0971
vn -0.8051 0.5890 -0.0695
vn -0.1058 0.9589 -0.2631
vn -0.1243 0.9430 -0.3087
vn 0.1024 0.9505 -0.2934
vn -0.8100 0.5683 -0.1444
vn -0.8090 0.5678 -0.1523
vn -0.1452 0.8960 -0.4197
vn -0.8033 0.5645 -0.1898
vn -0.8025 0.5639 -0.1951
vn -0.1490 0.8379 -0.5251
vn -0.8022 0.5505 -0.2310
vn -0.8026 0.5491 -0.2331
vn -0.1625 0.7700 -0.6170
vn -0.8105 0.5157 -0.2778
vn -0.8109 0.5143 -0.2791
vn -0.1931 0.6617 -0.7245
vn -0.8258 0.4612 -0.3247
vn -0.8268 0.4576 -0.3271
vn -0.2381 0.5093 -0.8270
vn -0.8460 0.3876 -0.3662
vn -0.8487 0.3774 -0.3706
vn -0.2927 0.3089 -0.9049
vn -0.8607 0.3349 -0.3835
vn -0.8598 0.3358 -0.3847
vn -0.3955 0.0880 -0.9142
vn -0.8847 0.2867 -0.3676
vn -0.8870 0.2812 -0.3663
vn -0.5175 -0.0739 -0.8525
vn -0.9192 0.1957 -0.3417
vn -0.9257 0.1741 -0.3359
vn -0.6229 -0.2118 -0.7531
vn -0.9422 0.1024 -0.3191
vn -0.9479 0.0646 -0.3120
vn -0.6825 -0.3126 -0.6606
vn -0.9495 0.0575 -0.3085
vn -0.9255 0.1615 -0.3426
vn -0.9274 0.1567 -0.3397
vn -0.9460 0.0897 -0.3117
vn -0.7014 -0.3116 -0.6410
vn -0.6647 -0.1195 -0.7375
vn -0.8970 0.2352 -0.3742
vn -0.6001 0.0424 -0.7988
vn -0.8856 0.2663 -0.3805
vn -0.5753 0.1088 -0.8106
vn -0.2085 -0.6156 -0.7600
vn 0.5121 0.8073 -0.2934
vn 0.9441 -0.3296 0.0004
vn 0.9547 -0.2976 -0.0039
vn 0.9501 -0.3120 -0.0016
vn 0.9440 -0.3298 0.0001
vn 0.3172 0.9074 -0.2755
vn 0.3289 0.9443 -0.0071
vn 0.9303 -0.3656 0.0306
vn 0.9245 -0.3801 0.0292
vn 0.9252 -0.3783 0.0294
vn 0.9304 -0.3653 0.0306
vn 0.3487 0.3714 -0.8605
vn 0.3487 0.3715 -0.8605
vn 0.9353 -0.3527 0.0296
vn 0.9393 -0.3421 0.0252
vn 0.9392 -0.3424 0.0254
vn 0.9352 -0.3528 0.0295
vn 0.9433 -0.3315 0.0169
vn 0.9430 -0.3323 0.0175
vn 0.9669 -0.2551 0.0112
vn 0.9671 -0.2541 0.0130
vn 0.9636 -0.2672 -0.0042
vn 0.9634 -0.2682 -0.0044
vn 0.9967 -0.0409 -0.0696
vn 0.9967 -0.0409 -0.0695
vn 0.9939 -0.0515 -0.0971
vn 0.9942 -0.0506 -0.0947
vn 0.6802 0.6842 -0.2631
vn 0.6847 0.6602 -0.3087
vn 0.9865 -0.0599 -0.1523
vn 0.9877 -0.0601 -0.1444
vn 0.6720 0.6102 -0.4195
vn 0.9790 -0.0589 -0.1950
vn 0.9801 -0.0589 -0.1898
vn 0.6386 0.5626 -0.5251
vn 0.9699 -0.0705 -0.2331
vn 0.9705 -0.0692 -0.2310
vn 0.6067 0.5011 -0.6171
vn 0.9547 -0.1029 -0.2790
vn 0.9552 -0.1016 -0.2779
vn 0.5632 0.3973 -0.7245
vn 0.9318 -0.1572 -0.3271
vn 0.9332 -0.1537 -0.3247
vn 0.5035 0.2500 -0.8270
vn 0.8990 -0.2336 -0.3705
vn 0.9032 -0.2239 -0.3661
vn 0.4216 0.0593 -0.9048
vn 0.8816 -0.2733 -0.3848
vn 0.8819 -0.2745 -0.3832
vn 0.3642 -0.1775 -0.9142
vn 0.8690 -0.3327 -0.3663
vn 0.8705 -0.3271 -0.3678
vn 0.3588 -0.3802 -0.8525
vn 0.8325 -0.4405 -0.3359
vn 0.8409 -0.4196 -0.3417
vn 0.3552 -0.5538 -0.7531
vn 0.7817 -0.5400 -0.3120
vn 0.8007 -0.5070 -0.3191
vn 0.3391 -0.6698 -0.6606
vn 0.7785 -0.5466 -0.3085
vn 0.7958 -0.5192 -0.3117
vn 0.8231 -0.4552 -0.3397
vn 0.8246 -0.4503 -0.3426
vn 0.3545 -0.6807 -0.6410
vn 0.4455 -0.5076 -0.7375
vn 0.8482 -0.3749 -0.3742
vn 0.4959 -0.3407 -0.7988
vn 0.8586 -0.3435 -0.3805
vn 0.5178 -0.2733 -0.8106
vn -0.2204 -0.6114 -0.7600
vn 0.1041 0.2979 0.9489
vn 0.3175 0.9457 0.0690
vn 0.3259 0.9428 0.0706
vn 0.3175 0.9458 0.0690
vn 0.9441 -0.3297 0.0001
vn 0.2446 0.6998 -0.6711
vt 0.212591 0.874243
vt 0.205311 0.875028
vt 0.211289 0.881066
vt 0.023069 0.985458
vt 0.061956 0.987114
vt 0.059159 0.982201
vt 0.055202 0.977082
vt 0.934122 0.898765
vt 0.930308 0.898765
vt 0.930243 0.905123
vt 0.180309 0.912763
vt 0.180113 0.911916
vt 0.173892 0.914465
vt 0.333915 0.611403
vt 0.333915 0.607906
vt 0.331971 0.610727
vt 0.039351 0.937165
vt 0.038409 0.930284
vt 0.032123 0.936001
vt 0.022639 0.995766
vt 0.062939 0.997898
vt 0.198969 0.814848
vt 0.198858 0.825165
vt 0.239325 0.814828
vt 0.022632 0.982477
vt 0.050471 0.972259
vt 0.045430 0.968203
vt 0.009129 0.897008
vt 0.002811 0.894973
vt 0.008890 0.897844
vt 0.198490 0.046839
vt 0.200475 0.047386
vt 0.200475 0.043959
vt 0.198266 0.828118
vt 0.220286 0.843565
vt 0.225532 0.839779
vt 0.034906 0.962599
vt 0.016932 0.979917
vt 0.020226 0.980294
vt 0.230509 0.835210
vt 0.234728 0.830306
vt 0.237778 0.825546
vt 0.239838 0.821585
vt 0.008095 0.975377
vt 0.007422 0.980282
vt 0.183377 0.834448
vt 0.192439 0.830376
vt 0.182962 0.829514
vt 0.009847 0.969959
vt 0.015611 0.961592
vt 0.190161 0.848607
vt 0.209482 0.848611
vt 0.184843 0.839950
vt 0.947904 0.898765
vt 0.944090 0.898765
vt 0.947969 0.905123
vt 0.195749 0.830172
vt 0.049893 0.736301
vt 0.049893 0.746270
vt 0.052701 0.746270
vt 0.052701 0.736301
vt 0.196691 0.855914
vt 0.211435 0.854968
vt 0.173701 0.748180
vt 0.173587 0.741747
vt 0.167036 0.741653
vt 0.167109 0.748302
vt 0.147750 0.748729
vt 0.147822 0.741263
vt 0.139868 0.741153
vt 0.139786 0.748823
vt 0.132919 0.741030
vt 0.132837 0.748922
vt 0.114156 0.749209
vt 0.114222 0.740662
vt 0.107792 0.740549
vt 0.107735 0.749300
vt 0.101160 0.740451
vt 0.101113 0.749374
vt 0.120372 0.749113
vt 0.120446 0.740783
vt 0.157026 0.748590
vt 0.157059 0.741394
vt 0.126586 0.740878
vt 0.126501 0.749045
vt 0.186553 0.748425
vt 0.186562 0.741466
vt 0.180442 0.741622
vt 0.180511 0.748283
vt 0.947967 0.928081
vt 0.930245 0.928081
vt 0.930245 0.936090
vt 0.947967 0.936090
vt 0.194822 0.905386
vt 0.193085 0.903047
vt 0.186662 0.907905
vt 0.187344 0.909818
vt 0.784179 0.036398
vt 0.784179 0.050871
vt 0.790649 0.050871
vt 0.790649 0.036398
vt 0.947967 0.919388
vt 0.930245 0.919388
vt 0.414039 0.615156
vt 0.414039 0.600683
vt 0.407263 0.600683
vt 0.407263 0.615156
vt 0.796302 0.050871
vt 0.796302 0.036398
vt 0.947967 0.911761
vt 0.930245 0.911761
vt 0.093945 0.740323
vt 0.093886 0.749483
vt 0.800766 0.050871
vt 0.800766 0.036398
vt 0.002227 0.843524
vt 0.002090 0.845037
vt 0.003680 0.846344
vt 0.004796 0.843049
vt 0.197422 0.829363
vt 0.215284 0.846199
vt 0.198201 0.897776
vt 0.200849 0.900112
vt 0.205531 0.894178
vt 0.202008 0.891993
vt 0.946739 0.978179
vt 0.931473 0.978179
vt 0.931870 0.984315
vt 0.946342 0.984315
vt 0.208976 0.887768
vt 0.204327 0.885718
vt 0.921457 0.011638
vt 0.921457 0.026111
vt 0.931774 0.026111
vt 0.931774 0.011638
vt 0.947093 0.971690
vt 0.931119 0.971690
vt 0.947517 0.964946
vt 0.930695 0.964946
vt 0.212983 0.867498
vt 0.204400 0.869597
vt 0.941465 0.026111
vt 0.950981 0.026111
vt 0.954727 0.024586
vt 0.956279 0.022438
vt 0.004796 0.834031
vt 0.002227 0.833557
vt 0.759017 0.036398
vt 0.759017 0.050871
vt 0.765300 0.050871
vt 0.765300 0.036398
vt 0.947967 0.958015
vt 0.930245 0.958015
vt 0.212561 0.861013
vt 0.201511 0.862874
vt 0.947967 0.950925
vt 0.930245 0.950925
vt 0.770953 0.050871
vt 0.770953 0.036398
vt 0.947967 0.943649
vt 0.930245 0.943649
vt 0.777423 0.050871
vt 0.777423 0.036398
vt 0.934787 0.026111
vt 0.934787 0.011638
vt 0.087074 0.740312
vt 0.087038 0.749488
vt 0.300649 0.277547
vt 0.306385 0.277547
vt 0.306385 0.273242
vt 0.300649 0.273242
vt 0.080626 0.752898
vt 0.086798 0.753117
vt 0.080878 0.749420
vt 0.312578 0.277547
vt 0.312578 0.273242
vt 0.093500 0.753157
vt 0.319409 0.277547
vt 0.319409 0.273242
vt 0.100714 0.753064
vt 0.326377 0.277547
vt 0.326377 0.273242
vt 0.107600 0.753039
vt 0.332892 0.277547
vt 0.332892 0.273242
vt 0.114088 0.752991
vt 0.339097 0.277547
vt 0.339097 0.273242
vt 0.120248 0.752926
vt 0.345132 0.277547
vt 0.345132 0.273242
vt 0.126195 0.752857
vt 0.352400 0.277547
vt 0.352400 0.273242
vt 0.133470 0.752875
vt 0.358255 0.277547
vt 0.358255 0.273242
vt 0.139719 0.752327
vt 0.364984 0.277547
vt 0.364984 0.273242
vt 0.147240 0.751689
vt 0.372544 0.277547
vt 0.372544 0.273242
vt 0.156101 0.751158
vt 0.381078 0.277547
vt 0.388890 0.277547
vt 0.388890 0.273242
vt 0.381078 0.273242
vt 0.166121 0.750807
vt 0.173835 0.750711
vt 0.395054 0.277547
vt 0.395054 0.273242
vt 0.180458 0.750762
vt 0.400384 0.277547
vt 0.400384 0.273242
vt 0.186199 0.750976
vt 0.052702 0.732487
vt 0.050070 0.734792
vt 0.080874 0.740376
vt 0.037188 0.956354
vt 0.022514 0.954637
vt 0.938149 0.011638
vt 0.938149 0.026111
vt 0.941465 0.011638
vt 0.023237 0.905135
vt 0.016001 0.900318
vt 0.015220 0.902192
vt 0.021380 0.907380
vt 0.003680 0.830737
vt 0.002090 0.832043
vt 0.026213 0.912911
vt 0.029712 0.918886
vt 0.033345 0.916888
vt 0.028979 0.910718
vt 0.031699 0.925274
vt 0.036449 0.923470
vt 0.039390 0.943922
vt 0.030929 0.941376
vt 0.038629 0.950375
vt 0.027692 0.947939
vt 0.521330 0.026097
vt 0.521330 0.022154
vt 0.515068 0.022154
vt 0.515068 0.026097
vt 0.080626 0.736875
vt 0.086838 0.736665
vt 0.508306 0.022154
vt 0.508306 0.026097
vt 0.093566 0.736644
vt 0.500849 0.022154
vt 0.500849 0.026097
vt 0.100775 0.736757
vt 0.493242 0.022154
vt 0.493242 0.026097
vt 0.107669 0.736804
vt 0.486129 0.022154
vt 0.486129 0.026097
vt 0.114168 0.736874
vt 0.479355 0.022154
vt 0.479355 0.026097
vt 0.120338 0.736963
vt 0.472766 0.022154
vt 0.472766 0.026097
vt 0.126297 0.737061
vt 0.464832 0.022154
vt 0.464832 0.026097
vt 0.133568 0.737080
vt 0.458440 0.022154
vt 0.458440 0.026097
vt 0.139813 0.737651
vt 0.451093 0.022154
vt 0.451093 0.026097
vt 0.147318 0.738311
vt 0.442840 0.022154
vt 0.442840 0.026097
vt 0.156137 0.738848
vt 0.433524 0.026097
vt 0.433524 0.022154
vt 0.424994 0.022154
vt 0.424994 0.026097
vt 0.166047 0.739174
vt 0.173710 0.739215
vt 0.418265 0.022154
vt 0.418265 0.026097
vt 0.180378 0.739120
vt 0.412446 0.022154
vt 0.412446 0.026097
vt 0.186194 0.738883
vt 0.050070 0.747779
vt 0.052702 0.750084
vt 0.063805 0.991177
vt 0.021854 0.981190
vt 0.040573 0.965312
vt 0.931870 0.990965
vt 0.946342 0.990965
vt 0.950981 0.011638
vt 0.956279 0.015311
vt 0.954727 0.013163
vt 0.936291 0.011638
vt 0.936291 0.026111
s 1
usemtl M_WP_Revolver
f 1816/1816/1123 1817/1817/1124 1818/1818/1125
s 0
f 1819/1819/1126 1820/1820/1126 1821/1821/1126
f 1819/1819/1126 1821/1821/1126 1822/1822/1126
s 1
f 1823/1823/1127 1824/1824/1127 1825/1825/1128
f 1826/1826/1129 1827/1827/1130 1828/1828/1131
s 0
f 1829/1829/1132 1830/1830/1132 1831/1831/1132
s 1
f 1832/1832/1133 1833/1833/1134 1834/1834/1135
s 0
f 1819/1819/1126 1835/1835/1126 1836/1836/1126
f 1837/1837/1136 1838/1838/1136 1839/1839/1136
f 1840/1840/1126 1841/1841/1126 1842/1842/1126
s 1
f 1843/1843/1137 1844/1844/1138 1845/1845/1139
s 0
f 1846/1846/1140 1847/1847/1140 1848/1848/1140
f 1849/1849/1136 1850/1850/1136 1851/1851/1136
f 1852/1852/1126 1853/1853/1126 1854/1854/1126
f 1838/1838/1136 1855/1855/1136 1856/1856/1136
f 1838/1838/1136 1856/1856/1136 1857/1857/1136
f 1838/1838/1136 1857/1857/1136 1858/1858/1136
f 1839/1839/1136 1838/1838/1136 1858/1858/1136
f 1859/1859/1126 1860/1860/1126 1853/1853/1126
f 1861/1861/1136 1862/1862/1136 1863/1863/1136
f 1864/1864/1126 1859/1859/1126 1853/1853/1126
f 1865/1865/1126 1864/1864/1126 1853/1853/1126
f 1852/1852/1126 1865/1865/1126 1853/1853/1126
f 1866/1866/1136 1867/1867/1136 1862/1862/1136
f 1861/1861/1136 1868/1868/1136 1862/1862/1136
f 1868/1868/1136 1866/1866/1136 1862/1862/1136
s 1
f 1869/1869/1127 1870/1870/1127 1871/1871/1128
s 0
f 1862/1862/1136 1867/1867/1136 1872/1872/1136
s 1
f 1873/1873/1141 1874/1874/1142 1875/1875/1143
f 1873/1873/1141 1875/1875/1143 1876/1876/1144
f 1867/1867/1145 1866/1866/1146 1877/1877/1147
f 1867/1867/1145 1877/1877/1147 1878/1878/1148
f 1879/1879/1149 1880/1880/1150 1881/1881/1151
f 1879/1879/1149 1881/1881/1151 1882/1882/1152
f 1883/1883/1153 1884/1884/1154 1885/1885/1155
f 1883/1883/1153 1885/1885/1155 1886/1886/1156
f 1886/1886/1156 1885/1885/1155 1887/1887/1157
f 1886/1886/1156 1887/1887/1157 1888/1888/1158
f 1889/1889/1159 1890/1890/1160 1891/1891/1161
f 1889/1889/1159 1891/1891/1161 1892/1892/1162
f 1892/1892/1162 1891/1891/1161 1893/1893/1163
f 1892/1892/1162 1893/1893/1163 1894/1894/1164
f 1895/1895/1165 1896/1896/1166 1890/1890/1160
f 1895/1895/1165 1890/1890/1160 1889/1889/1159
f 1897/1897/1167 1898/1898/1168 1884/1884/1154
f 1897/1897/1167 1884/1884/1154 1883/1883/1153
f 1888/1888/1158 1887/1887/1157 1899/1899/1169
f 1888/1888/1158 1899/1899/1169 1900/1900/1170
f 1901/1901/1171 1902/1902/1172 1903/1903/1173
f 1901/1901/1171 1903/1903/1173 1904/1904/1174
f 1905/1905/1175 1906/1906/1175 1907/1907/1176
f 1905/1905/1175 1907/1907/1176 1908/1908/1176
f 1909/1909/1177 1910/1910/1178 1911/1911/1179
f 1909/1909/1177 1911/1911/1179 1912/1912/1180
f 1913/1913/1181 1914/1914/1181 1915/1915/1182
f 1913/1913/1181 1915/1915/1182 1916/1916/1182
f 1917/1917/1183 1918/1918/1183 1906/1906/1175
f 1917/1917/1183 1906/1906/1175 1905/1905/1175
s 0
f 1919/1919/1184 1920/1920/1184 1921/1921/1184
f 1919/1919/1184 1921/1921/1184 1922/1922/1184
s 1
f 1912/1912/1180 1911/1911/1179 1827/1827/1130
f 1912/1912/1180 1827/1827/1130 1826/1826/1129
f 1916/1916/1182 1915/1915/1182 1923/1923/1185
f 1916/1916/1182 1923/1923/1185 1924/1924/1185
f 1925/1925/1186 1926/1926/1186 1918/1918/1183
f 1925/1925/1186 1918/1918/1183 1917/1917/1183
f 1894/1894/1164 1893/1893/1163 1927/1927/1187
f 1894/1894/1164 1927/1927/1187 1928/1928/1188
f 1924/1924/1185 1923/1923/1185 1929/1929/1189
f 1924/1924/1185 1929/1929/1189 1930/1930/1189
f 1931/1931/1190 1932/1932/1191 1933/1933/1192
f 1931/1931/1190 1933/1933/1192 1934/1934/1193
s 0
f 1849/1849/1136 1935/1935/1136 1936/1936/1136
f 1849/1849/1136 1936/1936/1136 1850/1850/1136
s 1
f 1871/1871/1128 1825/1825/1128 1926/1926/1186
f 1871/1871/1128 1926/1926/1186 1925/1925/1186
f 1882/1882/1152 1881/1881/1151 1898/1898/1168
f 1882/1882/1152 1898/1898/1168 1897/1897/1167
f 1900/1900/1170 1899/1899/1169 1896/1896/1166
f 1900/1900/1170 1896/1896/1166 1895/1895/1165
f 1937/1937/1194 1938/1938/1195 1939/1939/1196
f 1937/1937/1194 1939/1939/1196 1940/1940/1197
s 0
f 1935/1935/1136 1872/1872/1136 1867/1867/1136
f 1935/1935/1136 1867/1867/1136 1936/1936/1136
s 1
f 1909/1909/1177 1938/1938/1195 1937/1937/1194
f 1909/1909/1177 1937/1937/1194 1910/1910/1178
f 1941/1941/1198 1942/1942/1198 1943/1943/1199
f 1941/1941/1198 1943/1943/1199 1944/1944/1199
f 1940/1940/1197 1939/1939/1196 1945/1945/1200
f 1940/1940/1197 1945/1945/1200 1946/1946/1201
f 1947/1947/1202 1948/1948/1202 1949/1949/1203
f 1947/1947/1202 1949/1949/1203 1950/1950/1203
f 1951/1951/1204 1952/1952/1204 1942/1942/1198
f 1951/1951/1204 1942/1942/1198 1941/1941/1198
f 1946/1946/1201 1945/1945/1200 1818/1818/1125
f 1946/1946/1201 1818/1818/1125 1817/1817/1124
f 1953/1953/1205 1954/1954/1205 1952/1952/1204
f 1953/1953/1205 1952/1952/1204 1951/1951/1204
f 1955/1955/1206 1956/1956/1207 1817/1817/1124
f 1955/1955/1206 1817/1817/1124 1816/1816/1123
f 1957/1957/1208 1958/1958/1209 1959/1959/1209
f 1957/1957/1208 1959/1959/1209 1960/1960/1210
f 1934/1934/1193 1961/1961/1211 1962/1962/1212
f 1934/1934/1193 1962/1962/1212 1931/1931/1190
f 1963/1963/1213 1964/1964/1213 1965/1965/1214
f 1963/1963/1213 1965/1965/1214 1966/1966/1214
f 1967/1967/1215 1968/1968/1215 1954/1954/1205
f 1967/1967/1215 1954/1954/1205 1953/1953/1205
f 1969/1969/1216 1970/1970/1217 1956/1956/1207
f 1969/1969/1216 1956/1956/1207 1955/1955/1206
f 1971/1971/1218 1972/1972/1218 1968/1968/1215
f 1971/1971/1218 1968/1968/1215 1967/1967/1215
f 1878/1878/1148 1877/1877/1147 1970/1970/1217
f 1878/1878/1148 1970/1970/1217 1969/1969/1216
f 1966/1966/1214 1965/1965/1214 1973/1973/1219
f 1966/1966/1214 1973/1973/1219 1974/1974/1219
f 1975/1975/1220 1976/1976/1221 1972/1972/1218
f 1975/1975/1220 1972/1972/1218 1971/1971/1218
f 1904/1904/1174 1903/1903/1173 1880/1880/1150
f 1904/1904/1174 1880/1880/1150 1879/1879/1149
f 1974/1974/1219 1973/1973/1219 1977/1977/1222
f 1974/1974/1219 1977/1977/1222 1978/1978/1222
f 1908/1908/1176 1907/1907/1176 1976/1976/1221
f 1908/1908/1176 1976/1976/1221 1975/1975/1220
f 1950/1950/1203 1949/1949/1203 1979/1979/1223
f 1950/1950/1203 1979/1979/1223 1980/1980/1223
f 1978/1978/1222 1977/1977/1222 1914/1914/1181
f 1978/1978/1222 1914/1914/1181 1913/1913/1181
f 1928/1928/1188 1927/1927/1187 1981/1981/1224
f 1928/1928/1188 1981/1981/1224 1982/1982/1225
f 1983/1983/1226 1984/1984/1227 1985/1985/1228
f 1983/1983/1226 1985/1985/1228 1986/1986/1229
f 1987/1987/1230 1988/1988/1231 1982/1982/1225
f 1987/1987/1230 1982/1982/1225 1989/1989/1232
f 1984/1984/1227 1990/1990/1233 1991/1991/1234
f 1984/1984/1227 1991/1991/1234 1985/1985/1228
f 1988/1988/1231 1992/1992/1235 1928/1928/1188
f 1988/1988/1231 1928/1928/1188 1982/1982/1225
f 1990/1990/1233 1993/1993/1236 1994/1994/1237
f 1990/1990/1233 1994/1994/1237 1991/1991/1234
f 1992/1992/1235 1995/1995/1238 1894/1894/1164
f 1992/1992/1235 1894/1894/1164 1928/1928/1188
f 1993/1993/1236 1996/1996/1239 1997/1997/1240
f 1993/1993/1236 1997/1997/1240 1994/1994/1237
f 1995/1995/1238 1998/1998/1241 1892/1892/1162
f 1995/1995/1238 1892/1892/1162 1894/1894/1164
f 1996/1996/1239 1999/1999/1242 2000/2000/1243
f 1996/1996/1239 2000/2000/1243 1997/1997/1240
f 1998/1998/1241 2001/2001/1244 1889/1889/1159
f 1998/1998/1241 1889/1889/1159 1892/1892/1162
f 1999/1999/1242 2002/2002/1245 2003/2003/1246
f 1999/1999/1242 2003/2003/1246 2000/2000/1243
f 2001/2001/1244 2004/2004/1247 1895/1895/1165
f 2001/2001/1244 1895/1895/1165 1889/1889/1159
f 2002/2002/1245 2005/2005/1248 2006/2006/1249
f 2002/2002/1245 2006/2006/1249 2003/2003/1246
f 2004/2004/1247 2007/2007/1250 1900/1900/1170
f 2004/2004/1247 1900/1900/1170 1895/1895/1165
f 2005/2005/1248 2008/2008/1251 2009/2009/1252
f 2005/2005/1248 2009/2009/1252 2006/2006/1249
f 2007/2007/1250 2010/2010/1253 1888/1888/1158
f 2007/2007/1250 1888/1888/1158 1900/1900/1170
f 2008/2008/1251 2011/2011/1254 2012/2012/1255
f 2008/2008/1251 2012/2012/1255 2009/2009/1252
f 2010/2010/1253 2013/2013/1256 1886/1886/1156
f 2010/2010/1253 1886/1886/1156 1888/1888/1158
f 2011/2011/1254 2014/2014/1257 2015/2015/1258
f 2011/2011/1254 2015/2015/1258 2012/2012/1255
f 2013/2013/1256 2016/2016/1259 1883/1883/1153
f 2013/2013/1256 1883/1883/1153 1886/1886/1156
f 2014/2014/1257 2017/2017/1260 2018/2018/1261
f 2014/2014/1257 2018/2018/1261 2015/2015/1258
f 2016/2016/1259 2019/2019/1262 1897/1897/1167
f 2016/2016/1259 1897/1897/1167 1883/1883/1153
f 2020/2020/1263 2021/2021/1264 2022/2022/1265
f 2020/2020/1263 2022/2022/1265 2023/2023/1266
f 2024/2024/1267 2025/2025/1268 1879/1879/1149
f 2024/2024/1267 1879/1879/1149 1882/1882/1152
f 2021/2021/1264 2026/2026/1269 2027/2027/1269
f 2021/2021/1264 2027/2027/1269 2022/2022/1265
f 2025/2025/1268 2028/2028/1270 1904/1904/1174
f 2025/2025/1268 1904/1904/1174 1879/1879/1149
f 2026/2026/1269 2029/2029/1271 2030/2030/1271
f 2026/2026/1269 2030/2030/1271 2027/2027/1269
f 2028/2028/1270 2031/2031/1272 1901/1901/1171
f 2028/2028/1270 1901/1901/1171 1904/1904/1174
f 2017/2017/1260 2020/2020/1263 2023/2023/1266
f 2017/2017/1260 2023/2023/1266 2018/2018/1261
f 2019/2019/1262 2024/2024/1267 1882/1882/1152
f 2019/2019/1262 1882/1882/1152 1897/1897/1167
f 1876/1876/1144 2032/2032/1273 2033/2033/1273
f 1876/1876/1144 2033/2033/1273 1873/1873/1141
f 1982/1982/1225 1981/1981/1224 2034/2034/1274
f 1982/1982/1225 2034/2034/1274 1989/1989/1232
f 1852/1852/1275 2035/2035/1276 2036/2036/1277
f 1852/1852/1275 2036/2036/1277 1865/1865/1278
f 2037/2037/1279 2038/2038/1279 1957/1957/1208
f 2037/2037/1279 1957/1957/1208 2039/2039/1280
f 2040/2040/1281 2041/2041/1282 2042/2042/1283
f 2040/2040/1281 2042/2042/1283 2043/2043/1284
f 2041/2041/1282 1843/1843/1137 1845/1845/1139
f 2041/2041/1282 1845/1845/1139 2042/2042/1283
f 1962/1962/1212 1961/1961/1211 2044/2044/1285
f 1962/1962/1212 2044/2044/1285 2045/2045/1286
f 2046/2046/1287 2047/2047/1288 2048/2048/1289
f 2046/2046/1287 2048/2048/1289 2049/2049/1290
f 2040/2040/1281 2043/2043/1284 2046/2046/1287
f 2040/2040/1281 2046/2046/1287 2049/2049/1290
f 2047/2047/1288 2050/2050/1291 2051/2051/1292
f 2047/2047/1288 2051/2051/1292 2048/2048/1289
f 2050/2050/1291 1834/1834/1135 1833/1833/1134
f 2050/2050/1291 1833/1833/1134 2051/2051/1292
f 2052/2052/1293 1832/1832/1133 1834/1834/1135
f 2052/2052/1293 1834/1834/1135 2053/2053/1294
f 2054/2054/1295 2052/2052/1293 2053/2053/1294
f 2054/2054/1295 2053/2053/1294 2055/2055/1296
f 2035/2035/1276 2054/2054/1295 2055/2055/1296
f 2035/2035/1276 2055/2055/1296 2036/2036/1277
f 2056/2056/1297 2057/2057/1298 2058/2058/1299
f 2056/2056/1297 2058/2058/1299 2059/2059/1300
f 2060/2060/1301 2034/2034/1274 1981/1981/1224
f 2060/2060/1301 1981/1981/1224 2061/2061/1302
f 2059/2059/1300 2058/2058/1299 2062/2062/1303
f 2059/2059/1300 2062/2062/1303 2063/2063/1304
f 2061/2061/1302 1981/1981/1224 1927/1927/1187
f 2061/2061/1302 1927/1927/1187 2064/2064/1305
f 2063/2063/1304 2062/2062/1303 2065/2065/1306
f 2063/2063/1304 2065/2065/1306 2066/2066/1307
f 2064/2064/1305 1927/1927/1187 1893/1893/1163
f 2064/2064/1305 1893/1893/1163 2067/2067/1308
f 2066/2066/1307 2065/2065/1306 2068/2068/1309
f 2066/2066/1307 2068/2068/1309 2069/2069/1310
f 2067/2067/1308 1893/1893/1163 1891/1891/1161
f 2067/2067/1308 1891/1891/1161 2070/2070/1311
f 2069/2069/1310 2068/2068/1309 2071/2071/1312
f 2069/2069/1310 2071/2071/1312 2072/2072/1313
f 2070/2070/1311 1891/1891/1161 1890/1890/1160
f 2070/2070/1311 1890/1890/1160 2073/2073/1314
f 2072/2072/1313 2071/2071/1312 2074/2074/1315
f 2072/2072/1313 2074/2074/1315 2075/2075/1316
f 2073/2073/1314 1890/1890/1160 1896/1896/1166
f 2073/2073/1314 1896/1896/1166 2076/2076/1317
f 2075/2075/1316 2074/2074/1315 2077/2077/1318
f 2075/2075/1316 2077/2077/1318 2078/2078/1319
f 2076/2076/1317 1896/1896/1166 1899/1899/1169
f 2076/2076/1317 1899/1899/1169 2079/2079/1320
f 2078/2078/1319 2077/2077/1318 2080/2080/1321
f 2078/2078/1319 2080/2080/1321 2081/2081/1322
f 2079/2079/1320 1899/1899/1169 1887/1887/1157
f 2079/2079/1320 1887/1887/1157 2082/2082/1323
f 2081/2081/1322 2080/2080/1321 2083/2083/1324
f 2081/2081/1322 2083/2083/1324 2084/2084/1325
f 2082/2082/1323 1887/1887/1157 1885/1885/1155
f 2082/2082/1323 1885/1885/1155 2085/2085/1326
f 2084/2084/1325 2083/2083/1324 2086/2086/1327
f 2084/2084/1325 2086/2086/1327 2087/2087/1328
f 2085/2085/1326 1885/1885/1155 1884/1884/1154
f 2085/2085/1326 1884/1884/1154 2088/2088/1329
f 2087/2087/1328 2086/2086/1327 2089/2089/1330
f 2087/2087/1328 2089/2089/1330 2090/2090/1331
f 2088/2088/1329 1884/1884/1154 1898/1898/1168
f 2088/2088/1329 1898/1898/1168 2091/2091/1332
f 2092/2092/1333 2093/2093/1334 2094/2094/1335
f 2092/2092/1333 2094/2094/1335 2095/2095/1336
f 2096/2096/1337 1881/1881/1151 1880/1880/1150
f 2096/2096/1337 1880/1880/1150 2097/2097/1338
f 2095/2095/1336 2094/2094/1335 2098/2098/1339
f 2095/2095/1336 2098/2098/1339 2099/2099/1339
f 2097/2097/1338 1880/1880/1150 1903/1903/1173
f 2097/2097/1338 1903/1903/1173 2100/2100/1340
f 2099/2099/1339 2098/2098/1339 2101/2101/1341
f 2099/2099/1339 2101/2101/1341 2102/2102/1341
f 2100/2100/1340 1903/1903/1173 1902/1902/1172
f 2100/2100/1340 1902/1902/1172 2103/2103/1342
f 2090/2090/1331 2089/2089/1330 2093/2093/1334
f 2090/2090/1331 2093/2093/1334 2092/2092/1333
f 2091/2091/1332 1898/1898/1168 1881/1881/1151
f 2091/2091/1332 1881/1881/1151 2096/2096/1337
f 1875/1875/1143 1874/1874/1142 2104/2104/1343
f 1875/1875/1143 2104/2104/1343 2105/2105/1343
s 0
f 1819/1819/1126 1836/1836/1126 2106/2106/1126
f 1819/1819/1126 2106/2106/1126 1820/1820/1126
f 2107/2107/1126 1840/1840/1126 1842/1842/1126
f 2107/2107/1126 1842/1842/1126 2108/2108/1126
f 1840/1840/1126 1819/1819/1126 1822/1822/1126
f 1840/1840/1126 1822/1822/1126 1841/1841/1126
f 1838/1838/1136 1849/1849/1136 1851/1851/1136
f 1838/1838/1136 1851/1851/1136 1855/1855/1136
s 1
f 1944/1944/1199 1943/1943/1199 2109/2109/1344
f 1944/1944/1199 2109/2109/1344 2110/2110/1344
f 2111/2111/1345 2039/2039/1280 2112/2112/1346
f 2111/2111/1345 2112/2112/1346 2113/2113/1347
f 2039/2039/1280 1957/1957/1208 1960/1960/1210
f 2039/2039/1280 1960/1960/1210 2112/2112/1346
f 1870/1870/1127 1823/1823/1127 1825/1825/1128
f 1870/1870/1127 1825/1825/1128 1871/1871/1128
s 0
f 1852/1852/1126 1854/1854/1126 2107/2107/1126
f 1852/1852/1348 2107/2107/1126 2108/2108/1126
s 1
f 2038/2038/1279 2037/2037/1279 2114/2114/1349
f 2038/2038/1279 2114/2114/1349 2115/2115/1349
f 2115/2115/1349 2114/2114/1349 1980/1980/1223
f 2115/2115/1349 1980/1980/1223 1979/1979/1223
o grip_low.001_M_WP_Revolver_0
v -0.397243 -0.657450 0.583535
v -0.216611 -0.223039 1.441153
v -0.179559 -0.298927 1.339329
v -0.253998 -0.132034 1.411116
v -0.262282 -0.164293 1.389659
v -0.269498 -0.162927 1.400945
v -0.098889 -0.761750 0.583535
v -0.012034 -0.525557 0.648200
v -0.055165 -0.648934 0.611058
v -0.170348 0.003845 1.286463
v -0.177148 -0.015604 1.327507
v -0.397243 -0.657450 0.583535
v 0.135642 -0.103125 1.286463
v 0.137151 -0.098809 1.225759
v -0.221973 -0.143830 1.409662
v -0.213818 -0.120502 1.401967
v 0.111892 -0.171060 1.369879
v 0.128842 -0.122574 1.327507
v -0.411990 -0.766969 0.762504
v -0.406334 -0.812307 0.642784
v -0.371756 -0.877350 0.707500
v -0.319248 -0.913219 0.584517
v -0.323092 -0.924213 0.599587
v -0.346189 -0.902492 0.585553
v -0.361156 -0.541964 0.611058
v -0.318025 -0.418587 0.648200
v -0.203321 0.020215 1.225759
v -0.217992 -0.025830 1.296693
v -0.204830 0.015899 1.286463
v -0.211547 -0.003579 1.327508
v -0.226638 -0.052713 1.369904
v -0.194098 -0.064090 1.369879
v -0.350084 -0.407380 0.648205
v -0.388189 -0.532514 0.611188
v -0.365270 -0.457778 0.657782
v -0.221339 -0.142016 0.835645
v -0.191814 -0.057559 0.965343
v -0.380905 -0.598458 0.602793
v -0.168840 0.008161 1.225759
v -0.169607 0.005965 1.185034
v -0.231359 -0.170678 1.415133
v -0.295848 -0.355150 0.677394
v -0.246155 -0.213001 1.421191
v -0.393335 -0.530900 0.685111
v -0.412083 -0.591583 0.631517
v -0.406016 -0.549795 0.699499
v -0.175659 -0.011346 1.087105
v -0.263582 -0.417855 1.546933
v -0.332929 -0.312390 1.389292
v -0.350479 -0.428544 1.473168
v -0.246155 -0.213001 1.421191
v -0.159126 -0.240479 1.451002
v -0.045790 -0.345691 1.339329
v 0.030473 -0.309416 1.441153
v -0.098889 -0.761750 0.583535
v 0.116416 -0.261525 1.411116
v 0.109292 -0.295347 1.400945
v 0.102797 -0.291920 1.389659
v 0.049262 -0.350215 0.743276
v 0.010142 -0.462120 0.677393
v 0.084017 -0.250799 1.409662
v 0.092172 -0.227471 1.401967
v -0.295384 -0.919617 0.583774
v -0.256728 -0.243246 0.743276
v 0.171632 -0.110863 1.225759
v 0.170124 -0.115179 1.286463
v 0.154420 -0.156020 1.296693
v 0.163242 -0.134600 1.327508
v 0.144434 -0.182434 1.369904
v -0.028132 -0.658385 0.611188
v 0.000504 -0.585648 0.657782
v -0.023102 -0.660329 0.685111
v 0.020024 -0.536764 0.648205
v 0.114176 -0.164529 0.965343
v 0.084651 -0.248986 0.835645
v -0.074915 -0.705428 0.602793
v 0.136383 -0.101005 1.185034
v 0.074631 -0.277648 1.415133
v 0.059836 -0.319971 1.421191
v -0.024954 -0.683008 0.699499
v -0.046244 -0.719476 0.631517
v 0.130331 -0.118316 1.087105
v -0.054163 -0.491065 1.546933
v 0.007148 -0.553565 1.473168
v 0.065787 -0.451776 1.389292
v 0.059836 -0.319971 1.421191
v -0.025358 -0.287242 1.451002
v -0.680017 -2.183067 1.165529
v -0.828210 -2.131261 1.165529
v -0.754196 -2.157400 1.144681
v -0.677991 -2.174825 2.434430
v -0.751289 -2.149084 2.452619
v -0.824660 -2.123552 2.434430
v -0.316264 -0.692542 0.573844
v -0.184094 -0.738746 0.573844
v -0.188259 -0.888543 0.642784
v -0.155588 -0.856604 0.762504
v -0.255830 -0.917876 0.707500
v -1.072112 -2.039846 2.031746
v -1.007994 -2.060721 2.248244
v -0.939876 -1.887018 2.201632
v -1.005253 -1.874531 1.995718
v -1.030718 -2.057970 1.510808
v -1.077405 -2.039809 1.776050
v -1.013655 -1.883862 1.752431
v -0.971253 -1.911120 1.501292
v -0.897511 -2.106498 1.227578
v -0.844846 -1.968563 1.233373
v -0.424730 -1.048155 1.088388
v -0.398046 -0.968850 1.038897
v -0.350116 -1.001518 1.031179
v -0.375810 -1.075016 1.081852
v -0.245252 -0.906075 0.796862
v -0.169878 -0.858221 0.837385
v -0.184062 -0.872267 0.921637
v -0.254365 -0.913337 0.888941
v -0.441250 -0.606188 1.459736
v -0.408875 -0.473017 1.365520
v -0.437709 -0.541927 1.242636
v -0.473968 -0.693125 1.356558
v -0.250106 -0.127968 1.363075
v -0.245200 -0.109406 1.402641
v -0.639560 -1.621295 1.194283
v -0.570462 -1.439103 1.192159
v -0.512668 -1.466503 1.180976
v -0.576476 -1.649027 1.180267
v -0.378399 -0.905777 0.964507
v -0.330141 -0.944377 0.954161
v -0.971253 -1.911120 1.501292
v -1.013655 -1.883862 1.752431
v -1.062840 -1.865439 1.745619
v -1.016619 -1.894033 1.494480
v -1.005253 -1.874531 1.995718
v -0.939876 -1.887018 2.201632
v -0.976632 -1.872940 2.208585
v -1.054417 -1.856116 1.996552
v -0.515022 -1.294101 1.174759
v -0.466053 -1.163146 1.140710
v -0.415469 -1.188462 1.133757
v -0.461610 -1.320447 1.165971
v -0.372677 -0.861529 0.796862
v -0.319198 -0.913074 0.724502
v -0.315963 -0.903820 0.800946
v -0.287456 -0.182494 1.391404
v -0.269201 -0.184626 1.363359
v -0.293161 -0.206944 1.276034
v -0.337453 -0.204390 1.308478
v -0.255950 -0.144546 1.322330
v -0.270997 -0.163643 1.229478
v -0.386083 -0.345491 1.281019
v -0.413838 -0.401788 1.158510
v -0.303339 -0.270170 0.784841
v -0.338133 -0.333099 0.864357
v -0.311135 -0.233945 0.984618
v -0.268765 -0.170393 0.886636
v -0.370073 -0.872887 0.888941
v -0.409168 -0.841738 0.999709
v -0.399476 -0.796961 0.921637
v -0.561603 -1.259527 1.212230
v -0.507155 -1.126876 1.174784
v -0.443031 -0.651325 1.124390
v -0.423389 -0.514167 1.029745
v -0.318036 -0.909750 0.877696
v -0.372110 -0.891985 0.637932
v -0.324681 -0.928758 0.664157
v -0.222598 -0.040572 1.236645
v -0.204089 0.018019 1.185034
v -0.210141 0.000708 1.087105
v -0.229487 -0.059817 1.135014
v -0.159126 -0.240479 1.451002
v -0.216611 -0.223039 1.441153
v -0.211502 -0.430211 1.566359
v -0.289864 -0.181591 1.112145
v -0.242946 -0.096876 1.015215
v -0.472172 -0.774150 1.213335
v -0.378493 -0.212933 1.199090
v -0.405390 -0.252645 1.075970
v -0.360796 -0.357049 0.902309
v -0.372326 -0.460495 0.751072
v -0.388922 -0.482537 0.772075
v -0.408592 -0.632592 0.829909
v -0.401820 -0.777137 0.837385
v -0.986206 -1.691631 1.959173
v -0.997675 -1.710236 1.720790
v -1.062840 -1.865439 1.745619
v -1.054417 -1.856116 1.996552
v -0.320132 -0.214936 1.159203
v -0.340561 -0.257066 1.031609
v -0.405390 -0.252645 1.075970
v -0.378493 -0.212933 1.199090
v -0.844846 -1.968563 1.233373
v -0.879440 -1.955241 1.226561
v -0.417320 -0.652909 0.590828
v -0.405144 -0.589985 0.603043
v -0.380905 -0.598458 0.602793
v -0.397243 -0.657450 0.583535
v -0.226296 -0.045504 0.965343
v -0.191814 -0.057559 0.965343
v -0.221339 -0.142016 0.835645
v -0.255821 -0.129961 0.835645
v -0.291210 -0.231191 0.743276
v -0.256728 -0.243246 0.743276
v -0.295848 -0.355150 0.677394
v -0.329561 -0.343365 0.677394
v -0.461160 -1.006901 1.121757
v -0.492261 -0.994801 1.114946
v -0.462305 -0.905427 1.066062
v -0.431116 -0.917558 1.072873
v -0.472172 -0.774150 1.213335
v -0.431116 -0.917558 1.072873
v -0.462305 -0.905427 1.066062
v -0.510066 -0.759675 1.206524
v -0.420445 -0.354156 0.938258
v -0.388189 -0.532514 0.611188
v -0.361156 -0.541964 0.611058
v -0.337416 -0.658958 1.746588
v -0.396827 -0.815484 1.860893
v -0.345797 -0.823964 1.884002
v -0.288650 -0.666611 1.767421
v -0.293398 -0.839272 1.892709
v -0.238208 -0.681400 1.775158
v -0.411915 -1.001017 2.000089
v -0.355764 -1.017672 2.010085
v -0.466822 -0.990581 1.973866
v -0.544888 -1.183821 2.075231
v -0.485585 -1.196728 2.104946
v -0.424804 -1.215165 2.116426
v -0.576646 -1.441692 2.207436
v -0.511181 -1.462248 2.220745
v -0.640064 -1.425717 2.173495
v -0.296664 -0.537756 1.631432
v -0.247590 -0.546473 1.650329
v -0.196457 -0.561971 1.657117
v -0.296664 -0.537756 1.631432
v -0.379961 -0.550551 1.562669
v -0.409899 -0.538857 1.569623
v -0.327729 -0.525668 1.641043
v -0.337453 -0.204390 1.308478
v -0.622779 -1.405425 1.234351
v -0.655520 -1.392751 1.227539
v -0.593596 -1.247114 1.205418
v -0.561603 -1.259527 1.212230
v -0.640064 -1.425717 2.173495
v -0.673554 -1.412781 2.183105
v -0.794069 -1.727718 2.288432
v -0.759871 -1.740901 2.278822
v -0.861647 -1.906652 2.344362
v -0.827108 -1.919955 2.334752
v -0.441250 -0.606188 1.459736
v -0.481545 -0.590873 1.460570
v -0.416050 -0.667475 0.740788
v -0.697635 -1.589210 1.242262
v -0.731155 -1.576264 1.235450
v -0.827108 -1.919955 2.334752
v -0.861647 -1.906652 2.344362
v -0.296664 -0.537756 1.631432
v -0.327729 -0.525668 1.641043
v -0.368362 -0.646912 1.756199
v -0.337416 -0.658958 1.746588
v -0.794069 -1.727718 2.288432
v -0.907490 -1.700033 2.160518
v -0.976632 -1.872940 2.208585
v -0.861647 -1.906652 2.344362
v -0.507155 -1.126876 1.174784
v -0.538553 -1.114671 1.167973
v -0.343174 -0.388118 0.702269
v -0.473968 -0.693125 1.356558
v -0.514077 -0.677876 1.349747
v -0.420445 -0.354156 0.938258
v -0.369926 -0.898768 0.605909
v -0.327799 -0.937679 0.636043
v -0.466822 -0.990581 1.973866
v -0.498758 -0.978188 1.983476
v -0.577597 -1.171158 2.084841
v -0.544888 -1.183821 2.075231
v -0.461160 -1.006901 1.121757
v -0.697635 -1.589210 1.242262
v -0.622779 -1.405425 1.234351
v -0.379961 -0.550551 1.562669
v -0.431116 -0.917558 1.072873
v -0.791872 -1.830718 1.238141
v -0.728143 -1.859630 1.183393
v -0.778253 -1.995443 1.174938
v -0.791872 -1.830718 1.238141
v -0.826114 -1.817520 1.231329
v -0.754196 -2.157400 1.144681
v -0.828210 -2.131261 1.165529
v -0.706910 -2.022137 1.155846
v -0.400150 -0.823156 0.590895
v -0.409229 -0.724003 0.612205
v -0.325706 -0.757888 0.543815
v -0.271814 -0.777532 0.540528
v -0.301066 -0.861208 0.550582
v -0.343252 -0.846418 0.553223
v -0.401898 -0.730036 0.579949
v -0.417320 -0.652909 0.590828
v -0.397243 -0.657450 0.583535
v -0.391624 -0.733896 0.557366
v -0.392526 -0.828994 0.566961
v -0.270605 -0.933489 0.605909
v -0.327799 -0.937679 0.636043
v -0.391624 -0.733896 0.557366
v -0.397243 -0.657450 0.583535
v -0.316264 -0.692542 0.573844
v -0.659604 -1.886817 1.166090
v -0.210141 0.000708 1.087105
v -0.175659 -0.011346 1.087105
v -0.226296 -0.045504 0.965343
v -0.291210 -0.231191 0.743276
v -0.329561 -0.343365 0.677394
v -0.237370 -0.504206 1.469998
v -0.182918 -0.523241 1.469998
v -0.112675 -0.322309 1.339329
v -0.179559 -0.298927 1.339329
v -0.255821 -0.129961 0.835645
v -0.405144 -0.589985 0.603043
v -0.432416 -0.574880 0.713827
v -0.428593 -0.494623 0.797422
v -0.287456 -0.182494 1.391404
v -0.246155 -0.213001 1.421191
v -0.693141 -1.760682 2.318083
v -0.623538 -1.783649 2.333694
v -0.687334 -1.966140 2.393908
v -0.758897 -1.941869 2.377003
v -0.824660 -2.123552 2.434430
v -0.751289 -2.149084 2.452619
v -0.827108 -1.919955 2.334752
v -0.894197 -2.099538 2.389202
v -0.759871 -1.740901 2.278822
v -0.247590 -0.546473 1.650329
v -0.273457 -0.620468 1.553969
v -0.237370 -0.504206 1.469998
v -0.211502 -0.430211 1.566359
v -0.204089 0.018019 1.185034
v -0.169607 0.005965 1.185034
v -0.203321 0.020215 1.225759
v -0.204830 0.015899 1.286463
v -0.170348 0.003845 1.286463
v -0.168840 0.008161 1.225759
v -0.350084 -0.407380 0.648205
v -0.318025 -0.418587 0.648200
v -0.211547 -0.003579 1.327508
v -0.177148 -0.015604 1.327507
v -0.417320 -0.652909 0.590828
v -0.425767 -0.650464 0.604121
v -0.273457 -0.620468 1.553969
v -0.222325 -0.635966 1.560757
v -0.179559 -0.298927 1.339329
v -0.159126 -0.240479 1.451002
v -0.221973 -0.143830 1.409662
v -0.213818 -0.120502 1.401967
v -0.245200 -0.109406 1.402641
v -0.253998 -0.132034 1.411116
v -0.196457 -0.561971 1.657117
v -0.222325 -0.635966 1.560757
v -0.273457 -0.620468 1.553969
v -0.247590 -0.546473 1.650329
v -0.246155 -0.213001 1.421191
v -0.231359 -0.170678 1.415133
v -0.269498 -0.162927 1.400945
v -0.287456 -0.182494 1.391404
v 0.111148 -0.321840 1.391404
v 0.095541 -0.312134 1.363359
v -0.251045 -0.718122 0.570975
v -0.112675 -0.322309 1.339329
v -0.258853 -0.875922 0.553223
v -0.209456 -0.892993 0.566961
v -0.428118 -0.803317 1.870504
v -0.396827 -0.815484 1.860893
v -0.844846 -1.968563 1.233373
v -0.879440 -1.955241 1.226561
v -0.368362 -0.646912 1.756199
v -0.327729 -0.525668 1.641043
v -0.409899 -0.538857 1.569623
v -0.450783 -0.660224 1.679541
v -0.521740 -0.706211 1.554405
v -0.481545 -0.590873 1.460570
v -0.514077 -0.677876 1.349747
v -0.550478 -0.780397 1.406917
v -0.546873 -0.871382 1.268295
v -0.510066 -0.759675 1.206524
v -0.462305 -0.905427 1.066062
v -0.492261 -0.994801 1.114946
v -0.846418 -1.491789 1.460385
v -0.755963 -1.297991 1.430244
v -0.655520 -1.392751 1.227539
v -0.731155 -1.576264 1.235450
v -0.879440 -1.955241 1.226561
v -1.016619 -1.894033 1.494480
v -0.955913 -1.747746 1.483830
v -0.826114 -1.817520 1.231329
v -0.862681 -1.403127 1.887412
v -0.759812 -1.183830 1.817081
v -0.780963 -1.232432 1.621111
v -0.879594 -1.438419 1.671930
v -0.673554 -1.412781 2.183105
v -0.577597 -1.171158 2.084841
v -0.680948 -1.164114 1.982392
v -0.782964 -1.396183 2.069269
v -0.678302 -1.144409 1.389440
v -0.606749 -1.003367 1.334977
v -0.538553 -1.114671 1.167973
v -0.593596 -1.247114 1.205418
v -0.670978 -1.010209 1.740520
v -0.589277 -0.852317 1.651181
v -0.616330 -0.920715 1.490012
v -0.695410 -1.069577 1.562236
v -0.498758 -0.978188 1.983476
v -0.428118 -0.803317 1.870504
v -0.515889 -0.812176 1.787199
v -0.594483 -0.979584 1.890885
v -0.381584 -2.092556 1.995718
v -0.440501 -2.061592 2.201632
v -0.495443 -2.239902 2.248244
v -0.432283 -2.263521 2.031746
v -0.430975 -2.099994 1.501292
v -0.380825 -2.105090 1.752431
v -0.428121 -2.266790 1.776050
v -0.475953 -2.251907 1.510808
v -0.565639 -2.066170 1.233373
v -0.610383 -2.206875 1.227578
v -0.292273 -1.005827 1.038897
v -0.320810 -1.084484 1.088388
v -0.375810 -1.075016 1.081852
v -0.350116 -1.001518 1.031179
v 0.025117 -0.624734 1.365520
v -0.032529 -0.749070 1.459736
v -0.061102 -0.837457 1.356558
v 0.004737 -0.696600 1.242636
v 0.123632 -0.238344 1.402641
v 0.115904 -0.255920 1.363075
v -0.450392 -1.481078 1.192159
v -0.509854 -1.666638 1.194283
v -0.576476 -1.649027 1.180267
v -0.512668 -1.466503 1.180976
v -0.268344 -0.944251 0.964507
v -0.330141 -0.944377 0.954161
v -0.384843 -2.114893 1.494480
v -0.330875 -2.121324 1.745619
v -0.380825 -2.105090 1.752431
v -0.430975 -2.099994 1.501292
v -0.331655 -2.108783 1.996552
v -0.402981 -2.073481 2.208585
v -0.440501 -2.061592 2.201632
v -0.381584 -2.092556 1.995718
v -0.360131 -1.200175 1.140710
v -0.403416 -1.333117 1.174759
v -0.461610 -1.320447 1.165971
v -0.415469 -1.188462 1.133757
v -0.315963 -0.903820 0.800946
v -0.319198 -0.913074 0.724502
v 0.136614 -0.370118 1.308478
v 0.100377 -0.344520 1.276034
v 0.110147 -0.272528 1.322330
v 0.110018 -0.296841 1.229478
v 0.086742 -0.510784 1.281019
v 0.073377 -0.572111 1.158510
v 0.104067 -0.300730 0.886636
v 0.097614 -0.376838 0.984618
v 0.056955 -0.471216 0.864357
v 0.068947 -0.400316 0.784841
v -0.204378 -0.913329 0.999709
v -0.305383 -1.197412 1.174784
v -0.345439 -1.335095 1.212230
v -0.059258 -0.785487 1.124390
v 0.010832 -0.665965 1.029745
v -0.318036 -0.909750 0.877696
v -0.264671 -0.929544 0.637932
v -0.324681 -0.928758 0.664157
v 0.170865 -0.113059 1.185034
v 0.148838 -0.170421 1.236645
v 0.142236 -0.189766 1.135014
v 0.164813 -0.130370 1.087105
v 0.030473 -0.309416 1.441153
v -0.025358 -0.287242 1.451002
v -0.102598 -0.468282 1.566359
v 0.129675 -0.227139 1.015215
v 0.113594 -0.322635 1.112145
v -0.112987 -0.899716 1.213335
v 0.163393 -0.402369 1.199090
v 0.159689 -0.450189 1.075970
v 0.059761 -0.504070 0.902309
v 0.003578 -0.619750 0.772075
v 0.004330 -0.592169 0.751072
v -0.074525 -0.749377 0.829909
v 0.027079 -0.653919 0.797422
v 0.108221 -0.538970 0.938258
v -0.282530 -1.937626 1.959173
v -0.331655 -2.108783 1.996552
v -0.330875 -2.121324 1.745619
v -0.285151 -1.959324 1.720790
v 0.159689 -0.450189 1.075970
v 0.106226 -0.413256 1.031609
v 0.116495 -0.367575 1.159203
v 0.163393 -0.402369 1.199090
v -0.530280 -2.077303 1.226561
v -0.565639 -2.066170 1.233373
v -0.074915 -0.705428 0.602793
v -0.050676 -0.713902 0.603043
v -0.080356 -0.770707 0.590828
v -0.098889 -0.761750 0.583535
v 0.084651 -0.248986 0.835645
v 0.114176 -0.164529 0.965343
v 0.148658 -0.176583 0.965343
v 0.119133 -0.261040 0.835645
v 0.010142 -0.462120 0.677393
v 0.049262 -0.350215 0.743276
v 0.083744 -0.362270 0.743276
v 0.043855 -0.473906 0.677394
v -0.266612 -1.074912 1.121757
v -0.234449 -0.986310 1.072873
v -0.202495 -0.996253 1.066062
v -0.234746 -1.084824 1.114946
v -0.074328 -0.912003 1.206524
v -0.202495 -0.996253 1.066062
v -0.234449 -0.986310 1.072873
v -0.112987 -0.899716 1.213335
v 0.108221 -0.538970 0.938258
v -0.028132 -0.658385 0.611188
v -0.055165 -0.648934 0.611058
v 0.111892 -0.171060 1.369879
v 0.144434 -0.182434 1.369904
v 0.163242 -0.134600 1.327508
v 0.128842 -0.122574 1.327507
v -0.146625 -0.725656 1.746588
v -0.189538 -0.701259 1.767421
v -0.242873 -0.859945 1.884002
v -0.197674 -0.885104 1.860893
v -0.301465 -1.039629 2.000089
v -0.252016 -1.065674 1.973866
v -0.365775 -1.238612 2.104946
v -0.311347 -1.265463 2.075231
v -0.447167 -1.486956 2.207436
v -0.387609 -1.513972 2.173495
v -0.146806 -0.581706 1.650329
v -0.102988 -0.605462 1.631432
v -0.071158 -0.615362 1.641043
v -0.015103 -0.676872 1.569623
v -0.045806 -0.667367 1.562669
v -0.102988 -0.605462 1.631432
v 0.136614 -0.370118 1.308478
v -0.388487 -1.487330 1.234351
v -0.345439 -1.335095 1.212230
v -0.312681 -1.345318 1.205418
v -0.354981 -1.497815 1.227539
v -0.387609 -1.513972 2.173495
v -0.490266 -1.835151 2.278822
v -0.455303 -1.846146 2.288432
v -0.353354 -1.524719 2.183105
v -0.549229 -2.017097 2.334752
v -0.513925 -2.028211 2.344362
v 0.008531 -0.762196 1.460570
v -0.032529 -0.749070 1.459736
v -0.090425 -0.781309 0.740788
v -0.444439 -1.677724 1.242262
v -0.410153 -1.688482 1.235450
v -0.513925 -2.028211 2.344362
v -0.549229 -2.017097 2.334752
v -0.102988 -0.605462 1.631432
v -0.146625 -0.725656 1.746588
v -0.114914 -0.735514 1.756199
v -0.071158 -0.615362 1.641043
v -0.455303 -1.846146 2.288432
v -0.513925 -2.028211 2.344362
v -0.402981 -2.073481 2.208585
v -0.349337 -1.895155 2.160518
v -0.305383 -1.197412 1.174784
v -0.273219 -1.207428 1.167973
v 0.026620 -0.517393 0.702269
v -0.061102 -0.837457 1.356558
v -0.020228 -0.850518 1.349747
v -0.327799 -0.937679 0.636043
v -0.270605 -0.933489 0.605909
v -0.252016 -1.065674 1.973866
v -0.311347 -1.265463 2.075231
v -0.277872 -1.275938 2.084841
v -0.219314 -1.075878 1.983476
v -0.266612 -1.074912 1.121757
v -0.388487 -1.487330 1.234351
v -0.444439 -1.677724 1.242262
v -0.045806 -0.667367 1.562669
v -0.234449 -0.986310 1.072873
v -0.521194 -1.925344 1.238141
v -0.634475 -2.045706 1.174938
v -0.589055 -1.908253 1.183393
v -0.521194 -1.925344 1.238141
v -0.486186 -1.936354 1.231329
v -0.706910 -2.022137 1.155846
v -0.680017 -2.183067 1.165529
v -0.754196 -2.157400 1.144681
v -0.199855 -0.893176 0.590895
v -0.130978 -0.821276 0.612205
v -0.251045 -0.718122 0.570975
v -0.184094 -0.738746 0.573844
v -0.217421 -0.795742 0.543815
v -0.150912 -0.818046 0.557366
v -0.098889 -0.761750 0.583535
v -0.080356 -0.770707 0.590828
v -0.140472 -0.821427 0.579949
v -0.209456 -0.892993 0.566961
v -0.194098 -0.064090 1.369879
v -0.226638 -0.052713 1.369904
v -0.098889 -0.761750 0.583535
v -0.150912 -0.818046 0.557366
v -0.659604 -1.886817 1.166090
v 0.130331 -0.118316 1.087105
v 0.164813 -0.130370 1.087105
v 0.148658 -0.176583 0.965343
v 0.083744 -0.362270 0.743276
v 0.043855 -0.473906 0.677394
v -0.128466 -0.542277 1.469998
v -0.045790 -0.345691 1.339329
v 0.119133 -0.261040 0.835645
v 0.027079 -0.653919 0.797422
v -0.019933 -0.719078 0.713827
v 0.111148 -0.321840 1.391404
v 0.059836 -0.319971 1.421191
v -0.554786 -1.809049 2.318083
v -0.677991 -2.174825 2.434430
v -0.616236 -1.991741 2.377003
v -0.608638 -2.199365 2.389202
v -0.549229 -2.017097 2.334752
v -0.490266 -1.835151 2.278822
v -0.146806 -0.581706 1.650329
v -0.102598 -0.468282 1.566359
v -0.128466 -0.542277 1.469998
v -0.172673 -0.655701 1.553969
v 0.136383 -0.101005 1.185034
v 0.170865 -0.113059 1.185034
v 0.135642 -0.103125 1.286463
v 0.170124 -0.115179 1.286463
v 0.171632 -0.110863 1.225759
v 0.137151 -0.098809 1.225759
v 0.020024 -0.536764 0.648205
v -0.012034 -0.525557 0.648200
v -0.072225 -0.774057 0.604121
v -0.080356 -0.770707 0.590828
v -0.050676 -0.713902 0.603043
v -0.172673 -0.655701 1.553969
v -0.025358 -0.287242 1.451002
v -0.045790 -0.345691 1.339329
v 0.084017 -0.250799 1.409662
v 0.116416 -0.261525 1.411116
v 0.123632 -0.238344 1.402641
v 0.092172 -0.227471 1.401967
v -0.146806 -0.581706 1.650329
v -0.172673 -0.655701 1.553969
v 0.059836 -0.319971 1.421191
v 0.111148 -0.321840 1.391404
v 0.109292 -0.295347 1.400945
v 0.074631 -0.277648 1.415133
v -0.369926 -0.898768 0.605909
v -0.197674 -0.885104 1.860893
v -0.165618 -0.895083 1.870504
v -0.565639 -2.066170 1.233373
v -0.530280 -2.077303 1.226561
v -0.072225 -0.774057 0.604121
v -0.071158 -0.615362 1.641043
v -0.114914 -0.735514 1.756199
v -0.058739 -0.797277 1.679541
v -0.015103 -0.676872 1.569623
v 0.008531 -0.762196 1.460570
v -0.031888 -0.877457 1.554404
v -0.055629 -0.953389 1.406917
v -0.020228 -0.850518 1.349747
v -0.074328 -0.912003 1.206524
v -0.115135 -1.022312 1.268295
v -0.234746 -1.084824 1.114946
v -0.202495 -0.996253 1.066062
v -0.217376 -1.486273 1.430244
v -0.267365 -1.694218 1.460385
v -0.410153 -1.688482 1.235450
v -0.354981 -1.497815 1.227539
v -0.341187 -1.962646 1.483830
v -0.384843 -2.114893 1.494480
v -0.530280 -2.077303 1.226561
v -0.486186 -1.936354 1.231329
v -0.143240 -1.399375 1.817081
v -0.199405 -1.634999 1.887412
v -0.208163 -1.673141 1.671930
v -0.156976 -1.450569 1.621111
v -0.277872 -1.275938 2.084841
v -0.353354 -1.524719 2.183105
v -0.257432 -1.579902 2.069269
v -0.192643 -1.334818 1.982392
v -0.150531 -1.162854 1.334977
v -0.182436 -1.317757 1.389440
v -0.312681 -1.345318 1.205418
v -0.273219 -1.207428 1.167973
v -0.070089 -1.033818 1.651181
v -0.104554 -1.208223 1.740520
v -0.122431 -1.269882 1.562236
v -0.091542 -1.104173 1.490012
v -0.165618 -0.895083 1.870504
v -0.219314 -1.075878 1.983476
v -0.145308 -1.136609 1.890885
v -0.102484 -0.956696 1.787199
v -0.428121 -2.266790 1.776050
v -0.432283 -2.263521 2.031746
v -1.072112 -2.039846 2.031746
v -1.077405 -2.039809 1.776050
v -0.495443 -2.239902 2.248244
v -0.608638 -2.199365 2.389202
v -0.894197 -2.099538 2.389202
v -1.007994 -2.060721 2.248244
v -0.610383 -2.206875 1.227578
v -0.897511 -2.106498 1.227578
v -0.475953 -2.251907 1.510808
v -1.030718 -2.057970 1.510808
v -0.392526 -0.828994 0.566961
v -0.019933 -0.719078 0.713827
v -0.425767 -0.650464 0.604121
v -0.432416 -0.574880 0.713827
v -0.428593 -0.494623 0.797422
vn 0.3071 0.8227 -0.4783
vn 0.4160 0.7719 -0.4807
vn 0.3215 0.8159 -0.4805
vn -0.9328 0.3418 -0.1140
vn -0.8061 0.5277 -0.2677
vn -0.6297 0.6197 -0.4685
vn -0.9340 0.3500 -0.0726
vn -0.9257 0.3662 -0.0943
vn -0.7435 0.4159 -0.5237
vn 0.9454 -0.3259 0.0015
vn 0.9450 -0.3270 0.0026
vn 0.9486 -0.3081 -0.0726
vn -0.9425 0.3341 0.0015
vn -0.9421 0.3352 0.0002
vn 0.9443 -0.3290 0.0042
vn 0.9445 -0.3284 0.0038
vn -0.9432 0.3321 0.0033
vn -0.9429 0.3330 0.0026
vn -0.9820 -0.1794 0.0584
vn -0.9722 -0.2339 -0.0093
vn -0.7943 -0.5948 0.1237
vn -0.2282 -0.6306 -0.7418
vn -0.2923 -0.8383 -0.4603
vn -0.4024 -0.6241 -0.6697
vn 0.8407 -0.1379 -0.5237
vn 0.9523 -0.2903 -0.0943
vn -0.9533 0.3020 -0.0004
vn -0.9541 0.2994 -0.0041
vn -0.9541 0.2994 -0.0064
vn -0.9565 0.2916 -0.0106
vn -0.9550 0.2966 -0.0090
vn 0.9447 -0.3279 0.0033
vn -0.9556 0.2944 0.0153
vn -0.9387 0.3337 -0.0866
vn -0.9491 0.3138 -0.0277
vn 0.9476 -0.3192 -0.0086
vn 0.9468 -0.3217 -0.0040
vn -0.8673 0.3543 -0.3497
vn 0.9458 -0.3248 0.0002
vn 0.9460 -0.3241 -0.0006
vn 0.9442 -0.3293 0.0044
vn 0.9515 -0.3036 -0.0502
vn 0.9442 -0.3294 0.0045
vn -0.9096 0.3914 -0.1393
vn -0.8921 0.3839 -0.2383
vn -0.8076 0.5002 -0.3123
vn 0.9463 -0.3232 -0.0017
vn -0.3717 0.5634 0.7378
vn -0.7881 0.3648 0.4959
vn -0.7397 0.4848 0.4667
vn 0.5505 0.6923 -0.4666
vn 0.3289 0.8106 -0.4845
vn 0.2568 0.8385 -0.4805
vn 0.1556 0.8630 -0.4807
vn 0.2723 0.8349 -0.4783
vn 0.9426 -0.3139 -0.1140
vn 0.8786 0.0924 -0.4685
vn 0.9594 -0.0895 -0.2677
vn -0.9382 0.3456 -0.0202
vn -0.9334 0.3554 -0.0502
vn -0.9436 0.3310 0.0042
vn -0.9434 0.3316 0.0038
vn -0.0837 -0.7266 -0.6820
vn 0.9491 -0.3142 -0.0202
vn 0.9338 -0.3577 -0.0004
vn 0.9328 -0.3603 -0.0064
vn 0.9328 -0.3604 -0.0042
vn 0.9299 -0.3678 -0.0106
vn 0.9318 -0.3629 -0.0092
vn 0.9420 -0.3240 -0.0872
vn 0.9379 -0.3458 -0.0275
vn 0.9554 -0.2605 -0.1393
vn 0.9309 -0.3651 0.0153
vn -0.9410 0.3383 -0.0040
vn -0.9401 0.3407 -0.0086
vn 0.8992 -0.2632 -0.3497
vn -0.9419 0.3359 -0.0006
vn -0.9437 0.3307 0.0044
vn -0.9438 0.3306 0.0045
vn 0.9434 -0.1119 -0.3123
vn 0.9370 -0.2556 -0.2383
vn -0.9416 0.3368 -0.0017
vn 0.6418 0.2091 0.7378
vn 0.8806 -0.0819 0.4667
vn 0.8437 -0.2056 0.4959
vn 0.0007 0.8845 -0.4666
vn 0.2478 0.8390 -0.4845
vn -0.3300 -0.9439 0.0085
vn -0.3300 -0.9439 0.0120
vn -0.3300 -0.9440 0.0060
vn 0.2981 0.8260 -0.4783
vn 0.2815 0.8319 -0.4783
vn 0.6147 -0.7887 -0.0094
vn 0.6564 -0.7521 0.0584
vn 0.2508 -0.9601 0.1237
vn -0.8982 0.4032 0.1754
vn -0.7517 0.4309 0.4993
vn -0.7761 0.4294 0.4617
vn -0.9049 0.3995 0.1467
vn -0.8844 0.3408 -0.3189
vn -0.9263 0.3690 -0.0768
vn -0.9257 0.3668 -0.0921
vn -0.8819 0.3399 -0.3268
vn -0.7207 0.2972 -0.6263
vn -0.6772 0.2846 -0.6785
vn -0.5519 -0.2334 -0.8006
vn -0.6779 -0.3396 -0.6520
vn -0.4615 -0.4995 -0.7332
vn -0.3299 -0.3612 -0.8722
vn 0.2722 -0.9618 0.0297
vn 0.6440 -0.7647 0.0232
vn 0.6612 -0.7396 -0.1256
vn 0.2996 -0.9344 -0.1928
vn -0.9199 0.3501 0.1768
vn -0.9240 0.3275 0.1973
vn -0.9804 0.1970 0.0036
vn -0.9750 0.2215 -0.0166
vn -0.9512 0.3082 -0.0119
vn -0.9525 0.3031 -0.0299
vn -0.3765 0.1566 -0.9131
vn -0.3847 0.0875 -0.9189
vn -0.1854 0.0144 -0.9825
vn -0.1804 0.0907 -0.9794
vn -0.7789 -0.4523 -0.4345
vn -0.5791 -0.6416 -0.5030
vn -0.3581 -0.9330 0.0347
vn -0.3550 -0.9338 0.0441
vn -0.3548 -0.9339 0.0440
vn -0.3578 -0.9331 0.0362
vn -0.3507 -0.9351 0.0509
vn -0.3473 -0.9360 0.0582
vn -0.3478 -0.9358 0.0566
vn -0.3511 -0.9350 0.0502
vn -0.4157 -0.0113 -0.9094
vn -0.4733 -0.1295 -0.8713
vn -0.2552 -0.2332 -0.9383
vn -0.2094 -0.0958 -0.9731
vn -0.8121 -0.5827 0.0296
vn -0.6099 -0.7759 0.1612
vn -0.5946 -0.8038 0.0208
vn -0.3847 0.8578 -0.3409
vn -0.6402 0.7545 -0.1443
vn -0.4954 0.8683 -0.0247
vn -0.0707 0.9870 -0.1443
vn -0.9272 0.3728 0.0364
vn -0.8711 0.4878 0.0565
vn -0.9400 0.2483 0.2340
vn -0.9880 0.1390 0.0672
vn -0.9380 0.3447 -0.0377
vn -0.8914 0.4219 -0.1655
vn -0.8627 0.4884 -0.1313
vn -0.9295 0.3672 -0.0344
vn -0.8165 -0.5442 -0.1928
vn -0.9491 -0.1190 -0.2916
vn -0.9780 -0.1665 -0.1256
vn -0.5969 0.0714 -0.7991
vn -0.6586 -0.0215 -0.7522
vn -0.9856 0.0658 -0.1559
vn -0.9992 0.0229 -0.0322
vn -0.6057 -0.7621 -0.2290
vn -0.8191 -0.5655 0.0967
vn -0.6598 -0.7248 0.1982
vn -0.9460 0.3239 0.0124
vn -0.9522 0.3056 0.0038
vn -0.9505 0.3107 0.0074
vn -0.9327 0.3603 0.0153
vn -0.0883 0.5136 0.8535
vn -0.4117 0.4961 0.7644
vn -0.1326 0.5647 0.8145
vn -0.8429 0.5374 -0.0262
vn -0.9255 0.3786 -0.0092
vn -0.9768 0.0860 -0.1961
vn -0.9543 0.1873 0.2330
vn -0.9895 0.1043 0.1005
vn -0.6569 0.6224 -0.4255
vn -0.9064 0.3954 -0.1482
vn -0.7290 0.5598 -0.3939
vn -0.9958 -0.0702 0.0581
vn -0.9802 -0.1969 0.0232
vn -0.8892 0.4199 0.1818
vn -0.9201 0.3779 -0.1026
vn -0.9226 0.3749 -0.0914
vn -0.8881 0.4152 0.1973
vn -0.4778 0.8727 -0.1003
vn -0.5713 0.7568 -0.3177
vn -0.2072 0.8990 -0.3859
vn -0.0612 0.9858 -0.1564
vn -0.3597 -0.9326 0.0296
vn -0.0848 0.2676 -0.9598
vn -0.0194 0.1954 -0.9805
vn -0.0246 0.2013 -0.9792
vn -0.0848 0.2677 -0.9598
vn 0.2907 0.8315 -0.4733
vn 0.2455 0.7023 -0.6682
vn 0.1889 0.5403 -0.8200
vn 0.1888 0.5401 -0.8201
vn 0.1461 0.4178 -0.8967
vn 0.1462 0.4182 -0.8965
vn 0.0221 -0.4466 -0.8945
vn 0.0198 -0.4510 -0.8923
vn 0.0044 -0.4811 -0.8766
vn 0.0043 -0.4811 -0.8766
vn 0.3885 0.7507 -0.5344
vn 0.3880 0.7008 -0.5987
vn 0.3882 0.7637 -0.5158
vn -0.3566 0.7404 -0.5697
vn 0.0637 0.1967 -0.9784
vn 0.0633 0.1947 -0.9788
vn -0.1901 0.6750 0.7129
vn -0.2373 0.6130 0.7536
vn -0.1045 0.5944 0.7974
vn -0.0600 0.6584 0.7503
vn 0.1815 0.5192 0.8352
vn 0.2067 0.5913 0.7795
vn -0.1341 0.5426 0.8292
vn 0.1614 0.4618 0.8722
vn -0.2661 0.5647 0.7812
vn -0.3004 0.4993 0.8126
vn -0.1695 0.4740 0.8641
vn 0.1355 0.3876 0.9118
vn -0.2056 0.4138 0.8868
vn 0.1125 0.3219 0.9401
vn -0.3373 0.4411 0.8316
vn -0.3018 0.6423 0.7045
vn -0.0796 0.6742 0.7342
vn 0.2243 0.6417 0.7334
vn 0.2251 0.8753 -0.4279
vn 0.2334 0.8447 -0.4817
vn 0.2374 0.8271 -0.5095
vn -0.8564 0.2499 0.4518
vn 0.1437 -0.1548 -0.9774
vn 0.1434 -0.1543 -0.9776
vn 0.1062 -0.2530 -0.9616
vn 0.1067 -0.2521 -0.9618
vn 0.3429 0.2076 0.9162
vn 0.3421 0.2047 0.9171
vn 0.3290 0.1749 0.9280
vn 0.3292 0.1756 0.9278
vn 0.3251 0.1684 0.9306
vn 0.3251 0.1683 0.9306
vn 0.2756 0.7480 -0.6038
vn 0.2819 0.7380 -0.6131
vn -0.9928 -0.0968 0.0706
vn 0.1688 -0.0805 -0.9824
vn 0.1685 -0.0801 -0.9824
vn -0.3455 -0.9365 0.0605
vn -0.3456 -0.9364 0.0606
vn 0.4334 0.5400 0.7215
vn 0.4336 0.5399 0.7215
vn 0.4244 0.4798 0.7679
vn 0.4260 0.4908 0.7600
vn -0.6219 0.4414 0.6468
vn -0.7393 0.4459 0.5045
vn -0.7344 0.4389 0.5177
vn -0.6281 0.4348 0.6453
vn 0.0623 -0.3584 -0.9315
vn 0.0606 -0.3624 -0.9301
vn -0.9455 0.3241 -0.0305
vn 0.3500 0.7518 -0.5588
vn 0.3515 0.7542 -0.5547
vn -0.9994 0.0128 0.0323
vn -0.8526 -0.5214 0.0348
vn -0.7008 -0.6875 0.1904
vn 0.3905 0.3453 0.8534
vn 0.3887 0.3385 0.8569
vn 0.3650 0.2645 0.8926
vn 0.3661 0.2706 0.8904
vn -0.7331 -0.0917 -0.6739
vn -0.5517 0.2137 -0.8062
vn -0.5615 0.1540 -0.8130
vn -0.7273 0.5110 0.4583
vn -0.8853 -0.1078 -0.4524
vn -0.5623 0.2441 -0.7900
vn -0.3867 0.1910 -0.9022
vn -0.4008 0.2054 -0.8928
vn 0.1787 -0.0441 -0.9829
vn 0.1789 -0.0441 -0.9829
vn -0.2113 0.1491 -0.9660
vn -0.4044 0.2095 -0.8902
vn -0.2052 0.1439 -0.9681
vn -0.9639 -0.2211 -0.1482
vn -0.9861 -0.1178 -0.1171
vn -0.0617 0.1618 -0.9849
vn 0.0522 0.1492 -0.9874
vn -0.1096 -0.3028 -0.9467
vn -0.2747 -0.2889 -0.9171
vn -0.9088 -0.0400 -0.4153
vn -0.8796 -0.0968 -0.4657
vn -0.6879 0.0798 -0.7214
vn -0.8587 0.0066 -0.5125
vn -0.9513 -0.2158 -0.2201
vn -0.0130 -0.8050 -0.5931
vn -0.3037 -0.8696 -0.3893
vn -0.1002 0.2054 -0.9735
vn 0.0011 0.3684 -0.9297
vn 0.0467 0.3875 -0.9207
vn -0.1915 0.1283 -0.9731
vn 0.3168 0.9062 -0.2799
vn -0.9490 0.3152 0.0092
vn -0.9495 0.3131 0.0175
vn -0.9521 0.3050 0.0201
vn 0.1546 0.5328 0.8320
vn 0.1832 0.5239 0.8318
vn 0.1726 0.4939 0.8522
vn -0.9485 0.3164 0.0122
vn -0.9194 0.3208 -0.2277
vn -0.7549 0.5271 -0.3903
vn -0.5253 0.6461 -0.5537
vn -0.7430 0.2500 0.6209
vn -0.6784 0.3684 0.6357
vn -0.2325 0.3841 0.8936
vn 0.1006 0.2877 0.9524
vn 0.0965 0.2760 0.9563
vn -0.2485 0.3756 0.8928
vn -0.2455 0.3713 0.8955
vn 0.0952 0.2724 0.9575
vn -0.4803 0.4165 0.7719
vn -0.5090 0.4177 0.7526
vn -0.3664 0.4114 0.8345
vn 0.9510 -0.3085 -0.0184
vn 0.9542 -0.2983 -0.0242
vn 0.9546 -0.2969 -0.0252
vn 0.3276 0.9371 -0.1208
vn 0.3300 0.9439 0.0091
vn 0.3180 0.9098 0.2668
vn 0.3180 0.9097 0.2669
vn 0.1107 0.3191 -0.9412
vn 0.1101 0.3179 -0.9417
vn 0.2586 0.7393 0.6217
vn 0.2580 0.7381 0.6234
vn -0.8935 0.2988 -0.3353
vn -0.8837 0.3343 -0.3277
vn 0.1352 0.5725 0.8087
vn 0.1934 0.5533 0.8102
vn 0.9576 -0.2863 -0.0308
vn -0.0234 0.1436 0.9894
vn 0.1513 0.3675 0.9176
vn 0.1512 0.3666 0.9180
vn -0.0293 0.1383 0.9900
vn 0.2560 0.7323 -0.6310
vn 0.3006 0.7158 -0.6303
vn -0.4139 0.1687 0.8945
vn -0.2947 0.0801 0.9522
vn -0.3329 0.1079 0.9368
vn -0.4140 0.1687 0.8945
vn 0.8354 0.4313 -0.3409
vn 0.9709 0.1914 -0.1443
vn 0.2898 0.8291 -0.4781
vn 0.2897 0.8288 -0.4787
vn 0.0337 -0.3966 -0.9174
vn 0.1249 -0.4087 -0.9041
vn 0.4073 0.4008 0.8206
vn 0.4086 0.4057 0.8176
vn 0.1801 -0.0356 -0.9830
vn 0.1805 -0.0357 -0.9829
vn -0.5711 0.6355 0.5196
vn -0.5601 0.6567 0.5050
vn -0.7081 0.5902 0.3877
vn -0.6931 0.5955 0.4063
vn -0.8762 0.4613 0.1395
vn -0.8895 0.4330 0.1458
vn -0.9539 0.2911 -0.0732
vn -0.9407 0.3235 -0.1019
vn -0.9291 0.1979 -0.3124
vn -0.9464 0.1663 -0.2769
vn -0.9140 0.0854 -0.3966
vn -0.8960 0.1231 -0.4267
vn -0.8614 0.3401 -0.3772
vn -0.8596 0.3354 -0.3854
vn -0.8023 0.2836 -0.5252
vn -0.7992 0.3041 -0.5184
vn -0.8099 0.3150 -0.4948
vn -0.8715 0.3394 -0.3540
vn -0.8675 0.3390 -0.3640
vn -0.8060 0.3125 -0.5027
vn -0.8778 0.4452 0.1766
vn -0.8614 0.4821 0.1601
vn -0.9018 0.4132 -0.1265
vn -0.9124 0.3933 -0.1129
vn -0.6037 0.4714 0.6429
vn -0.5833 0.5255 0.6193
vn -0.7016 0.5262 0.4805
vn -0.7227 0.4759 0.5012
vn -0.8704 0.3125 -0.3805
vn -0.8961 0.2653 -0.3558
vn -0.8580 0.1902 -0.4771
vn -0.8229 0.2454 -0.5125
vn -0.8518 0.5055 0.1378
vn -0.8591 0.4961 0.1258
vn -0.9136 0.3852 -0.1300
vn -0.8996 0.4151 -0.1358
vn -0.5715 0.5791 0.5814
vn -0.5746 0.6095 0.5462
vn -0.6930 0.5877 0.4176
vn -0.6893 0.5706 0.4464
vn 0.9568 -0.2512 0.1465
vn 0.8747 -0.1474 0.4617
vn 0.8564 -0.1314 0.4993
vn 0.9538 -0.2441 0.1753
vn 0.9015 -0.2836 -0.3268
vn 0.9527 -0.2896 -0.0922
vn 0.9544 -0.2884 -0.0768
vn 0.9042 -0.2843 -0.3188
vn 0.7070 -0.1993 -0.6785
vn 0.7489 -0.2166 -0.6264
vn 0.3186 -0.6880 -0.6520
vn 0.2863 -0.5263 -0.8006
vn 0.0330 -0.4880 -0.8722
vn 0.0498 -0.6782 -0.7332
vn 0.9267 -0.3200 0.1970
vn 0.9377 -0.2991 0.1766
vn 0.9006 -0.4342 -0.0164
vn 0.8896 -0.4567 0.0036
vn 0.9339 -0.3564 -0.0299
vn 0.9360 -0.3517 -0.0119
vn 0.3554 -0.1712 -0.9189
vn 0.3921 -0.1121 -0.9131
vn 0.1975 -0.0415 -0.9794
vn 0.1540 -0.1043 -0.9825
vn 0.3275 -0.8390 -0.4345
vn 0.0532 -0.8626 -0.5030
vn -0.3015 -0.9528 0.0361
vn -0.3044 -0.9515 0.0440
vn -0.3044 -0.9515 0.0442
vn -0.3012 -0.9529 0.0347
vn -0.3079 -0.9501 0.0502
vn -0.3113 -0.9486 0.0565
vn -0.3117 -0.9484 0.0581
vn -0.3083 -0.9499 0.0509
vn 0.2895 -0.3962 -0.8713
vn 0.3179 -0.2677 -0.9096
vn 0.1040 -0.2054 -0.9731
vn 0.0543 -0.3414 -0.9383
vn -0.0353 -0.9992 0.0210
vn -0.0064 -0.9869 0.1612
vn 0.6703 0.7279 -0.1443
vn 0.9285 0.3705 -0.0247
vn 0.9575 -0.2860 0.0364
vn 0.9853 -0.1612 0.0565
vn 0.8900 -0.3914 0.2338
vn 0.8594 -0.5069 0.0672
vn 0.9558 -0.2919 -0.0344
vn 0.9791 -0.1555 -0.1313
vn 0.9601 -0.2254 -0.1655
vn 0.9484 -0.3148 -0.0376
vn 0.6683 -0.6844 -0.2916
vn 0.5018 -0.4271 -0.7522
vn 0.5114 -0.3160 -0.7991
vn 0.8119 -0.5626 -0.1559
vn 0.7958 -0.6046 -0.0322
vn -0.0011 -0.9734 -0.2290
vn 0.2884 -0.9526 0.0967
vn 0.0645 -0.9780 0.1982
vn 0.9351 -0.3542 0.0038
vn 0.9418 -0.3361 0.0124
vn 0.9540 -0.2993 0.0153
vn 0.9370 -0.3491 0.0074
vn 0.6312 0.1316 0.7644
vn 0.3891 0.3467 0.8535
vn 0.4556 0.3591 0.8146
vn 0.9598 -0.2806 -0.0092
vn 0.9941 -0.1048 -0.0262
vn 0.8176 -0.5413 -0.1962
vn 0.8631 -0.4481 0.2330
vn 0.8389 -0.5349 0.1005
vn 0.9016 0.0776 -0.4255
vn 0.9190 -0.0163 -0.3939
vn 0.9554 -0.2555 -0.1481
vn 0.7352 -0.6754 0.0581
vn 0.7336 -0.6770 0.0597
vn 0.7897 -0.6127 0.0323
vn 0.9571 -0.2255 0.1818
vn 0.9534 -0.2284 0.1973
vn 0.9552 -0.2815 -0.0914
vn 0.9551 -0.2779 -0.1026
vn 0.7221 0.5741 -0.3860
vn 0.9183 0.2360 -0.3177
vn 0.9175 0.3849 -0.1003
vn 0.6620 0.7330 -0.1564
vn -0.2996 -0.9536 0.0295
vn 0.1447 0.1421 -0.9792
vn 0.1370 0.1408 -0.9805
vn 0.2331 0.1565 -0.9598
vn -0.2953 -0.3357 -0.8945
vn -0.3031 -0.3736 -0.8766
vn -0.3032 -0.3736 -0.8766
vn -0.2965 -0.3404 -0.8923
vn 0.1723 0.8392 -0.5159
vn 0.1331 0.7899 -0.5987
vn 0.1638 0.8292 -0.5344
vn 0.7403 0.3570 -0.5697
vn 0.0730 0.1935 -0.9784
vn 0.0718 0.1918 -0.9788
vn 0.1798 0.5298 0.8288
vn 0.1802 0.5309 0.8281
vn 0.2584 0.7394 0.6217
vn 0.5693 0.4095 0.7129
vn 0.4572 0.4776 0.7503
vn 0.4522 0.3997 0.7974
vn 0.5675 0.3316 0.7536
vn 0.4429 0.3409 0.8292
vn 0.5600 0.2760 0.7812
vn 0.4279 0.2651 0.8641
vn 0.5460 0.2035 0.8127
vn 0.4186 0.1956 0.8868
vn 0.5387 0.1349 0.8316
vn 0.4823 0.4778 0.7342
vn 0.6363 0.3143 0.7045
vn 0.3693 0.8249 -0.4279
vn 0.3296 0.7948 -0.5095
vn 0.3437 0.8061 -0.4817
vn 0.8256 -0.3381 0.4518
vn -0.2089 -0.0315 -0.9774
vn -0.2410 -0.1305 -0.9617
vn -0.2407 -0.1317 -0.9616
vn -0.2083 -0.0313 -0.9776
vn -0.1389 0.3760 0.9162
vn -0.1479 0.3425 0.9278
vn -0.1478 0.3417 0.9281
vn -0.1404 0.3734 0.9170
vn -0.1494 0.3342 0.9306
vn -0.1492 0.3342 0.9306
vn 0.2393 0.7529 -0.6131
vn 0.2505 0.7568 -0.6038
vn 0.7162 -0.6943 0.0706
vn -0.1822 0.0422 -0.9824
vn -0.1817 0.0424 -0.9824
vn -0.3132 -0.9478 0.0605
vn -0.3131 -0.9478 0.0606
vn -0.0026 0.6924 0.7215
vn -0.0276 0.6493 0.7600
vn -0.0330 0.6397 0.7679
vn -0.0031 0.6924 0.7215
vn 0.7614 -0.0421 0.6469
vn 0.7622 -0.0512 0.6453
vn 0.8480 -0.1142 0.5176
vn 0.8560 -0.1121 0.5046
vn -0.2722 -0.2414 -0.9314
vn -0.2732 -0.2457 -0.9301
vn 0.9415 -0.3356 -0.0304
vn 0.1946 0.8061 -0.5588
vn 0.1949 0.8089 -0.5547
vn 0.1199 -0.9744 0.1904
vn 0.3421 -0.9390 0.0348
vn -0.0903 0.5133 0.8534
vn -0.1177 0.4398 0.8904
vn -0.1207 0.4343 0.8926
vn -0.0938 0.5070 0.8568
vn 0.5163 -0.5285 -0.6739
vn 0.5350 -0.2292 -0.8131
vn 0.5648 -0.1767 -0.8061
vn 0.8873 -0.0534 0.4582
vn 0.6253 -0.6359 -0.4524
vn 0.5920 -0.1594 -0.7900
vn 0.4415 -0.0891 -0.8928
vn 0.4215 -0.0915 -0.9022
vn -0.1673 0.0768 -0.9829
vn -0.1676 0.0770 -0.9828
vn 0.2503 -0.0153 -0.9681
vn 0.4469 -0.0882 -0.8902
vn 0.2581 -0.0150 -0.9660
vn 0.6162 -0.7735 -0.1482
vn 0.6979 -0.7066 -0.1171
vn 0.1403 0.4015 -0.9051
vn 0.2048 0.3321 -0.9207
vn 0.1491 0.0881 -0.9849
vn 0.6757 -0.5298 -0.5126
vn 0.5878 -0.3662 -0.7214
vn 0.6277 -0.6238 -0.4657
vn 0.6859 -0.5975 -0.4153
vn 0.6096 -0.7615 -0.2201
vn 0.1894 0.5264 0.8289
vn 0.1897 0.5275 0.8281
vn 0.2287 0.2888 -0.9297
vn 0.2063 0.0982 -0.9735
vn 0.2298 -0.0188 -0.9731
vn 0.9386 -0.3449 0.0092
vn 0.9378 -0.3466 0.0175
vn 0.9348 -0.3545 0.0201
vn 0.2110 0.5131 0.8320
vn 0.9391 -0.3434 0.0118
vn 0.8135 0.1781 -0.5537
vn 0.9189 -0.0581 -0.3903
vn 0.7369 -0.2673 0.6209
vn 0.7602 -0.1345 0.6357
vn 0.4211 0.1556 0.8936
vn 0.4234 0.1375 0.8955
vn 0.4284 0.1390 0.8928
vn 0.6585 0.0096 0.7526
vn 0.6352 0.0265 0.7719
vn 0.5429 0.0936 0.8345
vn -0.9361 0.3512 -0.0184
vn -0.9316 0.3625 -0.0252
vn -0.9322 0.3612 -0.0242
vn 0.1123 0.3185 -0.9413
vn 0.1118 0.3174 -0.9417
vn 0.8994 -0.2892 -0.3277
vn 0.8850 -0.3230 -0.3353
vn 0.9190 -0.3218 -0.2277
vn 0.2509 0.5321 0.8087
vn -0.9274 0.3727 -0.0308
vn -0.9275 0.3727 -0.0308
vn 0.1078 0.0978 0.9894
vn 0.1090 0.0900 0.9900
vn 0.1102 0.3809 0.9180
vn 0.1106 0.3817 0.9176
vn 0.2108 0.7472 -0.6303
vn 0.4289 -0.1259 0.8945
vn 0.4289 -0.1260 0.8945
vn 0.3276 -0.1230 0.9368
vn 0.2804 -0.1210 0.9522
vn -0.4946 -0.6432 -0.5845
vn -0.0668 0.5719 0.8176
vn -0.0687 0.5673 0.8206
vn -0.1634 0.0845 -0.9829
vn -0.1636 0.0847 -0.9829
vn 0.6457 -0.7583 -0.0898
vn 0.8472 0.1647 0.5050
vn 0.8426 0.1412 0.5196
vn 0.9131 0.0340 0.4063
vn 0.9216 0.0205 0.3877
vn 0.9657 -0.2150 0.1458
vn 0.9728 -0.1850 0.1394
vn 0.9373 -0.3333 -0.1018
vn 0.9275 -0.3665 -0.0733
vn 0.8440 -0.4594 -0.2769
vn 0.8498 -0.4245 -0.3125
vn 0.7778 -0.4618 -0.4264
vn 0.7681 -0.5028 -0.3966
vn 0.8814 -0.2732 -0.3854
vn 0.8856 -0.2706 -0.3776
vn 0.8146 -0.2601 -0.5184
vn 0.8042 -0.2780 -0.5253
vn 0.8898 -0.2753 -0.3640
vn 0.8931 -0.2775 -0.3540
vn 0.8298 -0.2582 -0.4948
vn 0.8251 -0.2577 -0.5027
vn 0.9740 -0.1600 0.1603
vn 0.9639 -0.1991 0.1766
vn 0.9587 -0.2611 -0.1129
vn 0.9628 -0.2390 -0.1265
vn 0.7834 0.0479 0.6197
vn 0.7659 -0.0075 0.6429
vn 0.8617 -0.0781 0.5013
vn 0.8766 -0.0256 0.4806
vn 0.8662 -0.3508 -0.3558
vn 0.8755 -0.2978 -0.3805
vn 0.7965 -0.3208 -0.5125
vn 0.7896 -0.3858 -0.4771
vn 0.9811 -0.1470 0.1259
vn 0.9813 -0.1354 0.1369
vn 0.9623 -0.2358 -0.1359
vn 0.9546 -0.2680 -0.1300
vn 0.8292 0.1188 0.5462
vn 0.8078 0.0968 0.5814
vn 0.8945 0.0167 0.4468
vn 0.9082 0.0281 0.4176
vn -0.3300 -0.9440 0.0067
vn -0.3300 -0.9440 0.0065
vn -0.3300 -0.9440 0.0070
vn -0.3300 -0.9440 0.0069
vn -0.3300 -0.9440 0.0062
vn -0.3537 -0.2409 -0.9038
vn 0.6801 -0.7253 0.1066
vn -0.9775 -0.1908 -0.0898
vn -0.9839 -0.1436 0.1066
vn -0.9956 -0.0725 0.0597
vt 0.944721 0.693300
vt 0.942366 0.608242
vt 0.937137 0.618493
vt 0.292932 0.155581
vt 0.297997 0.152899
vt 0.296551 0.151591
vt 0.423357 0.102189
vt 0.438962 0.085838
vt 0.430551 0.094142
vt 0.264244 0.629553
vt 0.266483 0.626244
vt 0.181172 0.606392
vt 0.506429 0.079028
vt 0.502017 0.076099
vt 0.266941 0.612443
vt 0.267408 0.614645
vt 0.509699 0.088036
vt 0.508668 0.082337
vt 0.304024 0.635290
vt 0.307801 0.617865
vt 0.294452 0.619945
vt 0.714663 0.460892
vt 0.714658 0.463534
vt 0.718741 0.460857
vt 0.188366 0.614439
vt 0.196776 0.622743
vt 0.305744 0.188152
vt 0.299986 0.177405
vt 0.298401 0.183593
vt 0.294576 0.178306
vt 0.292588 0.169033
vt 0.267514 0.620545
vt 0.411361 0.175143
vt 0.426498 0.162392
vt 0.414484 0.168028
vt 0.223463 0.637000
vt 0.237110 0.638273
vt 0.184516 0.610861
vt 0.259832 0.632482
vt 0.256643 0.634037
vt 0.266146 0.610052
vt 0.201851 0.626599
vt 0.264699 0.606392
vt 0.417510 0.156321
vt 0.429265 0.152963
vt 0.417484 0.152381
vt 0.248432 0.636810
vt 0.291495 0.769267
vt 0.315078 0.750679
vt 0.293624 0.752419
vt 0.945201 0.609774
vt 0.937140 0.607386
vt 0.924810 0.618493
vt 0.919581 0.608242
vt 0.917226 0.693300
vt 0.080965 0.684501
vt 0.084584 0.688491
vt 0.086031 0.687183
vt 0.454078 0.075790
vt 0.444037 0.081982
vt 0.509126 0.096138
vt 0.509593 0.093935
vt 0.711216 0.460630
vt 0.211893 0.632791
vt 0.093778 0.651925
vt 0.086435 0.656485
vt 0.088019 0.662673
vt 0.082609 0.661773
vt 0.080620 0.671046
vt 0.214553 0.677689
vt 0.202536 0.672052
vt 0.205563 0.683761
vt 0.199413 0.664936
vt 0.479295 0.070308
vt 0.465648 0.071581
vt 0.426701 0.097720
vt 0.498828 0.074544
vt 0.508332 0.098529
vt 0.506885 0.102189
vt 0.205537 0.687702
vt 0.217320 0.687120
vt 0.490617 0.071771
vt 0.291922 0.803205
vt 0.293574 0.820738
vt 0.315877 0.823366
vt 0.916746 0.609774
vt 0.924807 0.607386
vt 0.038702 0.422437
vt 0.061458 0.421991
vt 0.050021 0.419192
vt 0.042422 0.606368
vt 0.053734 0.608784
vt 0.064943 0.605927
vt 0.937064 0.694307
vt 0.924884 0.694307
vt 0.300915 0.960393
vt 0.298085 0.942187
vt 0.287271 0.957427
vt 0.029137 0.694827
vt 0.015267 0.725682
vt 0.043052 0.730769
vt 0.054604 0.702067
vt 0.067327 0.628193
vt 0.046987 0.661662
vt 0.069753 0.670800
vt 0.087326 0.638918
vt 0.091943 0.590368
vt 0.109232 0.602318
vt 0.243951 0.653989
vt 0.257463 0.652943
vt 0.254920 0.645599
vt 0.243344 0.646609
vt 0.282610 0.945170
vt 0.291037 0.933381
vt 0.282119 0.923823
vt 0.274197 0.934378
vt 0.270989 0.734265
vt 0.294987 0.733205
vt 0.294967 0.712088
vt 0.267314 0.714825
vt 0.298669 0.159549
vt 0.292372 0.159293
vt 0.162320 0.623761
vt 0.186247 0.637363
vt 0.189809 0.629096
vt 0.167105 0.615155
vt 0.270733 0.648247
vt 0.266405 0.641069
vt 0.954220 0.863852
vt 0.954220 0.901539
vt 0.960757 0.901539
vt 0.960757 0.863852
vt 0.954220 0.937286
vt 0.954220 0.969241
vt 0.960757 0.969241
vt 0.960757 0.937286
vt 0.206356 0.646386
vt 0.225612 0.652339
vt 0.226653 0.644731
vt 0.208758 0.638516
vt 0.289241 0.631517
vt 0.285827 0.617607
vt 0.280891 0.626601
vt 0.299722 0.148693
vt 0.302609 0.152315
vt 0.315216 0.154146
vt 0.313691 0.146689
vt 0.304901 0.160067
vt 0.318171 0.163056
vt 0.317770 0.732228
vt 0.319169 0.711991
vt 0.383275 0.181671
vt 0.379149 0.166596
vt 0.355896 0.169602
vt 0.362583 0.186671
vt 0.280479 0.641461
vt 0.275880 0.658538
vt 0.287537 0.652142
vt 0.204166 0.655927
vt 0.224969 0.661641
vt 0.289969 0.689045
vt 0.314445 0.687374
vt 0.274959 0.634619
vt 0.298195 0.610915
vt 0.289361 0.609935
vt 0.308588 0.179392
vt 0.311003 0.190557
vt 0.324515 0.194858
vt 0.322830 0.183575
vt 0.323005 0.780257
vt 0.324710 0.771554
vt 0.289895 0.777505
vt 0.335136 0.167599
vt 0.340745 0.186928
vt 0.267674 0.691274
vt 0.340467 0.730996
vt 0.343942 0.712331
vt 0.376822 0.159645
vt 0.403584 0.159894
vt 0.403079 0.154922
vt 0.314819 0.653655
vt 0.296708 0.643400
vt 0.465326 0.970702
vt 0.430777 0.969735
vt 0.431418 0.994365
vt 0.467767 0.996912
vt 0.331996 0.158297
vt 0.352312 0.161209
vt 0.348288 0.150424
vt 0.329989 0.148271
vt 0.954220 0.822839
vt 0.960757 0.822839
vt 0.607810 0.060059
vt 0.617177 0.061393
vt 0.617166 0.057669
vt 0.607893 0.056894
vt 0.719303 0.062852
vt 0.719297 0.057555
vt 0.696448 0.057579
vt 0.696453 0.062876
vt 0.675929 0.062898
vt 0.675923 0.057601
vt 0.656256 0.057622
vt 0.656262 0.062801
vt 0.017439 0.056341
vt 0.017329 0.051404
vt 0.002031 0.049689
vt 0.002139 0.054639
vt 0.128562 0.031153
vt 0.155269 0.031153
vt 0.155269 0.025871
vt 0.128562 0.025871
vt 0.372705 0.150447
vt 0.625937 0.061807
vt 0.625927 0.057654
vt 0.243448 0.769272
vt 0.214550 0.769480
vt 0.213718 0.777256
vt 0.242569 0.777436
vt 0.213239 0.784846
vt 0.242098 0.785470
vt 0.183293 0.776397
vt 0.182770 0.784080
vt 0.184234 0.768414
vt 0.152710 0.765987
vt 0.151670 0.774790
vt 0.151101 0.783184
vt 0.113300 0.772523
vt 0.112612 0.782001
vt 0.114564 0.762558
vt 0.269129 0.769216
vt 0.268263 0.777256
vt 0.267934 0.785818
vt 0.041176 0.031153
vt 0.059934 0.031153
vt 0.059934 0.025871
vt 0.041176 0.025871
vt 0.334500 0.746729
vt 0.082197 0.057320
vt 0.082101 0.052136
vt 0.058941 0.052688
vt 0.059041 0.057759
vt 0.393368 0.057039
vt 0.393956 0.062396
vt 0.445142 0.060605
vt 0.444548 0.055144
vt 0.474006 0.059349
vt 0.473409 0.053837
vt 0.080742 0.031153
vt 0.080742 0.025871
vt 0.317536 0.640249
vt 0.110979 0.056515
vt 0.110886 0.051214
vt 0.954220 0.998047
vt 0.960757 0.998047
vt 0.233334 0.053837
vt 0.233912 0.058834
vt 0.258844 0.059749
vt 0.258265 0.054770
vt 0.521597 0.969060
vt 0.496561 0.970493
vt 0.500602 0.998046
vt 0.526883 0.997500
vt 0.037557 0.057522
vt 0.037451 0.052541
vt 0.403205 0.173235
vt 0.104021 0.031153
vt 0.104021 0.025871
vt 0.341152 0.687805
vt 0.299735 0.606704
vt 0.290926 0.606218
vt 0.319487 0.056918
vt 0.320066 0.062044
vt 0.353663 0.062764
vt 0.353081 0.057523
vt 0.245155 0.662983
vt 0.157363 0.634376
vt 0.182765 0.647429
vt 0.270926 0.753247
vt 0.260615 0.662477
vt 0.126559 0.614126
vt 0.132873 0.603285
vt 0.116255 0.591254
vt 0.148558 0.055620
vt 0.148466 0.050209
vt 0.106439 0.569782
vt 0.099657 0.579083
vt 0.122619 0.582160
vt 0.310210 0.610991
vt 0.320437 0.620710
vt 0.722825 0.439265
vt 0.714669 0.439319
vt 0.714666 0.451888
vt 0.720921 0.452017
vt 0.322041 0.616256
vt 0.330522 0.623289
vt 0.331251 0.620407
vt 0.323108 0.612941
vt 0.311136 0.607597
vt 0.706694 0.463349
vt 0.714649 0.469334
vt 0.733267 0.439210
vt 0.738502 0.428260
vt 0.725194 0.428894
vt 0.138733 0.594407
vt 0.738334 0.062832
vt 0.738328 0.057535
vt 0.343103 0.197258
vt 0.385111 0.189881
vt 0.402447 0.180854
vt 0.620004 0.496751
vt 0.619993 0.505116
vt 0.656211 0.505116
vt 0.656212 0.494844
vt 0.365650 0.195756
vt 0.432473 0.155877
vt 0.418173 0.146689
vt 0.401329 0.148115
vt 0.332603 0.760820
vt 0.326840 0.766866
vt 0.063256 0.769432
vt 0.062288 0.780316
vt 0.032725 0.779216
vt 0.033902 0.767732
vt 0.003446 0.765518
vt 0.001959 0.777981
vt 0.036218 0.755635
vt 0.006480 0.752385
vt 0.065101 0.757925
vt 0.947800 0.517981
vt 0.965673 0.520189
vt 0.966620 0.498770
vt 0.948748 0.496561
vt 0.752782 0.062817
vt 0.752776 0.057520
vt 0.758697 0.062810
vt 0.767525 0.062801
vt 0.767519 0.057504
vt 0.758691 0.057513
vt 0.645636 0.062558
vt 0.645631 0.057633
vt 0.774185 0.062781
vt 0.774179 0.057497
vt 0.439737 0.149515
vt 0.437822 0.148106
vt 0.598578 0.497317
vt 0.598243 0.505116
vt 0.966286 0.462510
vt 0.947800 0.463499
vt 0.797425 0.057455
vt 0.793671 0.057474
vt 0.793709 0.062302
vt 0.797436 0.062409
vt 0.990289 0.542632
vt 0.990289 0.560641
vt 0.998037 0.561609
vt 0.998037 0.543601
vt 0.808165 0.056894
vt 0.801624 0.057411
vt 0.802577 0.063342
vt 0.806186 0.065271
vt 0.087755 0.691391
vt 0.090643 0.687768
vt 0.930974 0.694635
vt 0.930974 0.618493
vt 0.708412 0.452012
vt 0.700585 0.452599
vt 0.288216 0.060823
vt 0.287637 0.055794
vt 0.169973 0.055153
vt 0.169883 0.049689
vt 0.463663 0.792466
vt 0.449676 0.771750
vt 0.435122 0.778223
vt 0.448448 0.798820
vt 0.427867 0.806769
vt 0.416839 0.787207
vt 0.398997 0.798176
vt 0.404745 0.815149
vt 0.382105 0.824180
vt 0.376340 0.805659
vt 0.349940 0.820267
vt 0.354296 0.835012
vt 0.397149 0.927740
vt 0.396526 0.896430
vt 0.361008 0.899355
vt 0.358526 0.928098
vt 0.349940 0.986539
vt 0.394280 0.991137
vt 0.395579 0.968157
vt 0.353277 0.965352
vt 0.460359 0.924653
vt 0.454717 0.888945
vt 0.425766 0.892863
vt 0.428964 0.926439
vt 0.511444 0.918850
vt 0.501300 0.879758
vt 0.480753 0.884356
vt 0.488737 0.922004
vt 0.393618 0.870792
vt 0.388657 0.846730
vt 0.358695 0.854707
vt 0.360923 0.876131
vt 0.447613 0.859622
vt 0.438452 0.832164
vt 0.413513 0.839455
vt 0.420687 0.865315
vt 0.490128 0.847923
vt 0.477119 0.818693
vt 0.460570 0.824847
vt 0.471642 0.853514
vt 0.048796 0.858290
vt 0.039315 0.828517
vt 0.010988 0.831482
vt 0.022566 0.863660
vt 0.077250 0.924545
vt 0.061781 0.890978
vt 0.038093 0.898506
vt 0.056148 0.933858
vt 0.096635 0.963383
vt 0.077983 0.974148
vt 0.251283 0.921131
vt 0.237544 0.919224
vt 0.236472 0.926717
vt 0.248216 0.928483
vt 0.294176 0.840690
vt 0.269440 0.838589
vt 0.264781 0.858308
vt 0.293126 0.862495
vt 0.080405 0.680788
vt 0.086702 0.680533
vt 0.177639 0.932709
vt 0.152367 0.945065
vt 0.156720 0.954163
vt 0.180759 0.941368
vt 0.264597 0.926785
vt 0.259692 0.933880
vt 0.958392 0.778224
vt 0.958392 0.742972
vt 0.951404 0.742972
vt 0.951404 0.778224
vt 0.958392 0.709533
vt 0.958392 0.679643
vt 0.951404 0.679643
vt 0.951404 0.709533
vt 0.218741 0.919810
vt 0.198724 0.924745
vt 0.200699 0.932927
vt 0.219350 0.927636
vt 0.273693 0.949719
vt 0.278227 0.959305
vt 0.101727 0.693394
vt 0.103252 0.685937
vt 0.092935 0.680015
vt 0.106207 0.677025
vt 0.317813 0.842763
vt 0.318189 0.863866
vt 0.150627 0.653406
vt 0.143939 0.670477
vt 0.167196 0.673484
vt 0.171323 0.658407
vt 0.270516 0.916531
vt 0.218646 0.910276
vt 0.197067 0.914882
vt 0.286747 0.885976
vt 0.311918 0.889077
vt 0.268080 0.941075
vt 0.290576 0.966974
vt 0.281400 0.967441
vt 0.099039 0.649520
vt 0.096623 0.660686
vt 0.110867 0.656502
vt 0.112552 0.645217
vt 0.326705 0.801855
vt 0.325180 0.792702
vt 0.290484 0.794612
vt 0.128785 0.653148
vt 0.123176 0.672481
vt 0.263942 0.882460
vt 0.341442 0.845278
vt 0.343942 0.864925
vt 0.164869 0.680437
vt 0.191130 0.685160
vt 0.191635 0.680188
vt 0.310331 0.923896
vt 0.330777 0.918436
vt 0.339576 0.890192
vt 0.641876 0.424947
vt 0.668085 0.427389
vt 0.665539 0.391040
vt 0.640909 0.390399
vt 0.136329 0.689659
vt 0.140354 0.678873
vt 0.120035 0.681784
vt 0.118027 0.691812
vt 0.958392 0.816587
vt 0.951404 0.816587
vt 0.918172 0.806146
vt 0.921896 0.806157
vt 0.920562 0.796790
vt 0.917397 0.796873
vt 0.918082 0.885428
vt 0.918058 0.908277
vt 0.923355 0.908283
vt 0.923379 0.885433
vt 0.918125 0.845236
vt 0.918104 0.864903
vt 0.923401 0.864909
vt 0.923304 0.845241
vt 0.154539 0.043149
vt 0.169839 0.041447
vt 0.169947 0.036497
vt 0.154649 0.038212
vt 0.978770 0.051938
vt 0.978770 0.026056
vt 0.973320 0.026056
vt 0.973320 0.051938
vt 0.160750 0.689636
vt 0.922310 0.814917
vt 0.918157 0.814907
vt 0.917990 0.972815
vt 0.922989 0.972823
vt 0.923285 0.963165
vt 0.918000 0.963159
vt 0.242982 0.801771
vt 0.242337 0.793532
vt 0.213385 0.792458
vt 0.213873 0.800286
vt 0.182888 0.791785
vt 0.183408 0.799828
vt 0.151172 0.791601
vt 0.151693 0.800466
vt 0.112656 0.791508
vt 0.113244 0.801553
vt 0.268157 0.794427
vt 0.268876 0.802661
vt 0.978770 0.136621
vt 0.978770 0.118443
vt 0.973320 0.118443
vt 0.973320 0.136621
vt 0.336103 0.828442
vt 0.089781 0.044128
vt 0.112937 0.044567
vt 0.113037 0.039496
vt 0.089877 0.038944
vt 0.171101 0.068194
vt 0.222280 0.070090
vt 0.222875 0.064629
vt 0.171688 0.062838
vt 0.251141 0.071396
vt 0.251739 0.065885
vt 0.978770 0.098278
vt 0.973320 0.098278
vt 0.312326 0.937892
vt 0.060999 0.043323
vt 0.061092 0.038022
vt 0.958392 0.652698
vt 0.951404 0.652698
vt 0.011067 0.071396
vt 0.035997 0.070463
vt 0.036576 0.065485
vt 0.011645 0.066400
vt 0.640233 0.481219
vt 0.668673 0.486504
vt 0.669219 0.460223
vt 0.641667 0.456182
vt 0.134421 0.044330
vt 0.134527 0.039348
vt 0.191256 0.666844
vt 0.973320 0.075720
vt 0.978770 0.075720
vt 0.282786 0.971372
vt 0.291906 0.971414
vt 0.097219 0.068315
vt 0.130814 0.067710
vt 0.131396 0.062470
vt 0.097798 0.063190
vt 0.239317 0.910107
vt 0.174714 0.922227
vt 0.147972 0.933901
vt 0.270190 0.819081
vt 0.255090 0.911563
vt 0.115241 0.952565
vt 0.102952 0.975325
vt 0.120953 0.964129
vt 0.023420 0.042427
vt 0.023511 0.037017
vt 0.108816 0.985270
vt 0.084744 0.986426
vt 0.090792 0.996787
vt 0.302979 0.967634
vt 0.314128 0.958231
vt 0.714670 0.429101
vt 0.704147 0.428894
vt 0.706515 0.439263
vt 0.316409 0.966412
vt 0.325271 0.959206
vt 0.324694 0.956186
vt 0.315511 0.962926
vt 0.303726 0.971193
vt 0.783835 0.057487
vt 0.783842 0.062486
vt 0.690843 0.428260
vt 0.696076 0.439207
vt 0.126385 0.973665
vt 0.918038 0.927308
vt 0.923335 0.927314
vt 0.131144 0.642818
vt 0.173159 0.650195
vt 0.190498 0.659224
vt 0.620004 0.513480
vt 0.656212 0.515387
vt 0.153694 0.644320
vt 0.189379 0.691969
vt 0.206227 0.693394
vt 0.334826 0.813399
vt 0.328881 0.806799
vt 0.062428 0.791246
vt 0.002380 0.790545
vt 0.032992 0.790769
vt 0.004309 0.803952
vt 0.034358 0.803047
vt 0.063404 0.802874
vt 0.279203 0.498208
vt 0.280151 0.519628
vt 0.298024 0.517419
vt 0.297076 0.496000
vt 0.918023 0.941756
vt 0.923320 0.941762
vt 0.918007 0.956500
vt 0.923304 0.956505
vt 0.923314 0.947677
vt 0.918017 0.947672
vt 0.923061 0.834616
vt 0.918136 0.834611
vt 0.225879 0.691977
vt 0.227793 0.690568
vt 0.220529 0.684205
vt 0.598578 0.512914
vt 0.279203 0.552690
vt 0.297690 0.553679
vt 0.917958 0.986405
vt 0.922912 0.986416
vt 0.922805 0.982689
vt 0.917977 0.982651
vt 0.982541 0.543601
vt 0.982541 0.561609
vt 0.917397 0.997145
vt 0.925774 0.995166
vt 0.923845 0.991557
vt 0.917914 0.990605
vt 0.722639 0.463376
vt 0.065370 0.069440
vt 0.065948 0.064410
vt 0.002004 0.041961
vt 0.002095 0.036497
vt 0.324215 0.954018
vt 0.442924 0.409297
vt 0.463640 0.423284
vt 0.469994 0.408069
vt 0.449397 0.394744
vt 0.458381 0.376461
vt 0.477943 0.387489
vt 0.486322 0.364367
vt 0.469350 0.358618
vt 0.476832 0.335962
vt 0.495353 0.341727
vt 0.506186 0.313917
vt 0.491441 0.309561
vt 0.567604 0.356148
vt 0.598913 0.356771
vt 0.599272 0.318147
vt 0.570529 0.320630
vt 0.639330 0.355201
vt 0.662311 0.353901
vt 0.657712 0.309561
vt 0.636526 0.312898
vt 0.560119 0.414339
vt 0.595827 0.419980
vt 0.597612 0.388586
vt 0.564037 0.385387
vt 0.550932 0.460922
vt 0.590024 0.471066
vt 0.593178 0.448358
vt 0.555530 0.440375
vt 0.517904 0.348279
vt 0.541966 0.353239
vt 0.547305 0.320545
vt 0.525880 0.318316
vt 0.503338 0.398073
vt 0.530796 0.407234
vt 0.536488 0.380309
vt 0.510629 0.373135
vt 0.489866 0.436741
vt 0.519096 0.449749
vt 0.524687 0.431263
vt 0.496021 0.420191
vt 0.001963 0.511688
vt 0.003415 0.548739
vt 0.101664 0.546814
vt 0.101664 0.509736
vt 0.013802 0.579930
vt 0.031630 0.600021
vt 0.075479 0.599162
vt 0.092506 0.578388
vt 0.028211 0.431640
vt 0.072301 0.430777
vt 0.008467 0.473098
vt 0.093654 0.471430
vt 0.728756 0.452608
vt 0.326288 0.934860
vt 0.329936 0.625354
vt 0.330844 0.643970
vt 0.334248 0.660077
s 1
usemtl M_WP_Revolver
f 2116/2116/1350 2117/2117/1351 2118/2118/1352
f 2119/2119/1353 2120/2120/1354 2121/2121/1355
f 2122/2122/1356 2123/2123/1357 2124/2124/1358
f 2125/2125/1359 2126/2126/1360 2127/2127/1361
f 2122/2122/1356 2128/2128/1362 2129/2129/1363
f 2130/2130/1364 2127/2127/1361 2131/2131/1365
f 2122/2122/1356 2132/2132/1366 2133/2133/1367
f 2134/2134/1368 2135/2135/1369 2136/2136/1370
f 2137/2137/1371 2138/2138/1372 2139/2139/1373
f 2140/2140/1374 2141/2141/1375 2127/2127/1361
f 2142/2142/1376 2143/2143/1377 2144/2144/1378
f 2144/2144/1378 2143/2143/1377 2145/2145/1379
f 2145/2145/1379 2143/2143/1377 2146/2146/1380
f 2147/2147/1381 2131/2131/1365 2127/2127/1361
f 2148/2148/1382 2149/2149/1383 2150/2150/1384
f 2151/2151/1385 2152/2152/1386 2127/2127/1361
f 2140/2140/1374 2127/2127/1361 2153/2153/1387
f 2154/2154/1388 2127/2127/1361 2155/2155/1389
f 2156/2156/1390 2127/2127/1361 2130/2130/1364
f 2157/2157/1391 2127/2127/1361 2141/2141/1375
f 2158/2158/1392 2127/2127/1361 2156/2156/1390
f 2159/2159/1393 2160/2160/1394 2161/2161/1395
f 2147/2147/1381 2127/2127/1361 2126/2126/1360
f 2162/2162/1396 2127/2127/1361 2152/2152/1386
f 2163/2163/1397 2164/2164/1398 2165/2165/1399
f 2155/2155/1389 2127/2127/1361 2162/2162/1396
f 2116/2116/1350 2166/2166/1400 2117/2117/1351
f 2118/2118/1352 2117/2117/1351 2167/2167/1401
f 2168/2168/1402 2169/2169/1403 2170/2170/1404
f 2171/2171/1405 2172/2172/1406 2173/2173/1407
f 2122/2122/1356 2133/2133/1367 2128/2128/1362
f 2174/2174/1408 2175/2175/1409 2122/2122/1356
f 2176/2176/1410 2177/2177/1411 2122/2122/1356
f 2137/2137/1371 2178/2178/1412 2138/2138/1372
f 2179/2179/1413 2127/2127/1361 2157/2157/1391
f 2180/2180/1414 2181/2181/1415 2182/2182/1416
f 2181/2181/1415 2183/2183/1417 2182/2182/1416
f 2183/2183/1417 2184/2184/1418 2182/2182/1416
f 2185/2185/1419 2186/2186/1420 2187/2187/1421
f 2122/2122/1356 2177/2177/1411 2132/2132/1366
f 2188/2188/1422 2186/2186/1420 2185/2185/1419
f 2122/2122/1356 2189/2189/1423 2190/2190/1424
f 2124/2124/1358 2191/2191/1425 2122/2122/1356
f 2129/2129/1363 2192/2192/1426 2122/2122/1356
f 2193/2193/1427 2176/2176/1410 2122/2122/1356
f 2175/2175/1409 2123/2123/1357 2122/2122/1356
f 2194/2194/1428 2193/2193/1427 2122/2122/1356
f 2187/2187/1421 2195/2195/1429 2196/2196/1430
f 2125/2125/1359 2127/2127/1361 2154/2154/1388
f 2197/2197/1431 2189/2189/1423 2122/2122/1356
f 2198/2198/1432 2199/2199/1433 2200/2200/1434
f 2192/2192/1426 2197/2197/1431 2122/2122/1356
f 2170/2170/1404 2169/2169/1403 2201/2201/1435
f 2168/2168/1402 2202/2202/1436 2169/2169/1403
f 2203/2203/1437 2204/2204/1437 2205/2205/1438
s 0
f 2206/2206/1439 2207/2207/1439 2208/2208/1439
s 1
f 2151/2151/1385 2127/2127/1361 2179/2179/1413
f 2190/2190/1424 2174/2174/1408 2122/2122/1356
f 2150/2150/1384 2149/2149/1383 2159/2159/1393
f 2209/2209/1440 2116/2116/1350 2118/2118/1352
f 2210/2210/1441 2168/2168/1402 2170/2170/1404
f 2211/2211/1442 2212/2212/1443 2213/2213/1444
f 2214/2214/1445 2215/2215/1446 2216/2216/1447
f 2214/2214/1445 2216/2216/1447 2217/2217/1448
f 2218/2218/1449 2219/2219/1450 2220/2220/1451
f 2218/2218/1449 2220/2220/1451 2221/2221/1452
f 2222/2222/1453 2218/2218/1449 2221/2221/1452
f 2222/2222/1453 2221/2221/1452 2223/2223/1454
f 2224/2224/1455 2225/2225/1456 2226/2226/1457
f 2224/2224/1455 2226/2226/1457 2227/2227/1458
f 2228/2228/1459 2229/2229/1460 2230/2230/1461
f 2228/2228/1459 2230/2230/1461 2231/2231/1462
f 2232/2232/1463 2233/2233/1464 2234/2234/1465
f 2232/2232/1463 2234/2234/1465 2235/2235/1466
f 2236/2236/1467 2237/2237/1468 2146/2146/1380
f 2236/2236/1467 2146/2146/1380 2143/2143/1377
f 2238/2238/1469 2239/2239/1470 2240/2240/1471
f 2238/2238/1469 2240/2240/1471 2241/2241/1472
f 2225/2225/1456 2242/2242/1473 2243/2243/1474
f 2225/2225/1456 2243/2243/1474 2226/2226/1457
f 2244/2244/1475 2245/2245/1476 2246/2246/1477
f 2244/2244/1475 2246/2246/1477 2247/2247/1478
f 2248/2248/1479 2249/2249/1480 2250/2250/1481
f 2248/2248/1479 2250/2250/1481 2251/2251/1482
f 2252/2252/1483 2253/2253/1484 2254/2254/1485
f 2252/2252/1483 2254/2254/1485 2255/2255/1486
f 2239/2239/1470 2252/2252/1483 2255/2255/1486
f 2239/2239/1470 2255/2255/1486 2240/2240/1471
f 2256/2256/1487 2136/2136/1370 2257/2257/1488
f 2256/2256/1487 2257/2257/1488 2258/2258/1489
f 2253/2253/1484 2224/2224/1455 2227/2227/1458
f 2253/2253/1484 2227/2227/1458 2254/2254/1485
f 2259/2259/1490 2260/2260/1491 2261/2261/1492
f 2259/2259/1490 2261/2261/1492 2262/2262/1493
f 2260/2260/1491 2263/2263/1494 2264/2264/1495
f 2260/2260/1491 2264/2264/1495 2261/2261/1492
f 2259/2259/1490 2121/2121/1355 2120/2120/1354
f 2259/2259/1490 2120/2120/1354 2260/2260/1491
f 2233/2233/1464 2265/2265/1496 2266/2266/1497
f 2233/2233/1464 2266/2266/1497 2234/2234/1465
f 2267/2267/1498 2268/2268/1499 2269/2269/1500
f 2267/2267/1498 2269/2269/1500 2270/2270/1501
f 2271/2271/1502 2242/2242/1473 2272/2272/1503
f 2271/2271/1502 2272/2272/1503 2273/2273/1504
f 2274/2274/1505 2275/2275/1506 2253/2253/1484
f 2274/2274/1505 2253/2253/1484 2252/2252/1483
f 2273/2273/1504 2272/2272/1503 2276/2276/1507
f 2273/2273/1504 2276/2276/1507 2277/2277/1508
f 2256/2256/1487 2258/2258/1489 2278/2278/1509
f 2256/2256/1487 2278/2278/1509 2271/2271/1502
f 2136/2136/1370 2279/2279/1510 2280/2280/1511
f 2136/2136/1370 2280/2280/1511 2257/2257/1488
f 2281/2281/1512 2282/2282/1513 2283/2283/1514
f 2281/2281/1512 2283/2283/1514 2284/2284/1515
f 2285/2285/1516 2286/2286/1517 2163/2163/1397
f 2285/2285/1516 2163/2163/1397 2287/2287/1518
f 2270/2270/1501 2269/2269/1500 2288/2288/1519
f 2270/2270/1501 2288/2288/1519 2289/2289/1520
f 2235/2235/1466 2234/2234/1465 2276/2276/1507
f 2235/2235/1466 2276/2276/1507 2290/2290/1521
f 2265/2265/1496 2291/2291/1522 2292/2292/1523
f 2265/2265/1496 2292/2292/1523 2266/2266/1497
f 2293/2293/1524 2268/2268/1499 2294/2294/1525
f 2293/2293/1524 2294/2294/1525 2295/2295/1526
f 2296/2296/1527 2297/2297/1528 2273/2273/1504
f 2296/2296/1527 2273/2273/1504 2277/2277/1508
f 2298/2298/1529 2299/2299/1530 2300/2300/1531
f 2298/2298/1529 2300/2300/1531 2301/2301/1532
f 2302/2302/1533 2303/2303/1534 2304/2304/1535
f 2302/2302/1533 2304/2304/1535 2305/2305/1536
f 2306/2306/1537 2244/2244/1475 2247/2247/1478
f 2306/2306/1537 2247/2247/1478 2307/2307/1537
f 2308/2308/1538 2309/2309/1539 2310/2310/1540
f 2308/2308/1538 2310/2310/1540 2311/2311/1541
f 2312/2312/1542 2313/2313/1542 2314/2314/1543
f 2312/2312/1542 2314/2314/1543 2315/2315/1543
f 2316/2316/1544 2317/2317/1545 2318/2318/1546
f 2316/2316/1544 2318/2318/1546 2319/2319/1547
f 2320/2320/1548 2321/2321/1549 2322/2322/1550
f 2320/2320/1548 2322/2322/1550 2323/2323/1551
f 2324/2324/1552 2325/2325/1553 2326/2326/1553
f 2324/2324/1552 2326/2326/1553 2327/2327/1554
f 2302/2302/1533 2288/2288/1519 2269/2269/1500
f 2302/2302/1533 2269/2269/1500 2303/2303/1534
f 2261/2261/1492 2302/2302/1533 2305/2305/1536
f 2261/2261/1492 2305/2305/1536 2262/2262/1493
f 2304/2304/1535 2303/2303/1534 2293/2293/1524
f 2304/2304/1535 2293/2293/1524 2328/2328/1555
f 2165/2165/1399 2164/2164/1398 2265/2265/1496
f 2165/2165/1399 2265/2265/1496 2233/2233/1464
f 2245/2245/1476 2248/2248/1479 2251/2251/1482
f 2245/2245/1476 2251/2251/1482 2246/2246/1477
f 2329/2329/1556 2330/2330/1557 2310/2310/1540
f 2329/2329/1556 2310/2310/1540 2309/2309/1539
f 2281/2281/1512 2284/2284/1515 2264/2264/1495
f 2281/2281/1512 2264/2264/1495 2263/2263/1494
f 2331/2331/1558 2332/2332/1559 2333/2333/1560
f 2331/2331/1558 2333/2333/1560 2334/2334/1561
f 2334/2334/1561 2333/2333/1560 2335/2335/1562
f 2334/2334/1561 2335/2335/1562 2336/2336/1563
f 2333/2333/1560 2337/2337/1564 2338/2338/1565
f 2333/2333/1560 2338/2338/1565 2335/2335/1562
f 2332/2332/1559 2339/2339/1566 2337/2337/1564
f 2332/2332/1559 2337/2337/1564 2333/2333/1560
f 2339/2339/1566 2340/2340/1567 2341/2341/1568
f 2339/2339/1566 2341/2341/1568 2337/2337/1564
f 2337/2337/1564 2341/2341/1568 2342/2342/1569
f 2337/2337/1564 2342/2342/1569 2338/2338/1565
f 2341/2341/1568 2343/2343/1570 2344/2344/1571
f 2341/2341/1568 2344/2344/1571 2342/2342/1569
f 2340/2340/1567 2345/2345/1572 2343/2343/1570
f 2340/2340/1567 2343/2343/1570 2341/2341/1568
f 2163/2163/1397 2346/2346/1573 2347/2347/1574
f 2163/2163/1397 2347/2347/1574 2287/2287/1518
f 2347/2347/1574 2334/2334/1561 2336/2336/1563
f 2347/2347/1574 2336/2336/1563 2348/2348/1575
f 2346/2346/1573 2331/2331/1558 2334/2334/1561
f 2346/2346/1573 2334/2334/1561 2347/2347/1574
f 2349/2349/1576 2350/2350/1577 2351/2351/1578
f 2349/2349/1576 2351/2351/1578 2352/2352/1576
f 2164/2164/1398 2353/2353/1579 2291/2291/1522
f 2164/2164/1398 2291/2291/1522 2265/2265/1496
f 2354/2354/1580 2355/2355/1581 2356/2356/1582
f 2354/2354/1580 2356/2356/1582 2357/2357/1583
f 2358/2358/1584 2359/2359/1585 2360/2360/1586
f 2358/2358/1584 2360/2360/1586 2361/2361/1587
f 2361/2361/1587 2360/2360/1586 2362/2362/1588
f 2361/2361/1587 2362/2362/1588 2363/2363/1589
f 2350/2350/1577 2364/2364/1590 2365/2365/1591
f 2350/2350/1577 2365/2365/1591 2351/2351/1578
f 2296/2296/1527 2366/2366/1592 2134/2134/1368
f 2296/2296/1527 2134/2134/1368 2297/2297/1528
f 2367/2367/1593 2368/2368/1594 2355/2355/1581
f 2367/2367/1593 2355/2355/1581 2354/2354/1580
f 2249/2249/1480 2369/2369/1595 2370/2370/1596
f 2249/2249/1480 2370/2370/1596 2250/2250/1481
f 2261/2261/1492 2264/2264/1495 2288/2288/1519
f 2261/2261/1492 2288/2288/1519 2302/2302/1533
f 2371/2371/1597 2372/2372/1598 2373/2373/1599
f 2371/2371/1597 2373/2373/1599 2374/2374/1600
f 2375/2375/1601 2376/2376/1602 2377/2377/1603
f 2375/2375/1601 2377/2377/1603 2378/2378/1604
f 2379/2379/1605 2380/2380/1606 2321/2321/1549
f 2379/2379/1605 2321/2321/1549 2320/2320/1548
f 2381/2381/1607 2294/2294/1525 2268/2268/1499
f 2381/2381/1607 2268/2268/1499 2267/2267/1498
f 2234/2234/1465 2266/2266/1497 2277/2277/1508
f 2234/2234/1465 2277/2277/1508 2276/2276/1507
f 2382/2382/1608 2383/2383/1609 2365/2365/1591
f 2382/2382/1608 2365/2365/1591 2364/2364/1590
f 2266/2266/1497 2292/2292/1523 2384/2384/1610
f 2266/2266/1497 2384/2384/1610 2277/2277/1508
f 2271/2271/1502 2278/2278/1509 2243/2243/1474
f 2271/2271/1502 2243/2243/1474 2242/2242/1473
f 2279/2279/1510 2385/2385/1611 2386/2386/1612
f 2279/2279/1510 2386/2386/1612 2280/2280/1511
f 2387/2387/1613 2388/2388/1614 2389/2389/1615
f 2387/2387/1613 2389/2389/1615 2390/2390/1616
f 2275/2275/1506 2391/2391/1617 2224/2224/1455
f 2275/2275/1506 2224/2224/1455 2253/2253/1484
f 2392/2392/1618 2393/2393/1619 2239/2239/1470
f 2392/2392/1618 2239/2239/1470 2238/2238/1469
f 2394/2394/1620 2165/2165/1399 2233/2233/1464
f 2394/2394/1620 2233/2233/1464 2232/2232/1463
f 2393/2393/1619 2274/2274/1505 2252/2252/1483
f 2393/2393/1619 2252/2252/1483 2239/2239/1470
f 2391/2391/1617 2395/2395/1621 2225/2225/1456
f 2391/2391/1617 2225/2225/1456 2224/2224/1455
f 2390/2390/1616 2389/2389/1615 2359/2359/1585
f 2390/2390/1616 2359/2359/1585 2358/2358/1584
f 2395/2395/1621 2272/2272/1503 2242/2242/1473
f 2395/2395/1621 2242/2242/1473 2225/2225/1456
f 2223/2223/1454 2396/2396/1622 2397/2397/1623
f 2223/2223/1454 2397/2397/1623 2398/2398/1624
f 2399/2399/1625 2400/2400/1626 2368/2368/1594
f 2399/2399/1625 2368/2368/1594 2367/2367/1593
f 2401/2401/1627 2402/2402/1628 2398/2398/1624
f 2401/2401/1627 2398/2398/1624 2403/2403/1629
f 2135/2135/1369 2404/2404/1630 2279/2279/1510
f 2135/2135/1369 2279/2279/1510 2136/2136/1370
f 2381/2381/1607 2150/2150/1384 2159/2159/1393
f 2381/2381/1607 2159/2159/1393 2294/2294/1525
f 2281/2281/1512 2263/2263/1494 2236/2236/1467
f 2281/2281/1512 2236/2236/1467 2143/2143/1377
f 2236/2236/1467 2120/2120/1354 2119/2119/1353
f 2236/2236/1467 2119/2119/1353 2237/2237/1468
f 2263/2263/1494 2260/2260/1491 2120/2120/1354
f 2263/2263/1494 2120/2120/1354 2236/2236/1467
f 2405/2405/1631 2135/2135/1369 2134/2134/1368
f 2405/2405/1631 2134/2134/1368 2366/2366/1592
f 2406/2406/1632 2407/2407/1633 2408/2408/1634
f 2406/2406/1632 2408/2408/1634 2409/2409/1635
f 2410/2410/1636 2411/2411/1637 2412/2412/1638
f 2410/2410/1636 2412/2412/1638 2413/2413/1639
f 2409/2409/1635 2408/2408/1634 2137/2137/1371
f 2409/2409/1635 2137/2137/1371 2139/2139/1373
f 2404/2404/1630 2414/2414/1640 2385/2385/1611
f 2404/2404/1630 2385/2385/1611 2279/2279/1510
f 2178/2178/1412 2415/2415/1641 2416/2416/1642
f 2178/2178/1412 2416/2416/1642 2138/2138/1372
f 2417/2417/1643 2418/2418/1644 2419/2419/1645
f 2417/2417/1643 2419/2419/1645 2406/2406/1632
f 2397/2397/1623 2420/2420/1646 2403/2403/1629
f 2397/2397/1623 2403/2403/1629 2398/2398/1624
f 2290/2290/1521 2276/2276/1507 2272/2272/1503
f 2290/2290/1521 2272/2272/1503 2395/2395/1621
f 2222/2222/1453 2223/2223/1454 2398/2398/1624
f 2222/2222/1453 2398/2398/1624 2402/2402/1628
f 2421/2421/1647 2422/2422/1647 2313/2313/1542
f 2421/2421/1647 2313/2313/1542 2312/2312/1542
f 2284/2284/1515 2283/2283/1514 2423/2423/1648
f 2284/2284/1515 2423/2423/1648 2289/2289/1520
f 2267/2267/1498 2424/2424/1649 2425/2425/1650
f 2267/2267/1498 2425/2425/1650 2381/2381/1607
f 2426/2426/1651 2427/2427/1652 2428/2428/1653
f 2426/2426/1651 2428/2428/1653 2429/2429/1653
f 2289/2289/1520 2423/2423/1648 2430/2430/1654
f 2289/2289/1520 2430/2430/1654 2270/2270/1501
f 2315/2315/1543 2314/2314/1543 2317/2317/1545
f 2315/2315/1543 2317/2317/1545 2316/2316/1544
f 2270/2270/1501 2430/2430/1654 2424/2424/1649
f 2270/2270/1501 2424/2424/1649 2267/2267/1498
f 2282/2282/1513 2281/2281/1512 2143/2143/1377
f 2282/2282/1513 2143/2143/1377 2142/2142/1376
f 2425/2425/1650 2148/2148/1382 2150/2150/1384
f 2425/2425/1650 2150/2150/1384 2381/2381/1607
f 2149/2149/1383 2431/2431/1655 2160/2160/1394
f 2149/2149/1383 2160/2160/1394 2159/2159/1393
f 2432/2432/1656 2433/2433/1657 2295/2295/1526
f 2432/2432/1656 2295/2295/1526 2161/2161/1395
f 2434/2434/1658 2353/2353/1579 2164/2164/1398
f 2434/2434/1658 2164/2164/1398 2435/2435/1659
f 2293/2293/1524 2295/2295/1526 2433/2433/1657
f 2293/2293/1524 2433/2433/1657 2328/2328/1555
f 2344/2344/1571 2343/2343/1570 2436/2436/1660
f 2344/2344/1571 2436/2436/1660 2437/2437/1661
f 2438/2438/1662 2439/2439/1663 2440/2440/1664
f 2438/2438/1662 2440/2440/1664 2441/2441/1665
f 2439/2439/1663 2442/2442/1666 2443/2443/1667
f 2439/2439/1663 2443/2443/1667 2440/2440/1664
f 2343/2343/1570 2345/2345/1572 2444/2444/1668
f 2343/2343/1570 2444/2444/1668 2436/2436/1660
f 2445/2445/1669 2446/2446/1669 2447/2447/1670
f 2445/2445/1669 2447/2447/1670 2448/2448/1671
f 2303/2303/1534 2269/2269/1500 2268/2268/1499
f 2303/2303/1534 2268/2268/1499 2293/2293/1524
f 2449/2449/1672 2450/2450/1672 2422/2422/1647
f 2449/2449/1672 2422/2422/1647 2421/2421/1647
f 2451/2451/1673 2452/2452/1674 2453/2453/1675
f 2451/2451/1673 2453/2453/1675 2454/2454/1673
f 2455/2455/1676 2456/2456/1677 2330/2330/1557
f 2455/2455/1676 2330/2330/1557 2329/2329/1556
f 2457/2457/1678 2458/2458/1679 2453/2453/1675
f 2457/2457/1678 2453/2453/1675 2452/2452/1674
f 2459/2459/1680 2460/2460/1681 2160/2160/1394
f 2459/2459/1680 2160/2160/1394 2431/2431/1655
f 2294/2294/1525 2159/2159/1393 2161/2161/1395
f 2294/2294/1525 2161/2161/1395 2295/2295/1526
f 2460/2460/1681 2432/2432/1656 2161/2161/1395
f 2460/2460/1681 2161/2161/1395 2160/2160/1394
f 2289/2289/1520 2288/2288/1519 2264/2264/1495
f 2289/2289/1520 2264/2264/1495 2284/2284/1515
f 2319/2319/1547 2318/2318/1546 2456/2456/1677
f 2319/2319/1547 2456/2456/1677 2455/2455/1676
f 2451/2451/1673 2454/2454/1673 2450/2450/1672
f 2451/2451/1673 2450/2450/1672 2449/2449/1672
f 2219/2219/1450 2214/2214/1445 2217/2217/1448
f 2219/2219/1450 2217/2217/1448 2220/2220/1451
f 2461/2461/1682 2462/2462/1683 2427/2427/1652
f 2461/2461/1682 2427/2427/1652 2426/2426/1651
f 2448/2448/1671 2447/2447/1670 2463/2463/1684
f 2448/2448/1671 2463/2463/1684 2464/2464/1684
f 2465/2465/1685 2466/2466/1686 2467/2467/1687
f 2465/2465/1685 2467/2467/1687 2468/2468/1688
f 2469/2469/1689 2470/2470/1689 2471/2471/1690
f 2469/2469/1689 2471/2471/1690 2472/2472/1690
f 2473/2473/1691 2474/2474/1692 2475/2475/1693
f 2473/2473/1691 2475/2475/1693 2476/2476/1694
f 2474/2474/1692 2465/2465/1685 2468/2468/1688
f 2474/2474/1692 2468/2468/1688 2475/2475/1693
f 2215/2215/1446 2443/2443/1667 2442/2442/1666
f 2215/2215/1446 2442/2442/1666 2216/2216/1447
f 2477/2477/1695 2478/2478/1696 2173/2173/1407
f 2477/2477/1695 2173/2173/1407 2172/2172/1406
f 2479/2479/1697 2209/2209/1440 2118/2118/1352
f 2479/2479/1697 2118/2118/1352 2480/2480/1698
f 2481/2481/1699 2482/2482/1700 2415/2415/1641
f 2481/2481/1699 2415/2415/1641 2178/2178/1412
f 2436/2436/1660 2444/2444/1668 2442/2442/1666
f 2436/2436/1660 2442/2442/1666 2439/2439/1663
f 2437/2437/1661 2436/2436/1660 2439/2439/1663
f 2437/2437/1661 2439/2439/1663 2438/2438/1662
f 2396/2396/1622 2392/2392/1618 2238/2238/1469
f 2396/2396/1622 2238/2238/1469 2397/2397/1623
f 2357/2357/1583 2356/2356/1582 2380/2380/1606
f 2357/2357/1583 2380/2380/1606 2379/2379/1605
f 2374/2374/1600 2373/2373/1599 2483/2483/1701
f 2374/2374/1600 2483/2483/1701 2484/2484/1702
f 2324/2324/1552 2327/2327/1554 2383/2383/1609
f 2324/2324/1552 2383/2383/1609 2382/2382/1608
f 2397/2397/1623 2238/2238/1469 2241/2241/1472
f 2397/2397/1623 2241/2241/1472 2420/2420/1646
f 2484/2484/1702 2483/2483/1701 2388/2388/1614
f 2484/2484/1702 2388/2388/1614 2387/2387/1613
f 2485/2485/1703 2486/2486/1704 2400/2400/1626
f 2485/2485/1703 2400/2400/1626 2399/2399/1625
f 2405/2405/1631 2410/2410/1636 2404/2404/1630
f 2405/2405/1631 2404/2404/1630 2135/2135/1369
f 2487/2487/1705 2488/2488/1706 2489/2489/1707
f 2487/2487/1705 2489/2489/1707 2490/2490/1708
f 2491/2491/1709 2492/2492/1710 2493/2493/1711
f 2491/2491/1709 2493/2493/1711 2494/2494/1712
f 2495/2495/1713 2496/2496/1714 2497/2497/1715
f 2495/2495/1713 2497/2497/1715 2498/2498/1716
f 2499/2499/1717 2500/2500/1718 2501/2501/1719
f 2499/2499/1717 2501/2501/1719 2502/2502/1720
f 2503/2503/1721 2504/2504/1722 2505/2505/1723
f 2503/2503/1721 2505/2505/1723 2506/2506/1724
f 2507/2507/1725 2508/2508/1726 2509/2509/1727
f 2507/2507/1725 2509/2509/1727 2510/2510/1728
f 2511/2511/1729 2512/2512/1730 2513/2513/1731
f 2511/2511/1729 2513/2513/1731 2514/2514/1732
f 2515/2515/1733 2516/2516/1734 2517/2517/1735
f 2515/2515/1733 2517/2517/1735 2518/2518/1736
f 2500/2500/1718 2515/2515/1733 2518/2518/1736
f 2500/2500/1718 2518/2518/1736 2501/2501/1719
f 2519/2519/1737 2520/2520/1738 2521/2521/1739
f 2519/2519/1737 2521/2521/1739 2522/2522/1740
f 2508/2508/1726 2519/2519/1737 2522/2522/1740
f 2508/2508/1726 2522/2522/1740 2509/2509/1727
f 2523/2523/1741 2524/2524/1742 2525/2525/1743
f 2523/2523/1741 2525/2525/1743 2526/2526/1744
f 2512/2512/1730 2523/2523/1741 2526/2526/1744
f 2512/2512/1730 2526/2526/1744 2513/2513/1731
f 2526/2526/1744 2525/2525/1743 2520/2520/1738
f 2526/2526/1744 2520/2520/1738 2519/2519/1737
f 2524/2524/1742 2487/2487/1705 2490/2490/1708
f 2524/2524/1742 2490/2490/1708 2525/2525/1743
f 2299/2299/1530 2505/2505/1723 2504/2504/1722
f 2299/2299/1530 2504/2504/1722 2300/2300/1531
f 2520/2520/1738 2491/2491/1709 2494/2494/1712
f 2520/2520/1738 2494/2494/1712 2521/2521/1739
f 2516/2516/1734 2495/2495/1713 2498/2498/1716
f 2516/2516/1734 2498/2498/1716 2517/2517/1735
f 2494/2494/1712 2493/2493/1711 2496/2496/1714
f 2494/2494/1712 2496/2496/1714 2495/2495/1713
f 2510/2510/1728 2509/2509/1727 2500/2500/1718
f 2510/2510/1728 2500/2500/1718 2499/2499/1717
f 2522/2522/1740 2521/2521/1739 2516/2516/1734
f 2522/2522/1740 2516/2516/1734 2515/2515/1733
f 2509/2509/1727 2522/2522/1740 2515/2515/1733
f 2509/2509/1727 2515/2515/1733 2500/2500/1718
f 2521/2521/1739 2494/2494/1712 2495/2495/1713
f 2521/2521/1739 2495/2495/1713 2516/2516/1734
f 2514/2514/1732 2513/2513/1731 2508/2508/1726
f 2514/2514/1732 2508/2508/1726 2507/2507/1725
f 2525/2525/1743 2490/2490/1708 2491/2491/1709
f 2525/2525/1743 2491/2491/1709 2520/2520/1738
f 2490/2490/1708 2489/2489/1707 2492/2492/1710
f 2490/2490/1708 2492/2492/1710 2491/2491/1709
f 2513/2513/1731 2526/2526/1744 2519/2519/1737
f 2513/2513/1731 2519/2519/1737 2508/2508/1726
f 2376/2376/1602 2298/2298/1529 2301/2301/1532
f 2376/2376/1602 2301/2301/1532 2377/2377/1603
f 2376/2376/1602 2514/2514/1732 2507/2507/1725
f 2376/2376/1602 2507/2507/1725 2298/2298/1529
f 2299/2299/1530 2510/2510/1728 2499/2499/1717
f 2299/2299/1530 2499/2499/1717 2505/2505/1723
f 2505/2505/1723 2499/2499/1717 2502/2502/1720
f 2505/2505/1723 2502/2502/1720 2506/2506/1724
f 2298/2298/1529 2507/2507/1725 2510/2510/1728
f 2298/2298/1529 2510/2510/1728 2299/2299/1530
f 2375/2375/1601 2511/2511/1729 2514/2514/1732
f 2375/2375/1601 2514/2514/1732 2376/2376/1602
f 2527/2527/1745 2528/2528/1746 2529/2529/1747
f 2527/2527/1745 2529/2529/1747 2530/2530/1748
f 2531/2531/1749 2532/2532/1750 2533/2533/1751
f 2531/2531/1749 2533/2533/1751 2534/2534/1752
f 2535/2535/1753 2531/2531/1749 2534/2534/1752
f 2535/2535/1753 2534/2534/1752 2536/2536/1754
f 2537/2537/1755 2538/2538/1756 2539/2539/1757
f 2537/2537/1755 2539/2539/1757 2540/2540/1758
f 2541/2541/1759 2542/2542/1760 2543/2543/1761
f 2541/2541/1759 2543/2543/1761 2544/2544/1762
f 2545/2545/1763 2546/2546/1764 2182/2182/1416
f 2545/2545/1763 2182/2182/1416 2184/2184/1418
f 2547/2547/1765 2548/2548/1766 2549/2549/1767
f 2547/2547/1765 2549/2549/1767 2550/2550/1768
f 2551/2551/1769 2537/2537/1755 2540/2540/1758
f 2551/2551/1769 2540/2540/1758 2552/2552/1770
f 2553/2553/1771 2554/2554/1772 2555/2555/1773
f 2553/2553/1771 2555/2555/1773 2556/2556/1774
f 2557/2557/1775 2558/2558/1776 2559/2559/1777
f 2557/2557/1775 2559/2559/1777 2560/2560/1778
f 2561/2561/1779 2562/2562/1780 2563/2563/1781
f 2561/2561/1779 2563/2563/1781 2564/2564/1782
f 2562/2562/1780 2547/2547/1765 2550/2550/1768
f 2562/2562/1780 2550/2550/1768 2563/2563/1781
f 2213/2213/1444 2228/2228/1459 2565/2565/1783
f 2213/2213/1444 2565/2565/1783 2566/2566/1784
f 2538/2538/1756 2561/2561/1779 2564/2564/1782
f 2538/2538/1756 2564/2564/1782 2539/2539/1757
f 2478/2478/1696 2477/2477/1695 2567/2567/1785
f 2478/2478/1696 2567/2567/1785 2568/2568/1786
f 2569/2569/1787 2478/2478/1696 2568/2568/1786
f 2569/2569/1787 2568/2568/1786 2570/2570/1788
f 2571/2571/1789 2541/2541/1759 2544/2544/1762
f 2571/2571/1789 2544/2544/1762 2572/2572/1790
f 2573/2573/1791 2574/2574/1792 2575/2575/1793
f 2573/2573/1791 2575/2575/1793 2576/2576/1794
f 2231/2231/1462 2230/2230/1461 2577/2577/1795
f 2231/2231/1462 2577/2577/1795 2551/2551/1769
f 2578/2578/1796 2579/2579/1797 2562/2562/1780
f 2578/2578/1796 2562/2562/1780 2561/2561/1779
f 2580/2580/1798 2577/2577/1795 2230/2230/1461
f 2580/2580/1798 2230/2230/1461 2581/2581/1799
f 2231/2231/1462 2582/2582/1800 2565/2565/1783
f 2231/2231/1462 2565/2565/1783 2228/2228/1459
f 2583/2583/1801 2213/2213/1444 2566/2566/1784
f 2583/2583/1801 2566/2566/1784 2584/2584/1802
f 2585/2585/1803 2586/2586/1804 2587/2587/1805
f 2585/2585/1803 2587/2587/1805 2588/2588/1806
f 2589/2589/1807 2590/2590/1808 2591/2591/1809
f 2589/2589/1807 2591/2591/1809 2198/2198/1432
f 2592/2592/1810 2593/2593/1811 2574/2574/1792
f 2592/2592/1810 2574/2574/1792 2573/2573/1791
f 2544/2544/1762 2543/2543/1761 2594/2594/1812
f 2544/2544/1762 2594/2594/1812 2580/2580/1798
f 2595/2595/1813 2571/2571/1789 2572/2572/1790
f 2595/2595/1813 2572/2572/1790 2596/2596/1814
f 2575/2575/1793 2597/2597/1815 2598/2598/1816
f 2575/2575/1793 2598/2598/1816 2599/2599/1817
f 2581/2581/1799 2600/2600/1818 2601/2601/1819
f 2581/2581/1799 2601/2601/1819 2602/2602/1820
f 2603/2603/1821 2604/2604/1822 2605/2605/1823
f 2603/2603/1821 2605/2605/1823 2606/2606/1824
f 2607/2607/1825 2608/2608/1826 2609/2609/1827
f 2607/2607/1825 2609/2609/1827 2610/2610/1828
f 2611/2611/1829 2553/2553/1771 2556/2556/1774
f 2611/2611/1829 2556/2556/1774 2612/2612/1829
f 2613/2613/1830 2614/2614/1831 2615/2615/1832
f 2613/2613/1830 2615/2615/1832 2616/2616/1832
f 2617/2617/1543 2618/2618/1542 2619/2619/1542
f 2617/2617/1543 2619/2619/1542 2620/2620/1543
f 2621/2621/1546 2622/2622/1545 2623/2623/1544
f 2621/2621/1546 2623/2623/1544 2624/2624/1547
f 2625/2625/1833 2626/2626/1834 2627/2627/1835
f 2625/2625/1833 2627/2627/1835 2628/2628/1836
f 2629/2629/1837 2630/2630/1838 2631/2631/1838
f 2629/2629/1837 2631/2631/1838 2632/2632/1839
f 2593/2593/1811 2609/2609/1827 2608/2608/1826
f 2593/2593/1811 2608/2608/1826 2574/2574/1792
f 2567/2567/1785 2610/2610/1828 2609/2609/1827
f 2567/2567/1785 2609/2609/1827 2568/2568/1786
f 2597/2597/1815 2608/2608/1826 2607/2607/1825
f 2597/2597/1815 2607/2607/1825 2633/2633/1840
f 2200/2200/1434 2199/2199/1433 2541/2541/1759
f 2200/2200/1434 2541/2541/1759 2571/2571/1789
f 2554/2554/1772 2557/2557/1775 2560/2560/1778
f 2554/2554/1772 2560/2560/1778 2555/2555/1773
f 2634/2634/1841 2614/2614/1831 2613/2613/1830
f 2634/2634/1841 2613/2613/1830 2635/2635/1842
f 2586/2586/1804 2569/2569/1787 2570/2570/1788
f 2586/2586/1804 2570/2570/1788 2587/2587/1805
f 2636/2636/1843 2637/2637/1844 2638/2638/1845
f 2636/2636/1843 2638/2638/1845 2639/2639/1679
f 2640/2640/1846 2641/2641/1847 2642/2642/1848
f 2640/2640/1846 2642/2642/1848 2643/2643/1849
f 2641/2641/1847 2336/2336/1563 2335/2335/1562
f 2641/2641/1847 2335/2335/1562 2642/2642/1848
f 2642/2642/1848 2335/2335/1562 2338/2338/1565
f 2642/2642/1848 2338/2338/1565 2644/2644/1850
f 2643/2643/1849 2642/2642/1848 2644/2644/1850
f 2643/2643/1849 2644/2644/1850 2645/2645/1851
f 2645/2645/1851 2644/2644/1850 2646/2646/1852
f 2645/2645/1851 2646/2646/1852 2647/2647/1853
f 2644/2644/1850 2338/2338/1565 2342/2342/1569
f 2644/2644/1850 2342/2342/1569 2646/2646/1852
f 2646/2646/1852 2342/2342/1569 2344/2344/1571
f 2646/2646/1852 2344/2344/1571 2648/2648/1854
f 2647/2647/1853 2646/2646/1852 2648/2648/1854
f 2647/2647/1853 2648/2648/1854 2649/2649/1855
f 2198/2198/1432 2591/2591/1809 2650/2650/1856
f 2198/2198/1432 2650/2650/1856 2651/2651/1857
f 2650/2650/1856 2348/2348/1575 2336/2336/1563
f 2650/2650/1856 2336/2336/1563 2641/2641/1847
f 2651/2651/1857 2650/2650/1856 2641/2641/1847
f 2651/2651/1857 2641/2641/1847 2640/2640/1846
f 2652/2652/1858 2653/2653/1859 2654/2654/1860
f 2652/2652/1858 2654/2654/1860 2655/2655/1858
f 2656/2656/1861 2200/2200/1434 2571/2571/1789
f 2656/2656/1861 2571/2571/1789 2595/2595/1813
f 2657/2657/1862 2658/2658/1863 2659/2659/1864
f 2657/2657/1862 2659/2659/1864 2660/2660/1865
f 2661/2661/1866 2662/2662/1867 2663/2663/1868
f 2661/2661/1866 2663/2663/1868 2664/2664/1869
f 2662/2662/1867 2665/2665/1870 2666/2666/1871
f 2662/2662/1867 2666/2666/1871 2663/2663/1868
f 2653/2653/1859 2667/2667/1872 2668/2668/1873
f 2653/2653/1859 2668/2668/1873 2654/2654/1860
f 2669/2669/1874 2600/2600/1818 2229/2229/1460
f 2669/2669/1874 2229/2229/1460 2212/2212/1443
f 2670/2670/1875 2657/2657/1862 2660/2660/1865
f 2670/2670/1875 2660/2660/1865 2671/2671/1876
f 2558/2558/1776 2672/2672/1877 2673/2673/1878
f 2558/2558/1776 2673/2673/1878 2559/2559/1777
f 2570/2570/1788 2568/2568/1786 2609/2609/1827
f 2570/2570/1788 2609/2609/1827 2593/2593/1811
f 2674/2674/1879 2675/2675/1880 2676/2676/1881
f 2674/2674/1879 2676/2676/1881 2677/2677/1882
f 2678/2678/1883 2679/2679/1884 2680/2680/1885
f 2678/2678/1883 2680/2680/1885 2681/2681/1886
f 2682/2682/1887 2625/2625/1833 2628/2628/1836
f 2682/2682/1887 2628/2628/1836 2683/2683/1888
f 2576/2576/1794 2575/2575/1793 2599/2599/1817
f 2576/2576/1794 2599/2599/1817 2684/2684/1889
f 2572/2572/1790 2544/2544/1762 2580/2580/1798
f 2572/2572/1790 2580/2580/1798 2581/2581/1799
f 2685/2685/1890 2668/2668/1873 2667/2667/1872
f 2685/2685/1890 2667/2667/1872 2686/2686/1891
f 2596/2596/1814 2572/2572/1790 2581/2581/1799
f 2596/2596/1814 2581/2581/1799 2602/2602/1820
f 2551/2551/1769 2552/2552/1770 2582/2582/1800
f 2551/2551/1769 2582/2582/1800 2231/2231/1462
f 2687/2687/1892 2688/2688/1893 2583/2583/1801
f 2687/2687/1892 2583/2583/1801 2584/2584/1802
f 2689/2689/1894 2690/2690/1895 2691/2691/1896
f 2689/2689/1894 2691/2691/1896 2692/2692/1897
f 2693/2693/1898 2578/2578/1796 2561/2561/1779
f 2693/2693/1898 2561/2561/1779 2538/2538/1756
f 2694/2694/1899 2695/2695/1900 2548/2548/1766
f 2694/2694/1899 2548/2548/1766 2547/2547/1765
f 2199/2199/1433 2696/2696/1901 2542/2542/1760
f 2199/2199/1433 2542/2542/1760 2541/2541/1759
f 2579/2579/1797 2694/2694/1899 2547/2547/1765
f 2579/2579/1797 2547/2547/1765 2562/2562/1780
f 2697/2697/1902 2693/2693/1898 2538/2538/1756
f 2697/2697/1902 2538/2538/1756 2537/2537/1755
f 2690/2690/1895 2661/2661/1866 2664/2664/1869
f 2690/2690/1895 2664/2664/1869 2691/2691/1896
f 2577/2577/1795 2697/2697/1902 2537/2537/1755
f 2577/2577/1795 2537/2537/1755 2551/2551/1769
f 2698/2698/1903 2535/2535/1753 2699/2699/1904
f 2698/2698/1903 2699/2699/1904 2700/2700/1905
f 2701/2701/1906 2670/2670/1875 2671/2671/1876
f 2701/2701/1906 2671/2671/1876 2702/2702/1907
f 2703/2703/1908 2699/2699/1904 2704/2704/1909
f 2703/2703/1908 2704/2704/1909 2705/2705/1910
f 2212/2212/1443 2229/2229/1460 2228/2228/1459
f 2212/2212/1443 2228/2228/1459 2213/2213/1444
f 2706/2706/1911 2211/2211/1442 2213/2213/1444
f 2706/2706/1911 2213/2213/1444 2583/2583/1801
f 2186/2186/1420 2684/2684/1889 2599/2599/1817
f 2186/2186/1420 2599/2599/1817 2187/2187/1421
f 2546/2546/1764 2569/2569/1787 2586/2586/1804
f 2546/2546/1764 2586/2586/1804 2182/2182/1416
f 2546/2546/1764 2545/2545/1763 2171/2171/1405
f 2546/2546/1764 2171/2171/1405 2173/2173/1407
f 2569/2569/1787 2546/2546/1764 2173/2173/1407
f 2569/2569/1787 2173/2173/1407 2478/2478/1696
f 2707/2707/1912 2669/2669/1874 2212/2212/1443
f 2707/2707/1912 2212/2212/1443 2211/2211/1442
f 2407/2407/1633 2708/2708/1913 2709/2709/1914
f 2407/2407/1633 2709/2709/1914 2710/2710/1915
f 2711/2711/1916 2712/2712/1917 2713/2713/1918
f 2711/2711/1916 2713/2713/1918 2714/2714/1919
f 2408/2408/1634 2481/2481/1699 2178/2178/1412
f 2408/2408/1634 2178/2178/1412 2137/2137/1371
f 2715/2715/1920 2706/2706/1911 2583/2583/1801
f 2715/2715/1920 2583/2583/1801 2688/2688/1893
f 2466/2466/1686 2716/2716/1921 2717/2717/1922
f 2466/2466/1686 2717/2717/1922 2467/2467/1687
f 2710/2710/1915 2709/2709/1914 2718/2718/1923
f 2710/2710/1915 2718/2718/1923 2719/2719/1924
f 2700/2700/1905 2699/2699/1904 2703/2703/1908
f 2700/2700/1905 2703/2703/1908 2720/2720/1925
f 2580/2580/1798 2594/2594/1812 2697/2697/1902
f 2580/2580/1798 2697/2697/1902 2577/2577/1795
f 2535/2535/1753 2536/2536/1754 2704/2704/1909
f 2535/2535/1753 2704/2704/1909 2699/2699/1904
f 2618/2618/1542 2721/2721/1647 2722/2722/1647
f 2618/2618/1542 2722/2722/1647 2619/2619/1542
f 2588/2588/1806 2587/2587/1805 2592/2592/1810
f 2588/2588/1806 2592/2592/1810 2723/2723/1926
f 2724/2724/1927 2576/2576/1794 2684/2684/1889
f 2724/2724/1927 2684/2684/1889 2725/2725/1928
f 2428/2428/1653 2427/2427/1652 2726/2726/1929
f 2428/2428/1653 2726/2726/1929 2727/2727/1653
f 2723/2723/1926 2592/2592/1810 2573/2573/1791
f 2723/2723/1926 2573/2573/1791 2728/2728/1930
f 2622/2622/1545 2617/2617/1543 2620/2620/1543
f 2622/2622/1545 2620/2620/1543 2623/2623/1544
f 2728/2728/1930 2573/2573/1791 2576/2576/1794
f 2728/2728/1930 2576/2576/1794 2724/2724/1927
f 2585/2585/1803 2180/2180/1414 2182/2182/1416
f 2585/2585/1803 2182/2182/1416 2586/2586/1804
f 2725/2725/1928 2684/2684/1889 2186/2186/1420
f 2725/2725/1928 2186/2186/1420 2188/2188/1422
f 2729/2729/1931 2730/2730/1932 2195/2195/1429
f 2729/2729/1931 2195/2195/1429 2598/2598/1816
f 2731/2731/1933 2732/2732/1934 2200/2200/1434
f 2731/2731/1933 2200/2200/1434 2656/2656/1861
f 2597/2597/1815 2633/2633/1840 2729/2729/1931
f 2597/2597/1815 2729/2729/1931 2598/2598/1816
f 2344/2344/1571 2437/2437/1661 2733/2733/1935
f 2344/2344/1571 2733/2733/1935 2648/2648/1854
f 2438/2438/1662 2441/2441/1665 2734/2734/1936
f 2438/2438/1662 2734/2734/1936 2735/2735/1937
f 2735/2735/1937 2734/2734/1936 2736/2736/1938
f 2735/2735/1937 2736/2736/1938 2737/2737/1939
f 2648/2648/1854 2733/2733/1935 2738/2738/1940
f 2648/2648/1854 2738/2738/1940 2649/2649/1855
f 2739/2739/1941 2740/2740/1942 2741/2741/1943
f 2739/2739/1941 2741/2741/1943 2742/2742/1941
f 2574/2574/1792 2608/2608/1826 2597/2597/1815
f 2574/2574/1792 2597/2597/1815 2575/2575/1793
f 2721/2721/1647 2743/2743/1672 2744/2744/1672
f 2721/2721/1647 2744/2744/1672 2722/2722/1647
f 2745/2745/1675 2746/2746/1674 2747/2747/1673
f 2745/2745/1675 2747/2747/1673 2748/2748/1673
f 2749/2749/1944 2634/2634/1841 2635/2635/1842
f 2749/2749/1944 2635/2635/1842 2750/2750/1945
f 2638/2638/1845 2746/2746/1674 2745/2745/1675
f 2638/2638/1845 2745/2745/1675 2639/2639/1679
f 2751/2751/1946 2752/2752/1947 2753/2753/1948
f 2751/2751/1946 2753/2753/1948 2196/2196/1430
f 2599/2599/1817 2598/2598/1816 2195/2195/1429
f 2599/2599/1817 2195/2195/1429 2187/2187/1421
f 2195/2195/1429 2730/2730/1932 2751/2751/1946
f 2195/2195/1429 2751/2751/1946 2196/2196/1430
f 2592/2592/1810 2587/2587/1805 2570/2570/1788
f 2592/2592/1810 2570/2570/1788 2593/2593/1811
f 2624/2624/1547 2749/2749/1944 2750/2750/1945
f 2624/2624/1547 2750/2750/1945 2621/2621/1546
f 2747/2747/1673 2744/2744/1672 2743/2743/1672
f 2747/2747/1673 2743/2743/1672 2748/2748/1673
f 2532/2532/1750 2527/2527/1745 2530/2530/1748
f 2532/2532/1750 2530/2530/1748 2533/2533/1751
f 2754/2754/1949 2726/2726/1929 2427/2427/1652
f 2754/2754/1949 2427/2427/1652 2462/2462/1683
f 2740/2740/1942 2755/2755/1950 2756/2756/1951
f 2740/2740/1942 2756/2756/1951 2741/2741/1943
f 2757/2757/1952 2758/2758/1953 2759/2759/1954
f 2757/2757/1952 2759/2759/1954 2760/2760/1955
f 2469/2469/1689 2761/2761/1956 2762/2762/1956
f 2469/2469/1689 2762/2762/1956 2470/2470/1689
f 2763/2763/1957 2764/2764/1958 2765/2765/1959
f 2763/2763/1957 2765/2765/1959 2766/2766/1960
f 2766/2766/1960 2765/2765/1959 2758/2758/1953
f 2766/2766/1960 2758/2758/1953 2757/2757/1952
f 2528/2528/1746 2737/2737/1939 2736/2736/1938
f 2528/2528/1746 2736/2736/1938 2529/2529/1747
f 2479/2479/1697 2480/2480/1698 2168/2168/1402
f 2479/2479/1697 2168/2168/1402 2210/2210/1441
f 2416/2416/1642 2767/2767/1961 2139/2139/1373
f 2416/2416/1642 2139/2139/1373 2138/2138/1372
f 2733/2733/1935 2735/2735/1937 2737/2737/1939
f 2733/2733/1935 2737/2737/1939 2738/2738/1940
f 2437/2437/1661 2438/2438/1662 2735/2735/1937
f 2437/2437/1661 2735/2735/1937 2733/2733/1935
f 2695/2695/1900 2698/2698/1903 2700/2700/1905
f 2695/2695/1900 2700/2700/1905 2548/2548/1766
f 2658/2658/1863 2682/2682/1887 2683/2683/1888
f 2658/2658/1863 2683/2683/1888 2659/2659/1864
f 2675/2675/1880 2768/2768/1962 2769/2769/1963
f 2675/2675/1880 2769/2769/1963 2676/2676/1881
f 2632/2632/1839 2685/2685/1890 2686/2686/1891
f 2632/2632/1839 2686/2686/1891 2629/2629/1837
f 2548/2548/1766 2700/2700/1905 2720/2720/1925
f 2548/2548/1766 2720/2720/1925 2549/2549/1767
f 2768/2768/1962 2689/2689/1894 2692/2692/1897
f 2768/2768/1962 2692/2692/1897 2769/2769/1963
f 2770/2770/1964 2701/2701/1906 2702/2702/1907
f 2770/2770/1964 2702/2702/1907 2771/2771/1965
f 2714/2714/1919 2713/2713/1918 2772/2772/1966
f 2714/2714/1919 2772/2772/1966 2707/2707/1912
f 2773/2773/1967 2774/2774/1968 2775/2775/1969
f 2773/2773/1967 2775/2775/1969 2776/2776/1970
f 2777/2777/1971 2778/2778/1972 2779/2779/1973
f 2777/2777/1971 2779/2779/1973 2780/2780/1974
f 2781/2781/1975 2782/2782/1976 2783/2783/1977
f 2781/2781/1975 2783/2783/1977 2784/2784/1978
f 2785/2785/1979 2786/2786/1980 2787/2787/1981
f 2785/2785/1979 2787/2787/1981 2788/2788/1982
f 2789/2789/1983 2790/2790/1984 2791/2791/1985
f 2789/2789/1983 2791/2791/1985 2792/2792/1986
f 2793/2793/1987 2794/2794/1988 2795/2795/1989
f 2793/2793/1987 2795/2795/1989 2796/2796/1990
f 2797/2797/1991 2798/2798/1992 2799/2799/1993
f 2797/2797/1991 2799/2799/1993 2800/2800/1994
f 2801/2801/1995 2802/2802/1996 2803/2803/1997
f 2801/2801/1995 2803/2803/1997 2804/2804/1998
f 2802/2802/1996 2785/2785/1979 2788/2788/1982
f 2802/2802/1996 2788/2788/1982 2803/2803/1997
f 2805/2805/1999 2806/2806/2000 2807/2807/2001
f 2805/2805/1999 2807/2807/2001 2808/2808/2002
f 2806/2806/2000 2793/2793/1987 2796/2796/1990
f 2806/2806/2000 2796/2796/1990 2807/2807/2001
f 2809/2809/2003 2810/2810/2004 2811/2811/2005
f 2809/2809/2003 2811/2811/2005 2812/2812/2006
f 2810/2810/2004 2797/2797/1991 2800/2800/1994
f 2810/2810/2004 2800/2800/1994 2811/2811/2005
f 2812/2812/2006 2811/2811/2005 2806/2806/2000
f 2812/2812/2006 2806/2806/2000 2805/2805/1999
f 2774/2774/1968 2809/2809/2003 2812/2812/2006
f 2774/2774/1968 2812/2812/2006 2775/2775/1969
f 2606/2606/1824 2605/2605/1823 2790/2790/1984
f 2606/2606/1824 2790/2790/1984 2789/2789/1983
f 2778/2778/1972 2805/2805/1999 2808/2808/2002
f 2778/2778/1972 2808/2808/2002 2779/2779/1973
f 2782/2782/1976 2801/2801/1995 2804/2804/1998
f 2782/2782/1976 2804/2804/1998 2783/2783/1977
f 2780/2780/1974 2779/2779/1973 2782/2782/1976
f 2780/2780/1974 2782/2782/1976 2781/2781/1975
f 2796/2796/1990 2795/2795/1989 2786/2786/1980
f 2796/2796/1990 2786/2786/1980 2785/2785/1979
f 2808/2808/2002 2807/2807/2001 2802/2802/1996
f 2808/2808/2002 2802/2802/1996 2801/2801/1995
f 2807/2807/2001 2796/2796/1990 2785/2785/1979
f 2807/2807/2001 2785/2785/1979 2802/2802/1996
s 0
f 2813/2813/2007 2814/2814/2007 2815/2815/2007
f 2813/2813/2007 2815/2815/2007 2816/2816/2007
s 1
f 2779/2779/1973 2808/2808/2002 2801/2801/1995
f 2779/2779/1973 2801/2801/1995 2782/2782/1976
f 2800/2800/1994 2799/2799/1993 2794/2794/1988
f 2800/2800/1994 2794/2794/1988 2793/2793/1987
f 2775/2775/1969 2812/2812/2006 2805/2805/1999
f 2775/2775/1969 2805/2805/1999 2778/2778/1972
f 2776/2776/1970 2775/2775/1969 2778/2778/1972
f 2776/2776/1970 2778/2778/1972 2777/2777/1971
f 2811/2811/2005 2800/2800/1994 2793/2793/1987
f 2811/2811/2005 2793/2793/1987 2806/2806/2000
f 2681/2681/1886 2680/2680/1885 2604/2604/1822
f 2681/2681/1886 2604/2604/1822 2603/2603/1821
s 0
f 2817/2817/2008 2818/2818/2008 2819/2819/2008
f 2817/2817/2008 2819/2819/2008 2820/2820/2008
s 1
f 2799/2799/1993 2681/2681/1886 2603/2603/1821
f 2799/2799/1993 2603/2603/1821 2794/2794/1988
f 2795/2795/1989 2606/2606/1824 2789/2789/1983
f 2795/2795/1989 2789/2789/1983 2786/2786/1980
f 2786/2786/1980 2789/2789/1983 2792/2792/1986
f 2786/2786/1980 2792/2792/1986 2787/2787/1981
f 2794/2794/1988 2603/2603/1821 2606/2606/1824
f 2794/2794/1988 2606/2606/1824 2795/2795/1989
f 2798/2798/1992 2678/2678/1883 2681/2681/1886
f 2798/2798/1992 2681/2681/1886 2799/2799/1993
f 2821/2821/2009 2822/2822/2009 2204/2204/1437
f 2821/2821/2009 2204/2204/1437 2203/2203/1437
s 0
f 2814/2814/2007 2817/2817/2007 2820/2820/2007
f 2814/2814/2007 2820/2820/2007 2815/2815/2007
s 1
f 2198/2198/1432 2651/2651/1857 2696/2696/1901
f 2198/2198/1432 2696/2696/1901 2199/2199/1433
f 2823/2823/2008 2824/2824/2008 2822/2822/2008
s 0
f 2823/2823/2008 2822/2822/2008 2821/2821/2010
f 2813/2813/2008 2816/2816/2008 2824/2824/2008
f 2813/2813/2008 2824/2824/2008 2823/2823/2008
f 2818/2818/2011 2206/2206/2011 2208/2208/2011
f 2818/2818/2011 2208/2208/2011 2819/2819/2011
s 1
f 2346/2346/1573 2163/2163/1397 2165/2165/1399
f 2346/2346/1573 2165/2165/1399 2394/2394/1620
f 2139/2139/1373 2767/2767/1961 2825/2825/2012
f 2139/2139/1373 2825/2825/2012 2409/2409/1635
f 2457/2457/1678 2717/2717/1922 2716/2716/1921
f 2457/2457/1678 2716/2716/1921 2458/2458/1679
f 2256/2256/1487 2271/2271/1502 2273/2273/1504
f 2256/2256/1487 2273/2273/1504 2297/2297/1528
f 2760/2760/1955 2759/2759/1954 2637/2637/1844
f 2760/2760/1955 2637/2637/1844 2636/2636/1843
f 2706/2706/1911 2714/2714/1919 2707/2707/1912
f 2706/2706/1911 2707/2707/1912 2211/2211/1442
f 2481/2481/1699 2710/2710/1915 2719/2719/1924
f 2481/2481/1699 2719/2719/1924 2482/2482/1700
f 2715/2715/1920 2711/2711/1916 2714/2714/1919
f 2715/2715/1920 2714/2714/1919 2706/2706/1911
f 2408/2408/1634 2407/2407/1633 2710/2710/1915
f 2408/2408/1634 2710/2710/1915 2481/2481/1699
f 2772/2772/1966 2826/2826/2013 2669/2669/1874
f 2772/2772/1966 2669/2669/1874 2707/2707/1912
f 2826/2826/2013 2601/2601/1819 2600/2600/1818
f 2826/2826/2013 2600/2600/1818 2669/2669/1874
f 2827/2827/2014 2411/2411/1637 2410/2410/1636
f 2827/2827/2014 2410/2410/1636 2405/2405/1631
f 2825/2825/2012 2417/2417/1643 2406/2406/1632
f 2825/2825/2012 2406/2406/1632 2409/2409/1635
f 2404/2404/1630 2410/2410/1636 2413/2413/1639
f 2404/2404/1630 2413/2413/1639 2414/2414/1640
f 2419/2419/1645 2708/2708/1913 2407/2407/1633
f 2419/2419/1645 2407/2407/1633 2406/2406/1632
f 2827/2827/2014 2405/2405/1631 2366/2366/1592
f 2827/2827/2014 2366/2366/1592 2828/2828/2015
f 2829/2829/2016 2828/2828/2015 2366/2366/1592
f 2829/2829/2016 2366/2366/1592 2296/2296/1527
f 2829/2829/2016 2296/2296/1527 2277/2277/1508
f 2829/2829/2016 2277/2277/1508 2384/2384/1610
f 2230/2230/1461 2229/2229/1460 2600/2600/1818
f 2230/2230/1461 2600/2600/1818 2581/2581/1799
f 2753/2753/1948 2185/2185/1419 2187/2187/1421
f 2753/2753/1948 2187/2187/1421 2196/2196/1430
f 2286/2286/1517 2435/2435/1659 2164/2164/1398
f 2286/2286/1517 2164/2164/1398 2163/2163/1397
f 2589/2589/1807 2198/2198/1432 2200/2200/1434
f 2589/2589/1807 2200/2200/1434 2732/2732/1934
f 2297/2297/1528 2134/2134/1368 2136/2136/1370
f 2297/2297/1528 2136/2136/1370 2256/2256/1487
o barrel_low.001_M_WP_Revolver_0
v -0.133260 0.032965 -2.004865
v -0.133767 0.020832 -4.031154
v -0.133763 0.020944 -1.989041
v -0.052447 0.158783 -4.031154
v -0.059090 0.154735 -2.004865
v -0.048142 0.160359 -1.989041
v -0.133764 0.020901 -1.681300
v -0.129418 -0.007083 -1.222838
v -0.107412 -0.001402 -1.222838
v -0.111171 0.023623 -1.681300
v -0.111077 0.022111 -1.222838
v -0.052447 0.158783 -1.222838
v -0.025916 0.168495 -1.222838
v -0.048142 0.160359 -1.681151
v -0.133767 0.020832 -1.222838
v -0.039738 0.139254 -1.681145
v -0.020458 0.146408 -1.222838
v -0.042735 0.138254 -1.222830
v 0.124714 -0.011104 -2.038464
v 0.130327 0.012022 -2.038464
v 0.005863 0.016772 -2.038464
v -0.011425 0.147623 -2.038464
v -0.020458 0.146408 -2.038464
v -0.111076 0.022113 -2.038464
v -0.107412 -0.001401 -2.038464
v 0.100661 -0.051907 -2.038464
v 0.114697 -0.032690 -2.038464
v 0.107219 0.101775 -2.038464
v 0.100910 0.108352 -2.038464
v 0.131321 0.035797 -2.038464
v 0.127658 0.059311 -2.038464
v 0.083146 -0.068017 -2.038464
v -0.080416 0.109818 -2.038464
v -0.094452 0.090601 -2.038464
v -0.070740 -0.061583 -2.038464
v -0.051523 -0.075619 -2.038464
v 0.016964 -0.092243 -2.038464
v 0.040478 -0.088580 -2.038464
v -0.042594 0.138339 -2.038464
v -0.006812 -0.091250 -2.038464
v 0.119477 0.081657 -2.038464
v -0.099232 -0.023747 -2.038464
v -0.104469 0.069015 -2.038464
v -0.062901 0.125927 -2.038464
v 0.062824 -0.080399 -2.038464
v -0.110083 0.045889 -2.038464
v -0.086850 -0.044068 -2.038464
v -0.029937 -0.085636 -2.038464
v -0.025927 0.168466 -4.031154
v 0.162117 0.564022 -1.328196
v 0.132078 0.574523 -1.327065
v 0.161049 0.564395 -1.222838
v 0.124780 0.444241 -4.065330
v 0.095552 0.445577 -4.065330
v 0.094363 0.466637 -4.065522
v 0.239953 0.586112 -4.031153
v 0.224596 0.542180 -1.328196
v 0.224595 0.542180 -4.031153
v 0.132078 0.574523 -4.065522
v -0.009072 0.170760 -4.065522
v -0.009082 0.170730 -4.030913
v -0.031583 0.195235 -4.065522
v 0.094363 0.466637 -4.065522
v 0.100228 0.483417 -3.365406
v 0.100228 0.483417 -3.885490
v 0.177475 0.607953 -4.031153
v 0.193925 0.602202 -4.031153
v 0.162117 0.564022 -4.031153
v 0.254634 0.531679 -1.328196
v 0.224596 0.542180 -1.328196
v 0.224596 0.542180 -1.222838
v 0.179173 0.425225 -4.065330
v 0.216919 0.423793 -4.065522
v 0.202868 0.408061 -4.065330
v 0.254634 0.531679 -4.065522
v 0.118393 0.535377 -1.918160
v 0.132078 0.574523 -1.327065
v 0.117758 0.533560 -2.382067
v 0.113485 0.127916 -4.065522
v 0.146341 0.133035 -4.065522
v 0.113474 0.127886 -4.030913
v 0.216919 0.423793 -1.222838
v 0.222592 0.440022 -1.918160
v 0.222592 0.440022 -1.398252
v 0.118393 0.535377 -1.398252
v 0.239953 0.586112 -4.031153
v 0.224595 0.542180 -4.031153
v 0.223502 0.591863 -4.031153
v 0.231061 0.613483 -3.649334
v 0.231061 0.613483 -4.031153
v 0.239940 0.638884 -4.022007
v 0.254634 0.531679 -4.065522
v 0.240450 0.491104 -3.365406
v 0.240450 0.491104 -3.885490
v 0.094363 0.466637 -1.222838
v 0.127587 0.465248 -1.222838
v 0.161049 0.564395 -1.222838
v 0.216919 0.423793 -1.222838
v 0.224596 0.542180 -1.222838
v 0.190066 0.443407 -1.222838
v 0.159902 0.457404 -1.222838
v 0.132078 0.574523 -4.065522
v 0.117894 0.533948 -3.885490
v 0.117894 0.533948 -3.365406
v -0.011425 0.147623 -1.222838
v 0.067956 0.194391 -1.222838
v 0.048575 0.203385 -1.222838
v 0.088720 0.189351 -1.222838
v 0.113485 0.127916 -1.222838
v 0.100910 0.108352 -1.222838
v 0.010112 0.028926 -4.031155
v -0.037448 -0.107120 -4.031154
v -0.063075 -0.095227 -4.031154
v -0.085889 -0.078563 -4.031154
v -0.105015 -0.057769 -4.031154
v -0.119716 -0.033643 -4.031154
v -0.129428 -0.007113 -4.031154
v -0.133767 0.020832 -4.031154
v -0.132598 0.049030 -4.031154
v -0.125933 0.076485 -4.031154
v -0.114041 0.102112 -4.031154
v -0.097377 0.124927 -4.031154
v -0.076583 0.144052 -4.031154
v -0.052447 0.158783 -4.031154
v -0.025927 0.168466 -4.031154
v -0.009082 0.170730 -4.030913
v 0.017771 0.151117 -4.030913
v 0.047935 0.137119 -4.030913
v -0.009993 -0.113784 -4.031154
v 0.018235 -0.114964 -4.031154
v 0.046150 -0.110614 -4.031154
v 0.072681 -0.100902 -4.031154
v 0.096807 -0.086201 -4.031154
v 0.117601 -0.067076 -4.031154
v 0.134265 -0.044261 -4.031154
v 0.146157 -0.018634 -4.031154
v 0.152821 0.008821 -4.031154
v 0.154001 0.037049 -4.031154
v 0.149652 0.064964 -4.031154
v 0.139940 0.091494 -4.031154
v 0.125239 0.115620 -4.031154
v 0.113474 0.127886 -4.030913
v 0.080250 0.129275 -4.030913
v 0.094363 0.466637 -1.222838
v 0.161049 0.564395 -1.222838
v 0.132078 0.574523 -1.327065
v 0.254634 0.531679 -1.328196
v 0.224596 0.542180 -1.222838
v 0.216919 0.423793 -1.222838
v 0.177475 0.607953 -4.031153
v 0.162117 0.564022 -4.031153
v 0.162117 0.564022 -1.328196
v 0.152914 0.437414 -4.065330
v 0.240950 0.492533 -1.398252
v 0.240950 0.492533 -1.918160
v 0.254634 0.531679 -1.328196
v 0.240314 0.490716 -2.382067
v 0.240314 0.490716 -2.897043
v 0.222785 0.440573 -3.885490
v 0.222785 0.440573 -3.365406
v 0.216919 0.423793 -4.065522
v 0.223657 0.443069 -2.382067
v 0.223657 0.443069 -2.897043
v 0.117758 0.533560 -2.897043
v 0.101101 0.485913 -2.897043
v 0.100036 0.482866 -1.398252
v 0.100036 0.482866 -1.918160
v 0.094363 0.466637 -1.222838
v 0.101101 0.485913 -2.382067
v 0.216220 0.665978 -4.002187
v 0.210363 0.649224 -4.022007
v 0.201484 0.623823 -3.649334
v 0.245798 0.655638 -4.002187
v 0.201484 0.623823 -4.031153
v -0.105015 -0.057769 -4.031154
v -0.105005 -0.057739 -1.222838
v -0.119706 -0.033613 -1.222838
v -0.119716 -0.033643 -4.031154
v 0.139940 0.091494 -4.031154
v 0.139950 0.091524 -1.222838
v 0.149662 0.064994 -1.222838
v 0.149652 0.064964 -4.031154
v 0.046150 -0.110614 -4.031154
v 0.046161 -0.110585 -1.222838
v 0.018245 -0.114934 -1.222838
v 0.018235 -0.114964 -4.031154
v -0.111170 0.023679 -1.989041
v -0.107412 -0.001401 -2.038464
v -0.111076 0.022113 -2.038464
v -0.110662 0.032020 -2.004865
v -0.069676 0.148285 -1.222838
v -0.069539 0.148368 -1.649894
v -0.058384 0.128693 -1.649855
v -0.058205 0.128792 -1.222822
v 0.030279 0.450087 -4.065522
v 0.030279 0.450087 -1.222838
v 0.061506 0.461518 -1.222838
v 0.061506 0.461518 -4.065522
v -0.114030 0.102142 -2.018544
v -0.097367 0.124957 -2.017509
v -0.097377 0.124927 -4.031154
v -0.114041 0.102112 -4.031154
v 0.117601 -0.067076 -4.031154
v 0.134265 -0.044261 -4.031154
v 0.134275 -0.044231 -1.222838
v 0.117611 -0.067046 -1.222838
v 0.154001 0.037049 -4.031154
v 0.154012 0.037078 -1.222838
v 0.152832 0.008851 -1.222838
v 0.152821 0.008821 -4.031154
v 0.230440 0.184281 -4.065522
v 0.250054 0.211134 -4.065522
v 0.250054 0.211134 -1.222838
v 0.230440 0.184281 -1.222838
v 0.072681 -0.100902 -4.031154
v 0.072691 -0.100873 -1.222838
v -0.009993 -0.113784 -4.031154
v -0.009982 -0.113754 -1.222838
v -0.037437 -0.107090 -1.222838
v -0.037448 -0.107120 -4.031154
v -0.129428 -0.007113 -4.031154
v 0.096807 -0.086201 -4.031154
v 0.096817 -0.086172 -1.222838
v -0.063075 -0.095227 -4.031154
v -0.063064 -0.095197 -1.222838
v 0.146167 -0.018604 -1.222838
v 0.146157 -0.018634 -4.031154
v -0.125923 0.076515 -2.017189
v -0.125933 0.076485 -4.031154
v -0.132598 0.049030 -4.031154
v -0.132587 0.049060 -2.010265
v -0.085879 -0.078534 -1.222838
v -0.085889 -0.078563 -4.031154
v 0.125239 0.115620 -4.031154
v 0.125249 0.115650 -1.222838
v -0.076583 0.144052 -4.031154
v -0.076572 0.144082 -2.011744
v 0.239430 0.399318 -4.065522
v 0.216919 0.423793 -4.065522
v 0.216919 0.423793 -1.222838
v 0.239430 0.399318 -1.222838
v 0.264051 0.241298 -4.065522
v 0.264051 0.241298 -1.222838
v 0.256734 0.370921 -1.222838
v 0.256734 0.370921 -4.065522
v -0.009072 0.170760 -1.222838
v -0.009082 0.170730 -4.030913
v 0.017781 0.151146 -4.065522
v 0.047945 0.137149 -4.065522
v 0.047935 0.137119 -4.030913
v 0.017771 0.151117 -4.030913
v 0.080260 0.129305 -4.065522
v 0.080250 0.129275 -4.030913
v 0.047945 0.137149 -4.065522
v 0.047935 0.137119 -4.030913
v -0.069539 0.148368 -1.649894
v -0.069676 0.148285 -1.222838
v -0.058205 0.128792 -1.222822
v -0.058384 0.128693 -1.649855
v -0.029937 -0.085636 -2.038464
v -0.051523 -0.075619 -2.038464
v -0.051523 -0.075619 -1.222838
v -0.029937 -0.085636 -1.222838
v -0.070740 -0.061583 -2.038464
v -0.070740 -0.061583 -1.222838
v -0.086850 -0.044068 -2.038464
v -0.086849 -0.044068 -1.222838
v -0.099232 -0.023747 -2.038464
v -0.099232 -0.023747 -1.222838
v -0.104469 0.069015 -2.038464
v -0.104403 0.069197 -2.017189
v -0.110021 0.046276 -2.010265
v -0.110083 0.045889 -2.038464
v -0.094448 0.090608 -2.018544
v -0.094452 0.090601 -2.038464
v -0.080522 0.109697 -2.017509
v -0.080416 0.109818 -2.038464
v -0.063185 0.125706 -2.011744
v -0.062901 0.125927 -2.038464
v -0.042594 0.138339 -2.038464
v -0.048186 0.134899 -2.004914
v -0.020458 0.146408 -2.038464
v -0.011425 0.147623 -2.038464
v -0.011425 0.147623 -1.222838
v -0.006811 -0.091250 -1.222838
v -0.006812 -0.091250 -2.038464
v 0.016964 -0.092243 -1.222838
v 0.016964 -0.092243 -2.038464
v 0.040478 -0.088580 -1.222838
v 0.040478 -0.088580 -2.038464
v 0.062824 -0.080399 -1.222838
v 0.062824 -0.080399 -2.038464
v 0.083146 -0.068017 -1.222838
v 0.083146 -0.068017 -2.038464
v 0.100661 -0.051907 -1.222838
v 0.100661 -0.051907 -2.038464
v 0.114697 -0.032690 -1.222838
v 0.114697 -0.032690 -2.038464
v 0.124714 -0.011104 -1.222838
v 0.124714 -0.011104 -2.038464
v 0.130327 0.012022 -1.222838
v 0.130327 0.012022 -2.038464
v 0.131321 0.035797 -1.222838
v 0.131321 0.035797 -2.038464
v 0.127658 0.059311 -1.222838
v 0.127658 0.059311 -2.038464
v 0.119477 0.081657 -1.222838
v 0.119477 0.081657 -2.038464
v 0.107219 0.101775 -1.222838
v 0.107219 0.101775 -2.038464
v 0.100910 0.108352 -1.222838
v 0.100910 0.108352 -2.038464
v -0.132739 0.045431 -1.649894
v -0.132738 0.045449 -1.222838
v -0.110140 0.044504 -1.222838
v -0.110141 0.044486 -1.649894
v -0.011425 0.147623 -2.038464
v 0.100910 0.108352 -2.038464
v 0.100910 0.108352 -1.222838
v -0.011425 0.147623 -1.222838
v -0.039894 0.139234 -1.989054
v -0.110141 0.044486 -1.649894
v -0.110140 0.044504 -1.222838
v 0.046161 -0.110585 -1.222838
v 0.072691 -0.100873 -1.222838
v 0.062824 -0.080399 -1.222838
v 0.040478 -0.088580 -1.222838
v 0.149662 0.064994 -1.222838
v 0.139950 0.091524 -1.222838
v 0.119477 0.081657 -1.222838
v 0.127658 0.059311 -1.222838
v -0.063064 -0.095197 -1.222838
v -0.037437 -0.107090 -1.222838
v -0.029937 -0.085636 -1.222838
v -0.051523 -0.075619 -1.222838
v -0.085879 -0.078534 -1.222838
v -0.070740 -0.061583 -1.222838
v 0.096817 -0.086172 -1.222838
v 0.083146 -0.068017 -1.222838
v 0.125249 0.115650 -1.222838
v 0.107219 0.101775 -1.222838
v -0.133764 0.020901 -1.681300
v -0.132739 0.045431 -1.649894
v -0.110141 0.044486 -1.649894
v -0.111171 0.023623 -1.681300
v -0.052447 0.158783 -1.222838
v -0.069676 0.148285 -1.222838
v -0.058205 0.128792 -1.222822
v -0.042735 0.138254 -1.222830
v -0.009982 -0.113754 -1.222838
v -0.006811 -0.091250 -1.222838
v 0.117611 -0.067046 -1.222838
v 0.100661 -0.051907 -1.222838
v -0.048142 0.160359 -1.681151
v -0.048142 0.160359 -1.989041
v -0.039894 0.139234 -1.989054
v -0.039738 0.139254 -1.681145
v -0.133763 0.020944 -1.989041
v -0.133764 0.020901 -1.681300
v -0.111171 0.023623 -1.681300
v -0.111170 0.023679 -1.989041
v -0.105005 -0.057739 -1.222838
v -0.086849 -0.044068 -1.222838
v -0.025916 0.168495 -1.222838
v -0.020458 0.146408 -1.222838
v 0.134275 -0.044231 -1.222838
v 0.114697 -0.032690 -1.222838
v -0.132587 0.049060 -2.010265
v -0.133260 0.032965 -2.004865
v -0.110662 0.032020 -2.004865
v -0.110021 0.046276 -2.010265
v -0.132738 0.045449 -1.222838
v -0.133767 0.020832 -1.222838
v -0.111077 0.022111 -1.222838
v -0.110140 0.044504 -1.222838
v -0.114030 0.102142 -2.018544
v -0.125923 0.076515 -2.017189
v -0.104403 0.069197 -2.017189
v -0.094448 0.090608 -2.018544
v -0.119706 -0.033613 -1.222838
v -0.099232 -0.023747 -1.222838
v -0.009072 0.170760 -1.222838
v 0.146167 -0.018604 -1.222838
v 0.124714 -0.011104 -1.222838
v -0.133763 0.020944 -1.989041
v -0.111170 0.023679 -1.989041
v -0.076572 0.144082 -2.011744
v -0.097367 0.124957 -2.017509
v -0.080522 0.109697 -2.017509
v -0.063185 0.125706 -2.011744
v -0.048142 0.160359 -1.989041
v -0.059090 0.154735 -2.004865
v -0.048186 0.134899 -2.004914
v -0.039894 0.139234 -1.989054
v -0.129418 -0.007083 -1.222838
v -0.107412 -0.001402 -1.222838
v 0.152832 0.008851 -1.222838
v 0.130327 0.012022 -1.222838
v 0.018245 -0.114934 -1.222838
v 0.016964 -0.092243 -1.222838
v 0.154012 0.037078 -1.222838
v 0.131321 0.035797 -1.222838
v -0.069539 0.148368 -1.649894
v -0.048142 0.160359 -1.681151
v -0.039738 0.139254 -1.681145
v -0.058384 0.128693 -1.649855
v -0.132738 0.045449 -1.222838
v -0.132739 0.045431 -1.649894
v -0.004895 0.291134 -1.222838
v -0.001606 0.270023 -1.222838
v -0.001606 0.270023 -4.092033
v -0.004895 0.291134 -4.092033
v 0.005739 0.249959 -1.222838
v 0.005739 0.249959 -4.092033
v 0.016857 0.231713 -1.222838
v 0.016857 0.231713 -4.092033
v 0.031321 0.215987 -1.222838
v 0.031321 0.215987 -4.092033
v 0.048575 0.203385 -1.222838
v 0.048575 0.203385 -4.092033
v 0.067956 0.194391 -1.222838
v 0.067956 0.194391 -4.092033
v 0.139892 0.400164 -1.222838
v 0.120165 0.404953 -1.222838
v 0.120165 0.404953 -4.092033
v 0.139892 0.400164 -4.092033
v 0.097781 0.406097 -1.222838
v 0.097781 0.406097 -4.092033
v 0.076669 0.402807 -1.222838
v 0.076669 0.402807 -4.092033
v 0.056605 0.395463 -1.222838
v 0.056605 0.395462 -4.092033
v 0.038359 0.384344 -1.222838
v 0.038359 0.384344 -4.092033
v 0.022633 0.369880 -1.222838
v 0.022633 0.369880 -4.092033
v 0.010031 0.352626 -1.222838
v 0.010031 0.352626 -4.092033
v 0.001037 0.333245 -1.222838
v 0.001037 0.333245 -4.092033
v -0.004003 0.312482 -1.222838
v -0.004003 0.312482 -4.092033
v -0.048887 0.223632 -1.222838
v -0.048887 0.223632 -4.065522
v -0.031583 0.195235 -1.222838
v -0.060318 0.254859 -4.065522
v -0.060318 0.254859 -1.222838
v -0.065437 0.287716 -4.065522
v -0.065437 0.287716 -1.222838
v -0.064048 0.320940 -4.065522
v -0.064048 0.320940 -1.222838
v -0.056204 0.353255 -4.065522
v -0.056204 0.353255 -1.222838
v -0.042207 0.383419 -4.065522
v -0.042206 0.383419 -1.222838
v -0.022593 0.410272 -4.065522
v -0.022593 0.410272 -1.222838
v 0.001882 0.432783 -4.065522
v 0.001882 0.432783 -1.222838
v 0.271895 0.273613 -4.065522
v 0.271895 0.273613 -1.222838
v 0.028501 0.169331 -4.065330
v 0.054911 0.157075 -4.065330
v 0.047945 0.137149 -4.065522
v 0.017781 0.151146 -4.065522
v 0.004989 0.186504 -4.065330
v -0.009072 0.170760 -4.065522
v -0.014721 0.207933 -4.065330
v -0.031583 0.195235 -4.065522
v -0.029871 0.232796 -4.065330
v -0.048887 0.223632 -4.065522
v -0.039880 0.260137 -4.065330
v -0.060318 0.254859 -4.065522
v -0.044363 0.288905 -4.065330
v -0.065437 0.287716 -4.065522
v -0.043147 0.317996 -4.065330
v -0.064048 0.320940 -4.065522
v -0.036280 0.346290 -4.065330
v -0.056204 0.353255 -4.065522
v -0.024025 0.372701 -4.065330
v -0.042207 0.383419 -4.065522
v -0.006853 0.396214 -4.065330
v -0.022593 0.410272 -4.065522
v 0.014577 0.415926 -4.065330
v 0.001882 0.432783 -4.065522
v 0.039440 0.431078 -4.065330
v 0.030279 0.450087 -4.065522
v 0.066781 0.441090 -4.065330
v 0.061506 0.461518 -4.065522
v 0.066781 0.441090 -4.065330
v 0.095552 0.445577 -4.065330
v 0.095552 0.445577 -4.092225
v 0.066781 0.441090 -4.092225
v -0.029871 0.232796 -4.065330
v -0.039880 0.260137 -4.065330
v -0.039880 0.260137 -4.092225
v -0.029871 0.232796 -4.092225
v 0.039440 0.431078 -4.065330
v 0.039440 0.431078 -4.092225
v -0.014721 0.207933 -4.065330
v -0.014721 0.207933 -4.092225
v 0.014577 0.415926 -4.065330
v 0.014577 0.415926 -4.092225
v 0.004989 0.186504 -4.065330
v 0.004989 0.186504 -4.092225
v -0.006853 0.396214 -4.065330
v -0.006853 0.396214 -4.092225
v 0.028501 0.169331 -4.065330
v 0.028501 0.169331 -4.092225
v 0.169488 0.210211 -4.092033
v 0.193267 0.178632 -4.092225
v 0.168404 0.163482 -4.092225
v 0.151243 0.199093 -4.092033
v -0.044363 0.288905 -4.065330
v -0.044363 0.288905 -4.092225
v 0.124780 0.444241 -4.065330
v 0.124780 0.444241 -4.092225
v -0.043147 0.317996 -4.065330
v -0.043147 0.317996 -4.092225
v -0.036280 0.346290 -4.065330
v -0.036280 0.346290 -4.092225
v 0.152914 0.437414 -4.065330
v 0.152914 0.437414 -4.092225
v -0.024025 0.372701 -4.065330
v -0.024025 0.372701 -4.092225
v 0.054911 0.157075 -4.065330
v 0.054911 0.157075 -4.092225
v 0.131740 0.475202 -2.857045
v 0.131740 0.475202 -2.422065
v 0.162379 0.464491 -2.433029
v 0.162379 0.464491 -2.846081
v 0.130868 0.472706 -3.847303
v 0.130868 0.472706 -3.403593
v 0.161507 0.461995 -3.413262
v 0.161507 0.461995 -3.837634
v -0.009072 0.170760 -1.222838
v 0.162117 0.564022 -4.031153
v 0.224595 0.542180 -4.031153
v 0.254634 0.531679 -4.065522
v 0.132078 0.574523 -4.065522
v 0.149032 0.524666 -1.433625
v 0.149032 0.524666 -1.882787
v 0.179671 0.513955 -1.871596
v 0.179671 0.513955 -1.444816
v 0.149032 0.524666 -1.882787
v 0.130675 0.472155 -1.882787
v 0.161314 0.461444 -1.871596
v 0.179671 0.513955 -1.871596
v 0.148397 0.522849 -2.422065
v 0.148397 0.522849 -2.857045
v 0.179036 0.512138 -2.846081
v 0.179036 0.512138 -2.433029
v 0.130675 0.472155 -1.433625
v 0.149032 0.524666 -1.433625
v 0.179671 0.513955 -1.444816
v 0.161314 0.461444 -1.444816
v 0.148533 0.523237 -3.847303
v 0.130868 0.472706 -3.847303
v 0.161507 0.461995 -3.837634
v 0.179172 0.512526 -3.837634
v 0.148397 0.522849 -2.857045
v 0.131740 0.475202 -2.857045
v 0.162379 0.464491 -2.846081
v 0.179036 0.512138 -2.846081
v 0.130868 0.472706 -3.403593
v 0.148533 0.523237 -3.403593
v 0.179172 0.512526 -3.413262
v 0.161507 0.461995 -3.413262
v 0.131740 0.475202 -2.422065
v 0.148397 0.522849 -2.422065
v 0.179036 0.512138 -2.433029
v 0.162379 0.464491 -2.433029
v 0.101101 0.485913 -2.382067
v 0.117758 0.533560 -2.382067
v 0.117758 0.533560 -2.897043
v 0.101101 0.485913 -2.897043
v 0.117758 0.533560 -2.382067
v 0.117758 0.533560 -2.897043
v 0.101101 0.485913 -2.897043
v 0.101101 0.485913 -2.382067
v 0.100228 0.483417 -3.365406
v 0.117894 0.533948 -3.365406
v 0.117894 0.533948 -3.885490
v 0.100228 0.483417 -3.885490
v 0.100228 0.483417 -3.885490
v 0.100228 0.483417 -3.365406
v 0.130675 0.472155 -1.882787
v 0.130675 0.472155 -1.433625
v 0.161314 0.461444 -1.444816
v 0.161314 0.461444 -1.871596
v 0.100036 0.482866 -1.398252
v 0.118393 0.535377 -1.398252
v 0.118393 0.535377 -1.918160
v 0.100036 0.482866 -1.918160
v 0.118393 0.535377 -1.398252
v 0.118393 0.535377 -1.918160
v 0.117894 0.533948 -3.365406
v 0.117894 0.533948 -3.885490
v 0.148533 0.523237 -3.847303
v 0.148533 0.523237 -3.403593
v 0.179172 0.512526 -3.837634
v 0.179172 0.512526 -3.413262
v 0.201484 0.623823 -4.031153
v 0.231061 0.613483 -4.031153
v 0.221209 0.585303 -3.649334
v 0.191632 0.595642 -3.649334
v 0.162117 0.564022 -1.328196
v 0.224596 0.542180 -1.328196
v 0.239953 0.586112 -4.031153
v 0.223502 0.591863 -4.031153
v 0.193925 0.602202 -4.031153
v 0.191632 0.595642 -3.649334
v 0.247404 0.660234 -3.980155
v 0.217827 0.670574 -3.980155
v 0.217827 0.670574 -3.922545
v 0.247404 0.660234 -3.922545
v 0.244312 0.651389 -3.835670
v 0.214735 0.661729 -3.835670
v 0.231061 0.613483 -3.649334
v 0.201484 0.623823 -3.649334
v 0.245798 0.655638 -4.002187
v 0.216220 0.665978 -4.002187
v 0.239940 0.638884 -4.022007
v 0.210363 0.649224 -4.022007
v 0.185215 0.224675 -1.222838
v 0.185215 0.224675 -4.092033
v 0.169488 0.210211 -4.092033
v 0.169489 0.210211 -1.222838
v 0.151243 0.199093 -4.092033
v 0.151243 0.199093 -1.222838
v 0.131179 0.191748 -4.092033
v 0.131179 0.191748 -1.222838
v 0.110067 0.188458 -4.092033
v 0.110067 0.188459 -1.222838
v 0.088719 0.189351 -4.092033
v 0.088720 0.189351 -1.222838
v 0.067956 0.194391 -4.092033
v 0.067956 0.194391 -1.222838
v 0.158305 0.391619 -4.092033
v 0.158306 0.391619 -1.222838
v 0.176527 0.378568 -4.092033
v 0.176527 0.378568 -1.222838
v 0.190991 0.362842 -4.092033
v 0.190991 0.362842 -1.222838
v 0.202109 0.344596 -4.092033
v 0.202109 0.344597 -1.222838
v 0.209454 0.324532 -4.092033
v 0.209454 0.324532 -1.222838
v 0.212743 0.303421 -4.092033
v 0.212743 0.303421 -1.222838
v 0.211851 0.282073 -4.092033
v 0.211851 0.282073 -1.222838
v 0.206811 0.261310 -4.092033
v 0.206811 0.261310 -1.222838
v 0.197817 0.241929 -4.092033
v 0.197817 0.241929 -1.222838
v 0.273284 0.306838 -4.065522
v 0.268165 0.339694 -4.065522
v 0.268165 0.339694 -1.222838
v 0.273284 0.306838 -1.222838
v 0.177568 0.144466 -4.065522
v 0.205965 0.161770 -4.065522
v 0.205965 0.161770 -1.222838
v 0.177568 0.144466 -1.222838
v 0.113474 0.127886 -4.030913
v 0.113485 0.127916 -1.222838
v 0.146342 0.133035 -1.222838
v 0.083205 0.150207 -4.065330
v 0.080260 0.129305 -4.065522
v 0.112295 0.148991 -4.065330
v 0.113485 0.127916 -4.065522
v 0.141063 0.153473 -4.065330
v 0.146341 0.133035 -4.065522
v 0.168404 0.163482 -4.065330
v 0.177568 0.144466 -4.065522
v 0.193267 0.178632 -4.065330
v 0.205965 0.161770 -4.065522
v 0.214697 0.198342 -4.065330
v 0.230440 0.184281 -4.065522
v 0.231871 0.221853 -4.065330
v 0.250054 0.211134 -4.065522
v 0.244127 0.248264 -4.065330
v 0.264051 0.241298 -4.065522
v 0.250996 0.276558 -4.065330
v 0.271895 0.273613 -4.065522
v 0.252213 0.305648 -4.065330
v 0.273284 0.306838 -4.065522
v 0.247732 0.334418 -4.065330
v 0.268165 0.339694 -4.065522
v 0.237725 0.361761 -4.065330
v 0.256734 0.370921 -4.065522
v 0.222576 0.386627 -4.065330
v 0.239430 0.399318 -4.065522
v 0.222576 0.386627 -4.065330
v 0.222576 0.386627 -4.092225
v 0.202868 0.408061 -4.092225
v 0.202868 0.408061 -4.065330
v 0.168404 0.163482 -4.065330
v 0.168404 0.163482 -4.092225
v 0.193267 0.178632 -4.092225
v 0.193267 0.178632 -4.065330
v 0.237725 0.361761 -4.065330
v 0.237725 0.361761 -4.092225
v 0.141063 0.153473 -4.065330
v 0.141063 0.153473 -4.092225
v 0.247732 0.334418 -4.065330
v 0.247732 0.334418 -4.092225
v 0.112295 0.148991 -4.065330
v 0.112295 0.148991 -4.092225
v 0.252213 0.305648 -4.065330
v 0.252213 0.305648 -4.092225
v 0.083205 0.150207 -4.065330
v 0.083205 0.150207 -4.092225
v 0.048575 0.203385 -4.092033
v 0.067956 0.194391 -4.092033
v 0.054911 0.157075 -4.092225
v 0.028501 0.169331 -4.092225
v -0.001606 0.270023 -4.092033
v 0.005739 0.249959 -4.092033
v -0.029871 0.232796 -4.092225
v -0.039880 0.260137 -4.092225
v 0.185215 0.224675 -4.092033
v 0.214697 0.198342 -4.092225
v 0.197817 0.241929 -4.092033
v 0.231871 0.221853 -4.092225
v 0.206811 0.261310 -4.092033
v 0.244127 0.248264 -4.092225
v 0.211851 0.282073 -4.092033
v 0.250996 0.276558 -4.092225
v 0.212743 0.303421 -4.092033
v 0.252213 0.305648 -4.092225
v 0.209454 0.324532 -4.092033
v 0.247732 0.334418 -4.092225
v 0.202109 0.344596 -4.092033
v 0.237725 0.361761 -4.092225
v 0.190991 0.362842 -4.092033
v 0.222576 0.386627 -4.092225
v 0.176527 0.378568 -4.092033
v 0.202868 0.408061 -4.092225
v 0.158305 0.391619 -4.092033
v 0.179173 0.425225 -4.092225
v 0.097781 0.406097 -4.092033
v 0.076669 0.402807 -4.092033
v 0.066781 0.441090 -4.092225
v 0.095552 0.445577 -4.092225
v 0.120165 0.404953 -4.092033
v 0.124780 0.444241 -4.092225
v 0.139892 0.400164 -4.092033
v 0.152914 0.437414 -4.092225
v 0.214697 0.198342 -4.092225
v 0.214697 0.198342 -4.065330
v 0.179173 0.425225 -4.092225
v 0.179173 0.425225 -4.065330
v 0.231871 0.221853 -4.092225
v 0.231871 0.221853 -4.065330
v 0.244127 0.248264 -4.092225
v 0.244127 0.248264 -4.065330
v 0.250996 0.276558 -4.092225
v 0.250996 0.276558 -4.065330
v 0.054911 0.157075 -4.065330
v 0.054911 0.157075 -4.092225
v 0.193018 0.453780 -2.857045
v 0.193018 0.453780 -2.422065
v 0.192146 0.451284 -3.847303
v 0.192146 0.451284 -3.403593
v 0.113485 0.127916 -1.222838
v 0.210311 0.503244 -1.433625
v 0.210311 0.503244 -1.882787
v 0.100036 0.482866 -1.918160
v 0.100036 0.482866 -1.398252
v 0.210311 0.503244 -1.882787
v 0.191953 0.450733 -1.882787
v 0.209675 0.501427 -2.422065
v 0.209675 0.501427 -2.857045
v 0.191953 0.450733 -1.433625
v 0.210311 0.503244 -1.433625
v 0.209811 0.501815 -3.847303
v 0.192146 0.451284 -3.847303
v 0.209675 0.501427 -2.857045
v 0.193018 0.453780 -2.857045
v 0.192146 0.451284 -3.403593
v 0.209811 0.501815 -3.403593
v 0.193018 0.453780 -2.422065
v 0.209675 0.501427 -2.422065
v 0.223657 0.443069 -2.382067
v 0.240314 0.490716 -2.382067
v 0.240314 0.490716 -2.897043
v 0.223657 0.443069 -2.897043
v 0.240314 0.490716 -2.382067
v 0.240314 0.490716 -2.897043
v 0.223657 0.443069 -2.897043
v 0.223657 0.443069 -2.382067
v 0.222785 0.440573 -3.365406
v 0.240450 0.491104 -3.365406
v 0.240450 0.491104 -3.885490
v 0.222785 0.440573 -3.885490
v 0.222785 0.440573 -3.885490
v 0.222785 0.440573 -3.365406
v 0.191953 0.450733 -1.882787
v 0.191953 0.450733 -1.433625
v 0.222592 0.440022 -1.398252
v 0.240950 0.492533 -1.398252
v 0.240950 0.492533 -1.918160
v 0.222592 0.440022 -1.918160
v 0.240950 0.492533 -1.398252
v 0.240950 0.492533 -1.918160
v 0.240450 0.491104 -3.365406
v 0.209811 0.501815 -3.403593
v 0.209811 0.501815 -3.847303
v 0.240450 0.491104 -3.885490
v 0.223502 0.591863 -4.031153
v 0.221209 0.585303 -3.649334
v 0.222592 0.440022 -1.918160
v 0.222592 0.440022 -1.398252
v 0.139892 0.400164 -1.222838
v 0.158306 0.391619 -1.222838
v 0.120165 0.404953 -1.222838
v 0.176527 0.378568 -1.222838
v 0.239430 0.399318 -1.222838
v 0.190991 0.362842 -1.222838
v 0.256734 0.370921 -1.222838
v 0.202109 0.344597 -1.222838
v 0.268165 0.339694 -1.222838
v 0.209454 0.324532 -1.222838
v 0.273284 0.306838 -1.222838
v 0.212743 0.303421 -1.222838
v 0.271895 0.273613 -1.222838
v 0.211851 0.282073 -1.222838
v 0.264051 0.241298 -1.222838
v 0.206811 0.261310 -1.222838
v 0.250054 0.211134 -1.222838
v 0.197817 0.241929 -1.222838
v 0.097781 0.406097 -1.222838
v 0.061506 0.461518 -1.222838
v 0.076669 0.402807 -1.222838
v 0.030279 0.450087 -1.222838
v 0.056605 0.395463 -1.222838
v 0.001882 0.432783 -1.222838
v 0.038359 0.384344 -1.222838
v -0.022593 0.410272 -1.222838
v 0.022633 0.369880 -1.222838
v -0.042206 0.383419 -1.222838
v 0.010031 0.352626 -1.222838
v -0.056204 0.353255 -1.222838
v 0.001037 0.333245 -1.222838
v -0.064048 0.320940 -1.222838
v -0.004003 0.312482 -1.222838
v -0.065437 0.287716 -1.222838
v -0.004895 0.291134 -1.222838
v -0.060318 0.254859 -1.222838
v -0.001606 0.270023 -1.222838
v -0.048887 0.223632 -1.222838
v 0.005739 0.249959 -1.222838
v -0.031583 0.195235 -1.222838
v 0.016857 0.231713 -1.222838
v 0.230440 0.184281 -1.222838
v 0.185215 0.224675 -1.222838
v 0.205965 0.161770 -1.222838
v 0.169489 0.210211 -1.222838
v 0.177568 0.144466 -1.222838
v 0.151243 0.199093 -1.222838
v 0.146342 0.133035 -1.222838
v 0.131179 0.191748 -1.222838
v 0.110067 0.188459 -1.222838
v 0.031321 0.215987 -1.222838
v 0.141063 0.153473 -4.092225
v 0.131179 0.191748 -4.092033
v 0.112295 0.148991 -4.092225
v 0.110067 0.188458 -4.092033
v 0.056605 0.395462 -4.092033
v 0.039440 0.431078 -4.092225
v 0.038359 0.384344 -4.092033
v 0.022633 0.369880 -4.092033
v -0.006853 0.396214 -4.092225
v 0.014577 0.415926 -4.092225
v 0.010031 0.352626 -4.092033
v -0.024025 0.372701 -4.092225
v -0.004003 0.312482 -4.092033
v -0.004895 0.291134 -4.092033
v -0.044363 0.288905 -4.092225
v -0.043147 0.317996 -4.092225
v 0.001037 0.333245 -4.092033
v -0.036280 0.346290 -4.092225
v 0.016857 0.231713 -4.092033
v -0.014721 0.207933 -4.092225
v 0.031321 0.215987 -4.092033
v 0.004989 0.186504 -4.092225
v 0.088719 0.189351 -4.092033
v 0.083205 0.150207 -4.092225
v 0.221209 0.585303 -3.649334
v 0.231061 0.613483 -3.649334
v 0.201484 0.623823 -3.649334
v 0.191632 0.595642 -3.649334
v 0.094363 0.466637 -1.222838
v 0.094363 0.466637 -4.065522
v 0.193925 0.602202 -4.031153
v 0.177475 0.607953 -4.031153
v 0.214735 0.661729 -3.835670
v 0.217827 0.670574 -3.922545
v 0.217827 0.670574 -3.980155
v 0.247404 0.660234 -3.980155
v 0.247404 0.660234 -3.922545
v 0.244312 0.651389 -3.835670
vn -0.9991 0.0418 -0.0000
vn -0.9984 -0.0563 -0.0000
vn -0.9928 -0.1200 -0.0000
vn -0.4341 0.9009 -0.0000
vn -0.4787 0.8780 0.0002
vn -0.3630 0.9318 -0.0000
vn -0.9928 -0.1201 -0.0000
vn -0.9682 -0.2500 -0.0000
vn 0.9682 0.2500 0.0001
vn 0.9930 0.1177 -0.0000
vn 0.9985 0.0549 0.0001
vn -0.4259 0.9048 -0.0005
vn -0.2399 0.9708 -0.0000
vn -0.3719 0.9283 -0.0002
vn -0.9984 -0.0564 -0.0000
vn 0.3738 -0.9275 -0.0001
vn 0.2400 -0.9708 0.0001
vn 0.4273 -0.9041 0.0005
vn -0.0000 -0.0000 1.0000
vn -0.2400 0.9708 -0.0000
vn 0.3300 0.9440 -0.0000
vn 0.0012 -0.0029 -1.0000
vn 0.0005 -0.0091 -1.0000
vn 0.0026 -0.0058 -1.0000
vn 0.9440 -0.3300 -0.0000
vn 0.0005 -0.0015 -1.0000
vn -0.6661 -0.7458 -0.0008
vn -0.6903 -0.7235 -0.0004
vn -0.7990 -0.6014 -0.0002
vn -0.9440 0.3300 -0.0000
vn -0.0000 -0.0000 -1.0000
vn -0.0028 -0.0015 -1.0000
vn -0.0057 -0.0029 -1.0000
vn -0.0061 -0.0068 -1.0000
vn -0.0013 -0.0009 -1.0000
vn -0.9162 0.3935 0.0757
vn 0.0564 -0.9984 -0.0008
vn 0.2503 -0.9682 -0.0002
vn 0.0895 -0.9960 -0.0004
vn 0.9692 -0.2035 0.1386
vn 0.9215 0.3625 0.1392
vn 0.7551 0.1778 -0.6310
vn 0.0002 0.0006 -1.0000
vn 0.0069 0.0018 -1.0000
vn 0.0096 0.0030 -0.9999
vn 0.0012 0.0019 -1.0000
vn 0.0007 0.0020 -1.0000
vn -0.0043 0.0057 -1.0000
vn -0.0057 0.0083 -0.9999
vn 0.0003 0.0022 -1.0000
vn -0.8877 0.4403 0.1345
vn -0.7946 0.5420 0.2735
vn -0.9162 0.3936 0.0758
vn 0.9622 -0.2610 0.0772
vn 0.9582 -0.0621 0.2794
vn 0.9692 -0.2034 0.1387
vn -0.0005 -0.0014 -1.0000
vn 0.9622 -0.2611 0.0771
vn -0.8878 0.4402 0.1344
vn -0.3954 0.8512 -0.3451
vn -0.4799 0.6096 -0.6309
vn -0.4950 0.8577 0.1392
vn 0.8396 0.4194 -0.3452
vn -0.7988 -0.6016 -0.0000
vn -0.9008 -0.4341 -0.0000
vn 0.9008 0.4341 -0.0000
vn 0.9682 0.2501 -0.0000
vn 0.2501 -0.9682 -0.0000
vn 0.0564 -0.9984 -0.0000
vn 0.9908 0.1351 -0.0003
vn 0.9732 0.2302 -0.0004
vn 0.9992 0.0404 -0.0009
vn 0.9991 0.0435 -0.0010
vn -0.8659 -0.5002 0.0001
vn -0.8659 -0.5002 -0.0000
vn -0.4341 0.9008 -0.0000
vn -0.2501 0.9682 -0.0000
vn -0.8616 0.5075 -0.0000
vn -0.7411 0.6714 -0.0000
vn -0.7458 0.6661 -0.0000
vn -0.8615 0.5078 -0.0000
vn 0.7458 -0.6661 -0.0000
vn 0.8615 -0.5078 -0.0000
vn 0.9984 0.0564 -0.0000
vn 0.9902 -0.1395 -0.0000
vn 0.4341 -0.9008 -0.0000
vn -0.1395 -0.9902 -0.0000
vn -0.3300 -0.9440 -0.0000
vn -0.9683 -0.2498 -0.0000
vn 0.6016 -0.7988 -0.0000
vn -0.5078 -0.8615 -0.0000
vn -0.9468 0.3220 -0.0000
vn -0.9902 0.1393 -0.0000
vn -0.9925 0.1224 -0.0000
vn -0.6661 -0.7458 -0.0000
vn 0.7928 0.6095 -0.0000
vn 0.7925 0.6099 -0.0000
vn -0.6018 0.7986 -0.0000
vn -0.5888 0.8083 -0.0000
vn 0.7988 0.6016 -0.0000
vn 0.7360 0.6770 -0.0000
vn -0.1332 0.9911 -0.0000
vn -0.5078 -0.8615 -0.0009
vn -0.4209 -0.9071 -0.0009
vn -0.1395 -0.9902 -0.0009
vn -0.2359 -0.9718 -0.0009
vn -0.5037 0.8639 -0.0009
vn 0.5067 -0.8621 0.0007
vn 0.5078 0.8615 -0.0000
vn 0.6661 0.7458 -0.0000
vn 0.9439 -0.3302 0.0003
vn 0.9468 -0.3218 0.0002
vn 0.9925 -0.1220 -0.0003
vn 0.8617 -0.5074 0.0002
vn 0.8614 -0.5080 0.0006
vn 0.7410 -0.6715 0.0003
vn 0.7458 -0.6661 0.0005
vn 0.5888 -0.8083 -0.0004
vn 0.6022 -0.7984 -0.0003
vn 0.4433 -0.8963 -0.0026
vn 0.4328 -0.9015 -0.0029
vn 0.2541 -0.9672 -0.0015
vn 0.1332 -0.9911 -0.0000
vn 0.1395 0.9902 -0.0000
vn -0.0564 0.9984 -0.0000
vn -0.6016 0.7988 -0.0000
vn -0.9902 0.1395 -0.0000
vn -0.9682 -0.2501 -0.0000
vn -0.7925 -0.6099 -0.0000
vn -0.7217 -0.6922 -0.0000
vn 0.0418 0.9991 -0.0000
vn 0.3555 -0.9347 -0.0010
vn 0.9990 -0.0452 -0.0002
vn -0.0319 0.8106 -0.5848
vn -0.0319 0.8106 -0.5847
vn -0.0001 0.0005 1.0000
vn -0.0004 0.0006 1.0000
vn 0.0002 0.0005 1.0000
vn -0.9303 -0.3668 0.0002
vn -0.1196 0.9928 0.0001
vn -0.1202 0.9928 0.0002
vn 0.0001 0.0001 1.0000
vn -0.0000 0.0001 1.0000
vn 0.0003 0.0001 1.0000
vn 0.0425 0.2936 0.9550
vn -0.0030 0.6212 0.7836
vn -0.0029 0.6202 0.7844
vn 0.0429 0.2926 0.9553
vn -0.0009 0.0077 1.0000
vn 0.0399 0.1510 0.9877
vn 0.0398 0.1496 0.9879
vn 0.0001 0.0003 1.0000
vn -0.0334 0.8409 0.5401
vn -0.0333 0.8410 0.5400
vn -0.2247 -0.1645 0.9605
vn -0.0933 -0.0893 0.9916
vn -0.0926 -0.0887 0.9917
vn -0.2233 -0.1640 0.9609
vn -0.7476 -0.3504 0.5641
vn -0.5454 -0.2811 0.7896
vn -0.5405 -0.2793 0.7936
vn -0.7477 -0.3504 0.5641
vn -0.7269 -0.3493 -0.5913
vn 0.4209 0.9071 -0.0000
vn -0.1441 -0.9896 -0.0000
vn 0.0517 -0.9987 -0.0000
vn -0.7988 -0.6015 -0.0000
vn 0.0046 0.0079 -1.0000
vn 0.0030 0.0086 -1.0000
vn 0.0061 0.0068 -1.0000
vn 0.0073 0.0055 -1.0000
vn 0.0082 0.0040 -1.0000
vn 0.0088 0.0023 -1.0000
vn 0.0091 0.0005 -1.0000
vn 0.0090 -0.0013 -1.0000
vn 0.0086 -0.0030 -1.0000
vn 0.0078 -0.0046 -1.0000
vn 0.0079 -0.0046 -1.0000
vn 0.0068 -0.0061 -1.0000
vn 0.0055 -0.0073 -1.0000
vn 0.0040 -0.0082 -1.0000
vn 0.0023 -0.0088 -1.0000
vn -0.2502 0.9682 -0.0000
vn -0.0545 0.9985 -0.0000
vn -0.9008 -0.4342 -0.0000
vn -0.4342 0.9008 -0.0000
vn -0.7459 0.6661 -0.0000
vn -0.0025 0.0042 -1.0000
vn -0.0022 0.0043 -1.0000
vn 0.1414 0.9900 -0.0000
vn -0.4209 -0.9071 -0.0000
vn -0.7360 -0.6770 -0.0000
vn -0.5175 0.1809 0.8364
vn -0.5175 0.1809 -0.8364
vn -0.5157 0.1803 0.8376
vn -0.5388 0.1884 0.8211
vn -0.5157 0.1803 -0.8376
vn -0.5388 0.1884 -0.8211
vn -0.7330 0.2562 -0.6301
vn -0.7330 0.2562 0.6301
vn -0.7193 0.2514 -0.6476
vn -0.7193 0.2514 0.6476
vn -0.6955 0.2432 -0.6761
vn -0.6955 0.2432 0.6761
vn 0.0538 0.1540 -0.9866
vn 0.3180 0.9479 0.0172
vn 0.3418 0.9396 0.0172
vn 0.3301 0.9438 0.0171
vn 0.3299 0.9439 0.0171
vn 0.3121 0.9499 0.0173
vn 0.3281 0.9384 -0.1085
vn 0.3295 0.9426 0.0537
vn 0.8907 0.4400 0.1143
vn -0.4225 0.8991 0.1143
vn 0.9216 0.3623 0.1392
vn -0.4952 0.8576 0.1392
vn 0.8397 0.4193 -0.3451
vn -0.3956 0.8511 -0.3451
vn 0.7553 0.1778 -0.6309
vn -0.4800 0.6096 -0.6309
vn 0.2359 0.9718 -0.0000
vn -0.5038 -0.8638 -0.0000
vn -0.6627 -0.7489 -0.0000
vn 0.7217 0.6922 -0.0000
vn 0.0013 0.0090 -1.0000
vn -0.0005 0.0091 -1.0000
vn -0.0023 0.0088 -1.0000
vn -0.0040 0.0082 -1.0000
vn -0.0055 0.0073 -1.0000
vn -0.0068 0.0061 -1.0000
vn -0.0078 0.0046 -1.0000
vn -0.0079 0.0046 -1.0000
vn -0.0086 0.0030 -1.0000
vn -0.0090 0.0013 -1.0000
vn -0.0091 -0.0005 -1.0000
vn -0.0088 -0.0023 -1.0000
vn -0.0082 -0.0040 -1.0000
vn -0.0073 -0.0055 -1.0000
vn 0.7989 0.6015 -0.0000
vn 0.6647 0.7471 -0.0000
vn 0.6015 -0.7988 -0.0000
vn 0.9009 0.4341 -0.0000
vn 0.9682 0.2500 -0.0000
vn 0.9984 0.0563 -0.0000
vn 0.0025 0.0042 -1.0000
vn 0.0020 0.0044 -1.0000
vn 0.0022 0.0043 -1.0000
vn 0.0046 0.0017 -1.0000
vn 0.0044 0.0020 -1.0000
vn 0.0048 0.0010 -1.0000
vn 0.0044 0.0021 -1.0000
vn 0.0047 0.0012 -1.0000
vn -0.0033 0.0036 -1.0000
vn -0.0036 0.0032 -1.0000
vn -0.0035 0.0033 -1.0000
vn -0.0039 0.0029 -1.0000
vn -0.0043 0.0023 -1.0000
vn -0.0044 0.0021 -1.0000
vn -0.0047 0.0011 -1.0000
vn -0.0046 0.0015 -1.0000
vn -0.0048 0.0005 -1.0000
vn -0.0048 0.0007 -1.0000
vn -0.0048 -0.0003 -1.0000
vn -0.0047 -0.0012 -1.0000
vn -0.0044 -0.0021 -1.0000
vn -0.0045 -0.0019 -1.0000
vn -0.0042 -0.0025 -1.0000
vn -0.0040 -0.0028 -1.0000
vn -0.0032 -0.0036 -1.0000
vn -0.0034 -0.0035 -1.0000
vn -0.0038 -0.0030 -1.0000
vn -0.0036 -0.0033 -1.0000
vn -0.0028 -0.0039 -1.0000
vn -0.0028 -0.0040 -1.0000
vn 0.0002 -0.0048 -1.0000
vn 0.0008 -0.0048 -1.0000
vn 0.0011 -0.0047 -1.0000
vn 0.0003 -0.0048 -1.0000
vn -0.0007 -0.0048 -1.0000
vn -0.0014 -0.0047 -1.0000
vn -0.0016 -0.0046 -1.0000
vn -0.0023 -0.0043 -1.0000
vn -0.0021 -0.0044 -1.0000
vn 0.5062 0.8624 -0.0000
vn -0.2359 -0.9718 -0.0000
vn 0.1540 -0.9881 -0.0000
vn 0.5175 -0.1809 0.8364
vn 0.5175 -0.1809 -0.8364
vn 0.5157 -0.1803 0.8376
vn 0.5388 -0.1884 0.8211
vn 0.5157 -0.1803 -0.8376
vn 0.5388 -0.1884 -0.8211
vn 0.7330 -0.2562 -0.6301
vn 0.7330 -0.2562 0.6301
vn 0.7193 -0.2514 -0.6476
vn 0.7193 -0.2514 0.6476
vn 0.6955 -0.2432 -0.6761
vn 0.6955 -0.2432 0.6761
vn -0.0017 0.0046 -1.0000
vn -0.0020 0.0044 -1.0000
vn -0.0014 0.0047 -1.0000
vn -0.0013 0.0047 -1.0000
vn -0.0011 0.0047 -1.0000
vn -0.0004 0.0048 -1.0000
vn -0.0008 0.0048 -1.0000
vn 0.0013 -0.0047 -1.0000
vn 0.0019 -0.0045 -1.0000
vn 0.0023 -0.0043 -1.0000
vn 0.0017 -0.0046 -1.0000
vn 0.0030 -0.0038 -1.0000
vn 0.0033 -0.0036 -1.0000
vn 0.0035 -0.0033 -1.0000
vn 0.0025 -0.0042 -1.0000
vn 0.0028 -0.0040 -1.0000
vn 0.0039 -0.0029 -1.0000
vn 0.0042 -0.0025 -1.0000
vn 0.0043 -0.0023 -1.0000
vn 0.0049 -0.0002 -1.0000
vn 0.0047 -0.0012 -1.0000
vn 0.0045 -0.0018 -1.0000
vn 0.0048 -0.0007 -1.0000
vn 0.0046 -0.0016 -1.0000
vn 0.0048 0.0007 -1.0000
vn 0.0048 0.0004 -1.0000
vn 0.0039 0.0029 -1.0000
vn 0.0033 0.0035 -1.0000
vn 0.0031 0.0037 -1.0000
vn 0.0026 0.0041 -1.0000
vn 0.0029 0.0039 -1.0000
vn 0.0012 0.0047 -1.0000
vn 0.0007 0.0048 -1.0000
vn 0.0008 0.0048 -1.0000
vn 0.0002 0.0049 -1.0000
vn -0.0001 0.0049 -1.0000
vn -0.1540 0.9881 -0.0000
vn 0.3477 0.9375 0.0173
vn -0.4224 0.8992 0.1143
vn 0.8906 0.4402 0.1144
vt 0.295726 0.285611
vt 0.001953 0.287375
vt 0.298020 0.287355
vt 0.001953 0.262800
vt 0.295725 0.263923
vt 0.298019 0.262139
vt 0.342635 0.287361
vt 0.409102 0.291466
vt 0.887374 0.523864
vt 0.885203 0.483982
vt 0.885303 0.523862
vt 0.409104 0.262805
vt 0.409104 0.258709
vt 0.342657 0.262140
vt 0.409102 0.287370
vt 0.872815 0.484016
vt 0.871202 0.523890
vt 0.873266 0.523882
vt 0.088513 0.899895
vt 0.090573 0.899692
vt 0.087390 0.889335
vt 0.097638 0.884159
vt 0.097279 0.883452
vt 0.084472 0.879579
vt 0.082646 0.880555
vt 0.084472 0.899091
vt 0.086453 0.899692
vt 0.097279 0.895218
vt 0.097638 0.894511
vt 0.092554 0.899091
vt 0.094379 0.898115
vt 0.082646 0.898115
vt 0.092554 0.879579
vt 0.090573 0.878978
vt 0.078757 0.885294
vt 0.078156 0.887275
vt 0.078757 0.893376
vt 0.079733 0.895202
vt 0.095981 0.881866
vt 0.078156 0.891395
vt 0.095979 0.896802
vt 0.081046 0.881868
vt 0.088513 0.878775
vt 0.094379 0.880555
vt 0.081046 0.896802
vt 0.086453 0.878978
vt 0.079733 0.883468
vt 0.077953 0.889335
vt 0.001953 0.258706
vt 0.808357 0.601192
vt 0.812971 0.601028
vt 0.808521 0.585917
vt 0.560545 0.074119
vt 0.561761 0.070055
vt 0.558936 0.068884
vt 0.863831 0.582912
vt 0.863831 0.190980
vt 0.857085 0.582796
vt 0.542366 0.068884
vt 0.733365 0.998043
vt 0.733367 0.993026
vt 0.728544 0.998043
vt 0.834363 0.178574
vt 0.836941 0.280077
vt 0.836940 0.204675
vt 0.524933 0.900473
vt 0.527460 0.900473
vt 0.524933 0.893726
vt 0.794148 0.601192
vt 0.798761 0.601192
vt 0.798761 0.585917
vt 0.560545 0.082473
vt 0.558936 0.087707
vt 0.561761 0.086536
vt 0.542366 0.087707
vt 0.844921 0.489897
vt 0.850933 0.575594
vt 0.844642 0.422641
vt 0.788194 0.579660
vt 0.788194 0.574839
vt 0.783177 0.579662
vt 0.819222 0.585915
vt 0.821715 0.686724
vt 0.821714 0.611347
vt 0.844921 0.565273
vt 0.534529 0.900473
vt 0.534529 0.893726
vt 0.532003 0.900473
vt 0.343993 0.672836
vt 0.345000 0.617489
vt 0.341076 0.618744
vt 0.835791 0.998047
vt 0.829560 0.896544
vt 0.829560 0.971946
vt 0.815483 0.569748
vt 0.812711 0.570573
vt 0.812760 0.579676
vt 0.804190 0.569688
vt 0.806905 0.579644
vt 0.806953 0.570543
vt 0.809830 0.570842
vt 0.850933 0.178574
vt 0.844701 0.204675
vt 0.844701 0.280077
vt 0.815168 0.540514
vt 0.809960 0.546605
vt 0.811808 0.546797
vt 0.808109 0.546777
vt 0.804335 0.542423
vt 0.804817 0.540459
vt 0.836031 0.051447
vt 0.815137 0.051447
vt 0.815539 0.055523
vt 0.816728 0.059443
vt 0.818658 0.063055
vt 0.821257 0.066222
vt 0.824423 0.068820
vt 0.828040 0.070751
vt 0.831955 0.071940
vt 0.836031 0.072341
vt 0.840108 0.071940
vt 0.844027 0.070751
vt 0.847640 0.068820
vt 0.850810 0.066222
vt 0.853404 0.063056
vt 0.854520 0.060858
vt 0.853121 0.056245
vt 0.852648 0.051447
vt 0.815539 0.047371
vt 0.816728 0.043451
vt 0.818658 0.039839
vt 0.821257 0.036673
vt 0.824423 0.034074
vt 0.828035 0.032143
vt 0.831955 0.030954
vt 0.836031 0.030553
vt 0.840108 0.030954
vt 0.844027 0.032143
vt 0.847640 0.034074
vt 0.850806 0.036673
vt 0.853404 0.039839
vt 0.854520 0.042036
vt 0.853121 0.046649
vt 0.471269 0.759249
vt 0.459250 0.771492
vt 0.471269 0.781674
vt 0.259625 0.815487
vt 0.247484 0.825840
vt 0.259625 0.838023
vt 0.002007 0.116200
vt 0.002124 0.122946
vt 0.393939 0.116200
vt 0.560134 0.078296
vt 0.829779 0.611347
vt 0.829779 0.686723
vt 0.835792 0.601190
vt 0.829500 0.753980
vt 0.829500 0.828641
vt 0.821799 0.971946
vt 0.821799 0.896545
vt 0.819222 0.998046
vt 0.822182 0.753980
vt 0.822182 0.828641
vt 0.844642 0.347980
vt 0.837324 0.347980
vt 0.836856 0.565273
vt 0.836856 0.489897
vt 0.834363 0.590704
vt 0.837324 0.422641
vt 0.334092 0.964707
vt 0.336717 0.967533
vt 0.339635 0.913441
vt 0.338451 0.621570
vt 0.340642 0.968788
vt 0.001954 0.299667
vt 0.409102 0.299658
vt 0.409102 0.295562
vt 0.001953 0.295571
vt 0.001955 0.361107
vt 0.409104 0.361098
vt 0.409104 0.357002
vt 0.001955 0.357011
vt 0.001954 0.324243
vt 0.409102 0.324234
vt 0.409102 0.320138
vt 0.001954 0.320147
vt 0.885220 0.457212
vt 0.887429 0.452915
vt 0.885359 0.452907
vt 0.884502 0.455831
vt 0.063873 0.005539
vt 0.001959 0.005539
vt 0.001964 0.008818
vt 0.063876 0.008818
vt 0.685154 0.998043
vt 0.685154 0.585913
vt 0.680333 0.585913
vt 0.680333 0.998043
vt 0.293742 0.275084
vt 0.293892 0.270988
vt 0.001953 0.270995
vt 0.001953 0.275091
vt 0.001954 0.336531
vt 0.001955 0.340627
vt 0.409103 0.340618
vt 0.409103 0.336522
vt 0.001955 0.352915
vt 0.409103 0.352906
vt 0.409103 0.348810
vt 0.001955 0.348819
vt 0.788194 0.560375
vt 0.788194 0.555554
vt 0.376061 0.555555
vt 0.376061 0.560376
vt 0.001954 0.328339
vt 0.409103 0.328330
vt 0.001954 0.316051
vt 0.409102 0.316042
vt 0.409102 0.311946
vt 0.001954 0.311955
vt 0.001953 0.291475
vt 0.001954 0.332435
vt 0.409103 0.332426
vt 0.001954 0.307859
vt 0.409102 0.307850
vt 0.409103 0.344714
vt 0.001955 0.344723
vt 0.293939 0.279180
vt 0.001953 0.279187
vt 0.001953 0.283283
vt 0.294943 0.283276
vt 0.409102 0.303754
vt 0.001954 0.303763
vt 0.001955 0.365203
vt 0.409104 0.365194
vt 0.001953 0.266899
vt 0.294728 0.266891
vt 0.788194 0.526628
vt 0.788194 0.521807
vt 0.376061 0.521807
vt 0.376061 0.526628
vt 0.788194 0.550733
vt 0.376061 0.550734
vt 0.376061 0.531449
vt 0.788194 0.531449
vt 0.409104 0.256245
vt 0.001988 0.256242
vt 0.738186 0.998044
vt 0.743007 0.998046
vt 0.743009 0.993028
vt 0.738188 0.993027
vt 0.788195 0.584481
vt 0.783177 0.584483
vt 0.788197 0.589301
vt 0.783179 0.589304
vt 0.347188 0.265696
vt 0.409103 0.265730
vt 0.874843 0.523876
vt 0.874691 0.486729
vt 0.897779 0.452923
vt 0.895709 0.452921
vt 0.895653 0.523871
vt 0.897724 0.523872
vt 0.893639 0.452919
vt 0.893583 0.523869
vt 0.891569 0.452918
vt 0.891513 0.523867
vt 0.889499 0.452916
vt 0.889443 0.523866
vt 0.881219 0.452914
vt 0.881205 0.454765
vt 0.883259 0.455363
vt 0.883289 0.452910
vt 0.879151 0.454651
vt 0.879149 0.452918
vt 0.877096 0.454745
vt 0.877079 0.452922
vt 0.875044 0.455250
vt 0.875009 0.452926
vt 0.872938 0.452930
vt 0.873515 0.455847
vt 0.870889 0.452942
vt 0.870096 0.452945
vt 0.870410 0.523894
vt 0.899794 0.523874
vt 0.899849 0.452924
vt 0.901864 0.523875
vt 0.901919 0.452926
vt 0.903934 0.523877
vt 0.903989 0.452927
vt 0.906004 0.523879
vt 0.906059 0.452929
vt 0.908074 0.523880
vt 0.908129 0.452931
vt 0.910144 0.523882
vt 0.910199 0.452932
vt 0.912214 0.523884
vt 0.912269 0.452934
vt 0.914284 0.523885
vt 0.914339 0.452936
vt 0.916354 0.523887
vt 0.916409 0.452937
vt 0.918424 0.523888
vt 0.918479 0.452939
vt 0.920494 0.523890
vt 0.920549 0.452940
vt 0.922564 0.523892
vt 0.922620 0.452942
vt 0.924613 0.523893
vt 0.924669 0.452944
vt 0.925406 0.523894
vt 0.925462 0.452944
vt 0.275617 0.016155
vt 0.337532 0.016155
vt 0.337532 0.012876
vt 0.275617 0.012876
vt 0.001953 0.448082
vt 0.012305 0.448082
vt 0.012305 0.377132
vt 0.001953 0.377132
vt 0.872710 0.457232
vt 0.883384 0.486712
vt 0.883354 0.523861
vt 0.803132 0.520900
vt 0.801224 0.522449
vt 0.802614 0.523854
vt 0.804221 0.522549
vt 0.799580 0.538270
vt 0.801129 0.540178
vt 0.802535 0.538787
vt 0.801230 0.537180
vt 0.812552 0.519078
vt 0.810108 0.518824
vt 0.810097 0.520801
vt 0.812156 0.521015
vt 0.814900 0.519804
vt 0.814134 0.521626
vt 0.799655 0.524340
vt 0.801292 0.525447
vt 0.803021 0.541747
vt 0.804112 0.540096
vt 0.292972 0.191846
vt 0.292976 0.197625
vt 0.296255 0.197639
vt 0.296255 0.192171
vt 0.818858 0.540272
vt 0.819979 0.538922
vt 0.818484 0.537642
vt 0.817479 0.538858
vt 0.807661 0.519052
vt 0.808036 0.520993
vt 0.798485 0.526501
vt 0.800307 0.527267
vt 0.267691 0.550947
vt 0.223053 0.550947
vt 0.223052 0.554235
vt 0.267692 0.554241
vt 0.242687 0.971681
vt 0.198070 0.971681
vt 0.198070 0.974980
vt 0.242687 0.974980
vt 0.817062 0.520974
vt 0.815955 0.522612
vt 0.816950 0.541821
vt 0.815877 0.540159
vt 0.797759 0.528849
vt 0.799695 0.529245
vt 0.347610 0.900977
vt 0.348786 0.903141
vt 0.351668 0.901577
vt 0.350618 0.899629
vt 0.822260 0.528679
vt 0.821649 0.526625
vt 0.819818 0.527371
vt 0.820374 0.529240
vt 0.345850 0.892887
vt 0.346327 0.896960
vt 0.349540 0.896230
vt 0.349144 0.892824
vt 0.818953 0.522543
vt 0.817548 0.523934
vt 0.815629 0.542484
vt 0.797505 0.531294
vt 0.799482 0.531304
vt 0.350134 0.905689
vt 0.352885 0.903867
vt 0.347303 0.884775
vt 0.346175 0.888801
vt 0.349414 0.889406
vt 0.350358 0.886013
vt 0.350130 0.879443
vt 0.348701 0.881974
vt 0.351573 0.883561
vt 0.352885 0.881236
vt 0.820502 0.524451
vt 0.818852 0.525541
vt 0.797733 0.533741
vt 0.799673 0.533365
vt 0.805305 0.519753
vt 0.806052 0.521583
vt 0.798433 0.536096
vt 0.800264 0.535349
vt 0.296112 0.439445
vt 0.296108 0.445206
vt 0.299391 0.444940
vt 0.299391 0.439441
vt 0.409102 0.283798
vt 0.347188 0.283801
vt 0.415355 0.291575
vt 0.415355 0.293434
vt 0.664940 0.293434
vt 0.664940 0.291576
vt 0.415355 0.295293
vt 0.664940 0.295293
vt 0.415355 0.297151
vt 0.664940 0.297151
vt 0.415355 0.299010
vt 0.664940 0.299010
vt 0.415355 0.300869
vt 0.664940 0.300869
vt 0.415355 0.302727
vt 0.664940 0.302727
vt 0.415355 0.272991
vt 0.415355 0.274757
vt 0.664940 0.274757
vt 0.664940 0.272991
vt 0.415355 0.276706
vt 0.664940 0.276707
vt 0.415355 0.278565
vt 0.664940 0.278565
vt 0.415355 0.280424
vt 0.664940 0.280424
vt 0.415355 0.282282
vt 0.664940 0.282283
vt 0.415355 0.284141
vt 0.664940 0.284141
vt 0.415355 0.286000
vt 0.664940 0.286000
vt 0.415355 0.287858
vt 0.664940 0.287858
vt 0.415355 0.289717
vt 0.664940 0.289717
vt 0.723722 0.585913
vt 0.723723 0.998043
vt 0.728543 0.585913
vt 0.718902 0.998043
vt 0.718901 0.585913
vt 0.714081 0.998043
vt 0.714080 0.585913
vt 0.709260 0.998043
vt 0.709259 0.585913
vt 0.704439 0.998043
vt 0.704438 0.585913
vt 0.699617 0.998043
vt 0.699617 0.585913
vt 0.694796 0.998043
vt 0.694796 0.585913
vt 0.689975 0.998043
vt 0.689975 0.585913
vt 0.788194 0.545912
vt 0.376061 0.545913
vt 0.602775 0.074095
vt 0.603189 0.078296
vt 0.606250 0.078296
vt 0.605777 0.073498
vt 0.601550 0.070055
vt 0.604378 0.068884
vt 0.599560 0.066333
vt 0.602105 0.064632
vt 0.596882 0.063070
vt 0.599046 0.060906
vt 0.593619 0.060392
vt 0.595320 0.057847
vt 0.589897 0.058402
vt 0.591068 0.055574
vt 0.585857 0.057177
vt 0.586454 0.054175
vt 0.581657 0.056763
vt 0.581657 0.053703
vt 0.577456 0.057176
vt 0.576859 0.054175
vt 0.573416 0.058402
vt 0.572245 0.055574
vt 0.569693 0.060391
vt 0.567993 0.057847
vt 0.566430 0.063069
vt 0.564267 0.060906
vt 0.563752 0.066332
vt 0.561208 0.064632
vt 0.976772 0.463189
vt 0.976772 0.458967
vt 0.972873 0.458967
vt 0.972873 0.463189
vt 0.976772 0.501180
vt 0.976772 0.496959
vt 0.972873 0.496959
vt 0.972873 0.501180
vt 0.976772 0.467410
vt 0.972873 0.467410
vt 0.976772 0.505401
vt 0.972873 0.505401
vt 0.976772 0.471631
vt 0.972873 0.471631
vt 0.976772 0.509622
vt 0.972873 0.509622
vt 0.976772 0.475853
vt 0.972873 0.475853
vt 0.976772 0.513844
vt 0.972873 0.513844
vt 0.339927 0.795943
vt 0.335497 0.799579
vt 0.338482 0.802564
vt 0.342117 0.798133
vt 0.976772 0.492738
vt 0.972873 0.492738
vt 0.976772 0.454725
vt 0.972873 0.454725
vt 0.976772 0.488517
vt 0.972873 0.488517
vt 0.976772 0.484295
vt 0.972873 0.484295
vt 0.976772 0.450528
vt 0.972873 0.450528
vt 0.976772 0.480074
vt 0.972873 0.480074
vt 0.976772 0.518065
vt 0.972873 0.518065
vt 0.746409 0.037136
vt 0.683345 0.037136
vt 0.684935 0.041842
vt 0.744819 0.041842
vt 0.336888 0.045415
vt 0.401217 0.045415
vt 0.399815 0.040710
vt 0.338289 0.040710
vt 0.733364 0.585913
vt 0.808357 0.993064
vt 0.798761 0.993064
vt 0.794148 0.998047
vt 0.812971 0.998047
vt 0.617182 0.084523
vt 0.682302 0.084523
vt 0.680679 0.079817
vt 0.618805 0.079817
vt 0.646443 0.717176
vt 0.646443 0.709111
vt 0.641466 0.709111
vt 0.641466 0.717176
vt 0.979226 0.811033
vt 0.979226 0.747969
vt 0.974520 0.749559
vt 0.974520 0.809443
vt 0.611579 0.716051
vt 0.611579 0.707986
vt 0.606602 0.707986
vt 0.606602 0.716051
vt 0.646613 0.652703
vt 0.646613 0.644942
vt 0.641703 0.644942
vt 0.641703 0.652703
vt 0.655646 0.781687
vt 0.655646 0.774369
vt 0.650679 0.774369
vt 0.650679 0.781687
vt 0.607392 0.650596
vt 0.607392 0.642835
vt 0.602482 0.642835
vt 0.602482 0.650596
vt 0.691111 0.016226
vt 0.691111 0.008908
vt 0.686144 0.008908
vt 0.686144 0.016226
vt 0.698579 0.016226
vt 0.698579 0.008908
vt 0.663114 0.781687
vt 0.663114 0.774369
vt 0.983931 0.816832
vt 0.983931 0.742171
vt 0.752208 0.032430
vt 0.677546 0.032430
vt 0.614658 0.650596
vt 0.614658 0.642835
vt 0.653879 0.652703
vt 0.653879 0.644942
vt 0.331351 0.050121
vt 0.406753 0.050121
vt 0.948023 0.531613
vt 0.948023 0.596732
vt 0.952729 0.595110
vt 0.952729 0.533235
vt 0.618539 0.716051
vt 0.618539 0.707986
vt 0.653403 0.717176
vt 0.653403 0.709111
vt 0.612054 0.089228
vt 0.687430 0.089228
vt 0.595225 0.049960
vt 0.670627 0.049960
vt 0.665090 0.045255
vt 0.600761 0.045255
vt 0.663688 0.040549
vt 0.602163 0.040549
vt 0.527460 0.903793
vt 0.532002 0.903794
vt 0.338554 0.136320
vt 0.338554 0.131777
vt 0.001953 0.129251
vt 0.001953 0.138847
vt 0.393924 0.138847
vt 0.393924 0.136321
vt 0.343962 0.968727
vt 0.343962 0.913362
vt 0.532002 0.915042
vt 0.527460 0.915042
vt 0.527460 0.923395
vt 0.532002 0.923395
vt 0.532002 0.936063
vt 0.527460 0.936063
vt 0.532002 0.963698
vt 0.527460 0.963698
vt 0.532002 0.911771
vt 0.527460 0.911771
vt 0.532002 0.907914
vt 0.527460 0.907914
vt 0.415355 0.254407
vt 0.664940 0.254407
vt 0.664940 0.252548
vt 0.415355 0.252548
vt 0.664940 0.250690
vt 0.415355 0.250690
vt 0.664940 0.248831
vt 0.415355 0.248831
vt 0.664940 0.246972
vt 0.415355 0.246972
vt 0.664940 0.245114
vt 0.415355 0.245114
vt 0.664940 0.243255
vt 0.415355 0.243255
vt 0.664940 0.271225
vt 0.415355 0.271225
vt 0.664940 0.269276
vt 0.415355 0.269276
vt 0.664940 0.267417
vt 0.415355 0.267417
vt 0.664940 0.265559
vt 0.415355 0.265558
vt 0.664940 0.263700
vt 0.415355 0.263700
vt 0.664940 0.261841
vt 0.415355 0.261841
vt 0.664940 0.259983
vt 0.415355 0.259983
vt 0.664940 0.258124
vt 0.415355 0.258124
vt 0.664940 0.256266
vt 0.415355 0.256265
vt 0.788194 0.541091
vt 0.788194 0.536270
vt 0.376061 0.536270
vt 0.376061 0.541092
vt 0.788194 0.570017
vt 0.788194 0.565197
vt 0.376061 0.565197
vt 0.376061 0.570018
vt 0.001990 0.367667
vt 0.409104 0.367658
vt 0.376061 0.574839
vt 0.602775 0.082496
vt 0.605777 0.083093
vt 0.601550 0.086536
vt 0.604378 0.087707
vt 0.599560 0.090258
vt 0.602105 0.091959
vt 0.596882 0.093522
vt 0.599046 0.095685
vt 0.593619 0.096199
vt 0.595320 0.098744
vt 0.589897 0.098189
vt 0.591068 0.101017
vt 0.585857 0.099415
vt 0.586454 0.102416
vt 0.581656 0.099828
vt 0.581657 0.102889
vt 0.577456 0.099415
vt 0.576859 0.102416
vt 0.573416 0.098190
vt 0.572245 0.101017
vt 0.569693 0.096200
vt 0.567993 0.098744
vt 0.566430 0.093522
vt 0.564267 0.095685
vt 0.563752 0.090259
vt 0.561208 0.091959
vt 0.976772 0.437867
vt 0.972873 0.437867
vt 0.972873 0.442089
vt 0.976772 0.442089
vt 0.976772 0.399876
vt 0.972873 0.399876
vt 0.972873 0.404097
vt 0.976772 0.404097
vt 0.976772 0.433646
vt 0.972873 0.433646
vt 0.976772 0.395655
vt 0.972873 0.395655
vt 0.976772 0.429424
vt 0.972873 0.429424
vt 0.976772 0.391434
vt 0.972873 0.391434
vt 0.976772 0.425203
vt 0.972873 0.425203
vt 0.976772 0.387213
vt 0.972873 0.387213
vt 0.356729 0.801039
vt 0.353691 0.801644
vt 0.354252 0.807347
vt 0.358392 0.806524
vt 0.366077 0.793367
vt 0.364356 0.795942
vt 0.368787 0.799578
vt 0.371132 0.796068
vt 0.338206 0.793367
vt 0.333151 0.796069
vt 0.337020 0.790506
vt 0.331536 0.792169
vt 0.336416 0.787467
vt 0.330712 0.788029
vt 0.336416 0.784370
vt 0.330712 0.783808
vt 0.337020 0.781332
vt 0.331535 0.779668
vt 0.338205 0.778470
vt 0.333150 0.775768
vt 0.339926 0.775894
vt 0.335495 0.772258
vt 0.342117 0.773704
vt 0.338480 0.769272
vt 0.344692 0.771983
vt 0.341989 0.766927
vt 0.347706 0.770767
vt 0.345915 0.765318
vt 0.356728 0.770797
vt 0.359590 0.771982
vt 0.362292 0.766927
vt 0.358392 0.765311
vt 0.353535 0.770193
vt 0.354228 0.764499
vt 0.350592 0.770193
vt 0.350031 0.764499
vt 0.972873 0.408318
vt 0.976772 0.408318
vt 0.972873 0.446331
vt 0.976772 0.446331
vt 0.972873 0.412539
vt 0.976772 0.412539
vt 0.972873 0.416761
vt 0.976772 0.416761
vt 0.972873 0.420982
vt 0.976772 0.420982
vt 0.976772 0.382992
vt 0.972873 0.382992
vt 0.746409 0.046547
vt 0.683345 0.046547
vt 0.336888 0.036004
vt 0.401217 0.036004
vt 0.376061 0.579660
vt 0.617182 0.075111
vt 0.682302 0.075111
vt 0.943318 0.526484
vt 0.943318 0.601860
vt 0.636488 0.717176
vt 0.636488 0.709111
vt 0.969814 0.811033
vt 0.969814 0.747969
vt 0.601624 0.716051
vt 0.601624 0.707986
vt 0.636793 0.652703
vt 0.636793 0.644942
vt 0.645712 0.781687
vt 0.645712 0.774369
vt 0.597572 0.650596
vt 0.597572 0.642835
vt 0.681177 0.016226
vt 0.681177 0.008908
vt 0.673709 0.016226
vt 0.673709 0.008908
vt 0.638244 0.781687
vt 0.638244 0.774369
vt 0.965109 0.816832
vt 0.965109 0.742170
vt 0.752208 0.051253
vt 0.677546 0.051253
vt 0.590306 0.650596
vt 0.590306 0.642835
vt 0.629527 0.652703
vt 0.629527 0.644942
vt 0.331351 0.031298
vt 0.406753 0.031298
vt 0.957435 0.531613
vt 0.957435 0.596732
vt 0.594664 0.716051
vt 0.594664 0.707986
vt 0.629528 0.717176
vt 0.629528 0.709111
vt 0.612054 0.070406
vt 0.687430 0.070406
vt 0.595225 0.031138
vt 0.600761 0.035844
vt 0.665090 0.035844
vt 0.670627 0.031138
vt 0.348320 0.617549
vt 0.348320 0.672914
vt 0.962140 0.526484
vt 0.962140 0.601860
vt 0.809859 0.565567
vt 0.808102 0.565384
vt 0.811617 0.565403
vt 0.806234 0.564826
vt 0.801646 0.568311
vt 0.804600 0.563941
vt 0.799420 0.566464
vt 0.803169 0.562754
vt 0.797597 0.564218
vt 0.801998 0.561311
vt 0.796247 0.561660
vt 0.801131 0.559667
vt 0.795422 0.558887
vt 0.800601 0.557886
vt 0.795153 0.556007
vt 0.800428 0.556035
vt 0.795452 0.553130
vt 0.800620 0.554187
vt 0.813491 0.564865
vt 0.818041 0.568398
vt 0.815134 0.563997
vt 0.820287 0.566575
vt 0.816577 0.562826
vt 0.822134 0.564349
vt 0.817764 0.561395
vt 0.823511 0.561805
vt 0.818649 0.559761
vt 0.824366 0.559042
vt 0.819198 0.557985
vt 0.824665 0.556165
vt 0.819390 0.556137
vt 0.824396 0.553285
vt 0.819218 0.554286
vt 0.823572 0.550512
vt 0.818688 0.552505
vt 0.822222 0.547954
vt 0.817820 0.550861
vt 0.820399 0.545708
vt 0.816649 0.549418
vt 0.818172 0.543861
vt 0.815218 0.548231
vt 0.796307 0.550366
vt 0.801169 0.552411
vt 0.797684 0.547823
vt 0.802054 0.550777
vt 0.799531 0.545596
vt 0.803241 0.549346
vt 0.801777 0.543773
vt 0.804684 0.548175
vt 0.806328 0.547307
vt 0.813584 0.547346
vt 0.341991 0.804909
vt 0.344693 0.799854
vt 0.345891 0.806524
vt 0.347555 0.801039
vt 0.362166 0.773703
vt 0.365802 0.769272
vt 0.364356 0.775893
vt 0.366077 0.778469
vt 0.371132 0.775767
vt 0.368787 0.772257
vt 0.367263 0.781331
vt 0.372747 0.779667
vt 0.367867 0.787467
vt 0.367263 0.790505
vt 0.372747 0.792168
vt 0.373571 0.788028
vt 0.367867 0.784369
vt 0.373571 0.783807
vt 0.362166 0.798133
vt 0.365802 0.802563
vt 0.359591 0.799854
vt 0.362292 0.804908
vt 0.350593 0.801644
vt 0.350031 0.807347
vt 0.542366 0.309110
vt 0.542366 0.313438
vt 0.546909 0.313438
vt 0.546909 0.309110
vt 0.675512 0.585913
vt 0.675512 0.998043
vt 0.393925 0.131776
vt 0.393925 0.129249
vt 0.334306 0.940557
vt 0.333176 0.953175
vt 0.333328 0.961526
vt 0.338664 0.645719
vt 0.337535 0.633102
vt 0.337687 0.624751
s 1
usemtl M_WP_Revolver
f 2830/2830/2017 2831/2831/2018 2832/2832/2019
f 2833/2833/2020 2834/2834/2021 2835/2835/2022
f 2836/2836/2023 2832/2832/2019 2837/2837/2024
f 2838/2838/2025 2839/2839/2026 2840/2840/2027
f 2841/2841/2028 2842/2842/2029 2843/2843/2030
f 2844/2844/2031 2836/2836/2023 2837/2837/2024
f 2845/2845/2032 2846/2846/2033 2847/2847/2034
s 0
f 2848/2848/2035 2849/2849/2035 2850/2850/2035
f 2851/2851/2035 2852/2852/2035 2850/2850/2035
f 2853/2853/2035 2854/2854/2035 2850/2850/2035
f 2855/2855/2035 2856/2856/2035 2850/2850/2035
f 2857/2857/2035 2858/2858/2035 2850/2850/2035
f 2859/2859/2035 2860/2860/2035 2850/2850/2035
f 2861/2861/2035 2855/2855/2035 2850/2850/2035
f 2862/2862/2035 2863/2863/2035 2850/2850/2035
f 2864/2864/2035 2865/2865/2035 2850/2850/2035
f 2866/2866/2035 2867/2867/2035 2850/2850/2035
f 2849/2849/2035 2859/2859/2035 2850/2850/2035
f 2852/2852/2035 2868/2868/2035 2850/2850/2035
f 2869/2869/2035 2866/2866/2035 2850/2850/2035
f 2870/2870/2035 2857/2857/2035 2850/2850/2035
f 2854/2854/2035 2871/2871/2035 2850/2850/2035
f 2863/2863/2035 2872/2872/2035 2850/2850/2035
f 2873/2873/2035 2862/2862/2035 2850/2850/2035
f 2874/2874/2035 2861/2861/2035 2850/2850/2035
f 2872/2872/2035 2875/2875/2035 2850/2850/2035
f 2876/2876/2035 2864/2864/2035 2850/2850/2035
f 2860/2860/2035 2870/2870/2035 2850/2850/2035
f 2868/2868/2035 2873/2873/2035 2850/2850/2035
f 2877/2877/2035 2869/2869/2035 2850/2850/2035
f 2856/2856/2035 2848/2848/2035 2850/2850/2035
f 2867/2867/2035 2874/2874/2035 2850/2850/2035
f 2871/2871/2035 2876/2876/2035 2850/2850/2035
f 2858/2858/2035 2851/2851/2035 2850/2850/2035
f 2865/2865/2035 2877/2877/2035 2850/2850/2035
s 1
f 2833/2833/2020 2835/2835/2022 2878/2878/2036
s 0
f 2875/2875/2035 2853/2853/2035 2850/2850/2035
f 2879/2879/2037 2880/2880/2037 2881/2881/2037
s 1
f 2882/2882/2038 2883/2883/2039 2884/2884/2040
s 0
f 2885/2885/2041 2886/2886/2041 2887/2887/2041
s 1
f 2882/2882/2038 2884/2884/2040 2888/2888/2042
f 2889/2889/2043 2890/2890/2044 2891/2891/2045
s 0
f 2892/2892/2046 2893/2893/2046 2894/2894/2046
f 2895/2895/2047 2896/2896/2047 2897/2897/2047
f 2898/2898/2037 2899/2899/2037 2900/2900/2037
s 1
f 2901/2901/2048 2902/2902/2049 2903/2903/2050
f 2901/2901/2048 2904/2904/2051 2902/2902/2049
f 2905/2905/2046 2906/2906/2052 2907/2907/2046
f 2908/2908/2053 2909/2909/2054 2910/2910/2055
f 2911/2911/2056 2912/2912/2041 2913/2913/2041
f 2914/2914/2046 2906/2906/2052 2905/2905/2046
s 0
f 2915/2915/2047 2916/2916/2047 2917/2917/2047
s 1
f 2918/2918/2057 2919/2919/2041 2920/2920/2058
s 0
f 2921/2921/2041 2922/2922/2041 2923/2923/2041
f 2924/2924/2035 2925/2925/2035 2926/2926/2035
f 2927/2927/2035 2928/2928/2035 2929/2929/2035
f 2930/2930/2035 2926/2926/2035 2925/2925/2035
f 2931/2931/2046 2932/2932/2046 2933/2933/2046
f 2934/2934/2035 2935/2935/2035 2936/2936/2035
f 2935/2935/2035 2934/2934/2035 2937/2937/2035
f 2938/2938/2035 2934/2934/2035 2939/2939/2035
s 1
f 2940/2940/2059 2941/2941/2047 2942/2942/2047
f 2940/2940/2059 2942/2942/2047 2943/2943/2047
f 2940/2940/2059 2943/2943/2047 2944/2944/2047
f 2940/2940/2059 2944/2944/2047 2945/2945/2047
f 2940/2940/2059 2945/2945/2047 2946/2946/2047
f 2940/2940/2059 2946/2946/2047 2947/2947/2047
f 2940/2940/2059 2947/2947/2047 2948/2948/2047
f 2940/2940/2059 2948/2948/2047 2949/2949/2047
f 2940/2940/2059 2949/2949/2047 2950/2950/2047
f 2940/2940/2059 2950/2950/2047 2951/2951/2047
f 2940/2940/2059 2951/2951/2047 2952/2952/2047
f 2940/2940/2059 2952/2952/2047 2953/2953/2047
f 2940/2940/2059 2953/2953/2047 2954/2954/2060
f 2940/2940/2059 2954/2954/2060 2955/2955/2061
f 2940/2940/2059 2955/2955/2061 2956/2956/2062
f 2940/2940/2059 2956/2956/2062 2957/2957/2063
f 2940/2940/2059 2958/2958/2047 2941/2941/2047
f 2940/2940/2059 2959/2959/2047 2958/2958/2047
f 2940/2940/2059 2960/2960/2047 2959/2959/2047
f 2940/2940/2059 2961/2961/2047 2960/2960/2047
f 2940/2940/2059 2962/2962/2047 2961/2961/2047
f 2940/2940/2059 2963/2963/2047 2962/2962/2047
f 2940/2940/2059 2964/2964/2047 2963/2963/2047
f 2940/2940/2059 2965/2965/2047 2964/2964/2047
f 2940/2940/2059 2966/2966/2047 2965/2965/2047
f 2940/2940/2059 2967/2967/2047 2966/2966/2047
f 2940/2940/2059 2968/2968/2047 2967/2967/2047
f 2940/2940/2059 2969/2969/2047 2968/2968/2047
f 2940/2940/2059 2970/2970/2064 2969/2969/2047
f 2940/2940/2059 2971/2971/2065 2970/2970/2064
f 2940/2940/2059 2972/2972/2066 2971/2971/2065
f 2940/2940/2059 2957/2957/2063 2972/2972/2066
f 2973/2973/2067 2974/2974/2068 2975/2975/2069
f 2976/2976/2070 2977/2977/2071 2978/2978/2072
s 0
f 2979/2979/2046 2980/2980/2046 2981/2981/2046
s 1
f 2982/2982/2073 2904/2904/2051 2901/2901/2048
f 2888/2888/2042 2904/2904/2051 2982/2982/2073
f 2882/2882/2038 2888/2888/2042 2982/2982/2073
s 0
f 2928/2928/2035 2926/2926/2035 2930/2930/2035
f 2929/2929/2035 2928/2928/2035 2930/2930/2035
s 1
f 2983/2983/2041 2984/2984/2041 2985/2985/2074
f 2984/2984/2041 2986/2986/2041 2985/2985/2074
s 0
f 2987/2987/2041 2922/2922/2041 2921/2921/2041
f 2988/2988/2041 2989/2989/2041 2990/2990/2041
s 1
f 2911/2911/2056 2991/2991/2041 2912/2912/2041
s 0
f 2989/2989/2041 2992/2992/2041 2990/2990/2041
f 2993/2993/2046 2931/2931/2046 2933/2933/2046
f 2892/2892/2046 2994/2994/2046 2893/2893/2046
s 1
f 2995/2995/2046 2996/2996/2046 2997/2997/2075
f 2996/2996/2046 2998/2998/2046 2997/2997/2075
f 2999/2999/2076 3000/3000/2077 3001/3001/2078
f 2920/2920/2058 3002/3002/2079 2918/2918/2057
f 3001/3001/2078 3000/3000/2077 3003/3003/2046
f 3004/3004/2080 3005/3005/2080 3006/3006/2081
f 3004/3004/2080 3006/3006/2081 3007/3007/2081
f 3008/3008/2082 3009/3009/2082 3010/3010/2083
f 3008/3008/2082 3010/3010/2083 3011/3011/2083
f 3012/3012/2084 3013/3013/2084 3014/3014/2085
f 3012/3012/2084 3014/3014/2085 3015/3015/2085
f 3016/3016/2086 3017/3017/2087 3018/3018/2088
f 3016/3016/2086 3018/3018/2088 3019/3019/2089
f 3020/3020/2090 3021/3021/2090 3022/3022/2091
f 3020/3020/2090 3022/3022/2091 3023/3023/2090
f 3024/3024/2092 3025/3025/2092 3026/3026/2093
f 3024/3024/2092 3026/3026/2093 3027/3027/2093
f 3028/3028/2094 3029/3029/2095 3030/3030/2096
f 3028/3028/2094 3030/3030/2096 3031/3031/2097
f 2878/2878/2036 2835/2835/2022 2843/2843/2030
f 2878/2878/2036 2843/2843/2030 2842/2842/2029
f 3032/3032/2098 3033/3033/2099 3034/3034/2099
f 3032/3032/2098 3034/3034/2099 3035/3035/2098
f 3036/3036/2100 3037/3037/2100 3038/3038/2101
f 3036/3036/2100 3038/3038/2101 3039/3039/2101
f 3040/3040/2098 3041/3041/2099 3042/3042/2099
f 3040/3040/2098 3042/3042/2099 3043/3043/2098
f 3044/3044/2102 3045/3045/2102 3013/3013/2084
f 3044/3044/2102 3013/3013/2084 3012/3012/2084
f 3046/3046/2103 3047/3047/2103 3048/3048/2104
f 3046/3046/2103 3048/3048/2104 3049/3049/2104
f 3050/3050/2105 3007/3007/2081 3006/3006/2081
f 3050/3050/2105 3006/3006/2081 2837/2837/2024
f 3051/3051/2106 3032/3032/2098 3035/3035/2098
f 3051/3051/2106 3035/3035/2098 3052/3052/2106
f 3053/3053/2107 3049/3049/2104 3048/3048/2104
f 3053/3053/2107 3048/3048/2104 3054/3054/2107
f 3039/3039/2101 3038/3038/2101 3055/3055/2041
f 3039/3039/2101 3055/3055/2041 3056/3056/2041
f 3057/3057/2108 3058/3058/2046 3059/3059/2109
f 3057/3057/2108 3059/3059/2109 3060/3060/2110
f 3056/3056/2041 3055/3055/2041 3034/3034/2099
f 3056/3056/2041 3034/3034/2099 3033/3033/2099
f 3053/3053/2107 3054/3054/2107 3061/3061/2111
f 3053/3053/2107 3061/3061/2111 3062/3062/2111
f 3036/3036/2100 3011/3011/2083 3010/3010/2083
f 3036/3036/2100 3010/3010/2083 3037/3037/2100
f 3063/3063/2112 3064/3064/2113 3009/3009/2082
f 3063/3063/2112 3009/3009/2082 3008/3008/2082
f 3065/3065/2114 3030/3030/2096 3029/3029/2095
f 3065/3065/2114 3029/3029/2095 3066/3066/2115
f 3062/3062/2111 3061/3061/2111 3005/3005/2080
f 3062/3062/2111 3005/3005/2080 3004/3004/2080
f 3067/3067/2116 3068/3068/2117 3069/3069/2117
f 3067/3067/2116 3069/3069/2117 3070/3070/2116
f 3041/3041/2099 3071/3071/2041 3072/3072/2041
f 3041/3041/2099 3072/3072/2041 3042/3042/2099
f 3067/3067/2116 3070/3070/2116 3073/3073/2082
f 3067/3067/2116 3073/3073/2082 3074/3074/2082
f 2878/2878/2036 2842/2842/2029 3075/3075/2118
f 2878/2878/2036 3075/3075/2118 3076/3076/2118
f 3051/3051/2106 3052/3052/2106 3045/3045/2102
f 3051/3051/2106 3045/3045/2102 3044/3044/2102
f 3077/3077/2119 3078/3078/2120 3079/3079/2120
f 3077/3077/2119 3079/3079/2120 3080/3080/2119
f 3081/3081/2121 2908/2908/2053 2910/2910/2055
f 3081/3081/2121 2910/2910/2055 3082/3082/2121
f 2889/2889/2043 3077/3077/2119 3080/3080/2119
f 2889/2889/2043 3080/3080/2119 2890/2890/2044
f 3083/3083/2122 3081/3081/2121 3082/3082/2121
f 3083/3083/2122 3082/3082/2121 3084/3084/2122
f 3015/3015/2085 3014/3014/2085 3047/3047/2103
f 3015/3015/2085 3047/3047/2103 3046/3046/2103
f 2833/2833/2020 3065/3065/2114 3066/3066/2115
f 2833/2833/2020 3066/3066/2115 2834/2834/2021
f 3085/3085/2123 3086/3086/2123 2841/2841/2028
f 3085/3085/2123 2841/2841/2028 2843/2843/2030
f 2845/2845/2032 2847/2847/2034 3087/3087/2124
f 2845/2845/2032 3087/3087/2124 3088/3088/2124
f 3089/3089/2037 3090/3090/2125 3091/3091/2125
f 3089/3089/2037 3091/3091/2125 3092/3092/2037
f 3090/3090/2125 3093/3093/2126 3094/3094/2126
f 3090/3090/2125 3094/3094/2126 3091/3091/2125
f 3093/3093/2126 3095/3095/2116 3096/3096/2116
f 3093/3093/2126 3096/3096/2116 3094/3094/2126
f 3095/3095/2116 3097/3097/2082 3098/3098/2082
f 3095/3095/2116 3098/3098/2082 3096/3096/2116
f 3099/3099/2127 3100/3100/2128 3101/3101/2129
f 3099/3099/2127 3101/3101/2129 3102/3102/2101
f 3103/3103/2130 3100/3100/2128 3099/3099/2127
f 3103/3103/2130 3099/3099/2127 3104/3104/2131
f 3105/3105/2132 3103/3103/2130 3104/3104/2131
f 3105/3105/2132 3104/3104/2131 3106/3106/2133
f 3107/3107/2134 3105/3105/2132 3106/3106/2133
f 3107/3107/2134 3106/3106/2133 3108/3108/2135
f 3109/3109/2136 3110/3110/2137 3107/3107/2134
f 3109/3109/2136 3107/3107/2134 3108/3108/2135
f 3097/3097/2082 3017/3017/2087 2838/2838/2025
f 3097/3097/2082 2838/2838/2025 3098/3098/2082
f 3111/3111/2138 3112/3112/2139 3113/3113/2139
f 3111/3111/2138 3113/3113/2139 2846/2846/2033
f 3089/3089/2037 3092/3092/2037 3114/3114/2140
f 3089/3089/2037 3114/3114/2140 3115/3115/2140
f 3115/3115/2140 3114/3114/2140 3116/3116/2141
f 3115/3115/2140 3116/3116/2141 3117/3117/2141
f 3117/3117/2141 3116/3116/2141 3118/3118/2093
f 3117/3117/2141 3118/3118/2093 3119/3119/2093
f 3119/3119/2093 3118/3118/2093 3120/3120/2092
f 3119/3119/2093 3120/3120/2092 3121/3121/2092
f 3121/3121/2092 3120/3120/2092 3122/3122/2142
f 3121/3121/2092 3122/3122/2142 3123/3123/2142
f 3123/3123/2142 3122/3122/2142 3124/3124/2096
f 3123/3123/2142 3124/3124/2096 3125/3125/2096
f 3125/3125/2096 3124/3124/2096 3126/3126/2097
f 3125/3125/2096 3126/3126/2097 3127/3127/2097
f 3127/3127/2097 3126/3126/2097 3128/3128/2046
f 3127/3127/2097 3128/3128/2046 3129/3129/2046
f 3129/3129/2046 3128/3128/2046 3130/3130/2143
f 3129/3129/2046 3130/3130/2143 3131/3131/2143
f 3131/3131/2143 3130/3130/2143 3132/3132/2031
f 3131/3131/2143 3132/3132/2031 3133/3133/2031
f 3133/3133/2031 3132/3132/2031 3134/3134/2144
f 3133/3133/2031 3134/3134/2144 3135/3135/2144
f 3135/3135/2144 3134/3134/2144 3136/3136/2081
f 3135/3135/2144 3136/3136/2081 3137/3137/2081
f 3137/3137/2081 3136/3136/2081 3138/3138/2145
f 3137/3137/2081 3138/3138/2145 3139/3139/2145
f 3139/3139/2145 3138/3138/2145 3140/3140/2146
f 3139/3139/2145 3140/3140/2146 3141/3141/2146
s 0
f 3142/3142/2147 3143/3143/2147 3144/3144/2147
f 3142/3142/2147 3144/3144/2147 3145/3145/2147
s 1
f 3102/3102/2101 3101/3101/2129 3019/3019/2089
f 3102/3102/2101 3019/3019/2089 3018/3018/2088
s 0
f 3146/3146/2104 3147/3147/2104 3148/3148/2104
f 3146/3146/2104 3148/3148/2104 3149/3149/2104
s 1
f 2846/2846/2033 2845/2845/2032 3150/3150/2148
f 2846/2846/2033 3150/3150/2148 3111/3111/2138
f 2839/2839/2026 3151/3151/2149 3152/3152/2149
f 2839/2839/2026 3152/3152/2149 2840/2840/2027
f 3017/3017/2087 3016/3016/2086 2839/2839/2026
f 3017/3017/2087 2839/2839/2026 2838/2838/2025
s 0
f 3153/3153/2035 3154/3154/2035 3155/3155/2035
f 3153/3153/2035 3155/3155/2035 3156/3156/2035
f 3157/3157/2035 3158/3158/2035 3159/3159/2035
f 3157/3157/2035 3159/3159/2035 3160/3160/2035
f 3161/3161/2035 3162/3162/2035 3163/3163/2035
f 3161/3161/2035 3163/3163/2035 3164/3164/2035
f 3165/3165/2035 3161/3161/2035 3164/3164/2035
f 3165/3165/2035 3164/3164/2035 3166/3166/2035
f 3154/3154/2035 3167/3167/2035 3168/3168/2035
f 3154/3154/2035 3168/3168/2035 3155/3155/2035
f 3158/3158/2035 3169/3169/2035 3170/3170/2035
f 3158/3158/2035 3170/3170/2035 3159/3159/2035
s 1
f 3171/3171/2150 3172/3172/2150 3173/3173/2151
f 3171/3171/2150 3173/3173/2151 3174/3174/2151
f 3175/3175/2152 3176/3176/2153 3177/3177/2153
s 0
f 3175/3175/2154 3177/3177/2154 3178/3178/2154
f 3162/3162/2035 3179/3179/2035 3180/3180/2035
f 3162/3162/2035 3180/3180/2035 3163/3163/2035
f 3167/3167/2035 3181/3181/2035 3182/3182/2035
f 3167/3167/2035 3182/3182/2035 3168/3168/2035
f 3169/3169/2035 2938/2938/2035 2939/2939/2035
f 3169/3169/2035 2939/2939/2035 3170/3170/2035
s 1
f 3183/3183/2155 3184/3184/2155 3185/3185/2155
f 3183/3183/2155 3185/3185/2155 3186/3186/2155
s 0
f 3187/3187/2156 3188/3188/2156 3189/3189/2156
f 3187/3187/2157 3189/3189/2157 3190/3190/2157
f 3191/3191/2035 3165/3165/2035 3166/3166/2035
f 3191/3191/2035 3166/3166/2035 3192/3192/2035
f 3193/3193/2158 3175/3175/2154 3178/3178/2154
s 1
f 3193/3193/2159 3178/3178/2160 3194/3194/2159
s 0
f 3181/3181/2035 3195/3195/2035 3196/3196/2035
f 3181/3181/2035 3196/3196/2035 3182/3182/2035
s 1
f 3197/3197/2161 3198/3198/2162 3199/3199/2163
f 3197/3197/2161 3199/3199/2163 3200/3200/2164
s 0
f 3201/3201/2035 3202/3202/2035 3203/3203/2035
f 3201/3201/2035 3203/3203/2035 3204/3204/2035
s 1
f 3205/3205/2165 3206/3206/2166 3207/3207/2167
f 3205/3205/2165 3207/3207/2167 3208/3208/2165
s 0
f 3209/3209/2035 3191/3191/2035 3192/3192/2035
f 3209/3209/2035 3192/3192/2035 3210/3210/2035
f 3211/3211/2035 3193/3193/2168 3194/3194/2168
f 3211/3211/2035 3194/3194/2035 2934/2934/2035
f 3195/3195/2035 3212/3212/2035 3213/3213/2035
f 3195/3195/2035 3213/3213/2035 3196/3196/2035
s 1
f 3198/3198/2162 3214/3214/2169 3215/3215/2170
f 3198/3198/2162 3215/3215/2170 3199/3199/2163
f 3216/3216/2171 3217/3217/2172 3218/3218/2173
f 3216/3216/2171 3218/3218/2173 3219/3219/2174
f 3220/3220/2175 3221/3221/2176 3222/3222/2177
f 3220/3220/2175 3222/3222/2177 3223/3223/2178
s 0
f 3224/3224/2035 3209/3209/2035 3210/3210/2035
f 3224/3224/2035 3210/3210/2035 3225/3225/2035
f 3212/3212/2035 3226/3226/2035 3227/3227/2035
f 3212/3212/2035 3227/3227/2035 3213/3213/2035
s 1
f 3217/3217/2172 3205/3205/2165 3208/3208/2165
f 3217/3217/2172 3208/3208/2165 3218/3218/2173
f 3221/3221/2176 3216/3216/2171 3219/3219/2174
f 3221/3221/2176 3219/3219/2174 3222/3222/2177
s 0
f 3202/3202/2035 3224/3224/2035 3225/3225/2035
f 3202/3202/2035 3225/3225/2035 3203/3203/2035
f 3179/3179/2035 3228/3228/2035 3229/3229/2035
f 3179/3179/2035 3229/3229/2035 3180/3180/2035
f 3226/3226/2035 3230/3230/2035 3231/3231/2035
f 3226/3226/2035 3231/3231/2035 3227/3227/2035
s 1
f 3206/3206/2166 3197/3197/2161 3200/3200/2164
f 3206/3206/2166 3200/3200/2164 3207/3207/2167
s 0
f 3228/3228/2035 3153/3153/2035 3156/3156/2035
f 3228/3228/2035 3156/3156/2035 3229/3229/2035
f 3230/3230/2035 3157/3157/2035 3160/3160/2035
f 3230/3230/2035 3160/3160/2035 3231/3231/2035
s 1
f 3232/3232/2179 3233/3233/2179 3234/3234/2179
f 3232/3232/2179 3234/3234/2179 3235/3235/2179
f 2836/2836/2023 2844/2844/2031 3236/3236/2017
f 2836/2836/2023 3236/3236/2017 3237/3237/2017
f 3238/3238/2100 3239/3239/2083 3240/3240/2083
f 3238/3238/2100 3240/3240/2083 3241/3241/2100
f 3239/3239/2083 3242/3242/2082 3243/3243/2082
f 3239/3239/2083 3243/3243/2082 3240/3240/2083
f 3242/3242/2082 3244/3244/2116 3245/3245/2116
f 3242/3242/2082 3245/3245/2116 3243/3243/2082
f 3244/3244/2116 3246/3246/2126 3247/3247/2126
f 3244/3244/2116 3247/3247/2126 3245/3245/2116
f 3246/3246/2126 3248/3248/2125 3249/3249/2125
f 3246/3246/2126 3249/3249/2125 3247/3247/2126
f 3248/3248/2125 3250/3250/2180 3251/3251/2180
f 3248/3248/2125 3251/3251/2180 3249/3249/2125
f 3252/3252/2104 3253/3253/2181 3254/3254/2181
f 3252/3252/2104 3254/3254/2181 3255/3255/2104
f 3253/3253/2181 3256/3256/2182 3257/3257/2182
f 3253/3253/2181 3257/3257/2182 3254/3254/2181
f 3256/3256/2182 3258/3258/2084 3259/3259/2084
f 3256/3256/2182 3259/3259/2084 3257/3257/2182
f 3258/3258/2084 3260/3260/2102 3261/3261/2102
f 3258/3258/2084 3261/3261/2102 3259/3259/2084
f 3260/3260/2102 3262/3262/2106 3263/3263/2106
f 3260/3260/2102 3263/3263/2106 3261/3261/2102
f 3262/3262/2106 3264/3264/2098 3265/3265/2098
f 3262/3262/2106 3265/3265/2098 3263/3263/2106
f 3264/3264/2098 3266/3266/2099 3267/3267/2099
f 3264/3264/2098 3267/3267/2099 3265/3265/2098
f 3266/3266/2099 3268/3268/2041 3269/3269/2041
f 3266/3266/2099 3269/3269/2041 3267/3267/2099
f 3268/3268/2041 3270/3270/2101 3271/3271/2101
f 3268/3268/2041 3271/3271/2101 3269/3269/2041
f 3270/3270/2101 3238/3238/2100 3241/3241/2100
f 3270/3270/2101 3241/3241/2100 3271/3271/2101
f 3272/3272/2081 3273/3273/2081 2891/2891/2045
f 3272/3272/2081 2891/2891/2045 3274/3274/2183
f 3275/3275/2144 3273/3273/2081 3272/3272/2081
f 3275/3275/2144 3272/3272/2081 3276/3276/2144
f 3277/3277/2031 3275/3275/2144 3276/3276/2144
f 3277/3277/2031 3276/3276/2144 3278/3278/2031
f 3279/3279/2143 3277/3277/2031 3278/3278/2031
f 3279/3279/2143 3278/3278/2031 3280/3280/2143
f 3281/3281/2046 3279/3279/2143 3280/3280/2143
f 3281/3281/2046 3280/3280/2143 3282/3282/2046
f 3283/3283/2097 3281/3281/2046 3282/3282/2046
f 3283/3283/2097 3282/3282/2046 3284/3284/2097
f 3285/3285/2096 3283/3283/2097 3284/3284/2097
f 3285/3285/2096 3284/3284/2097 3286/3286/2096
f 3287/3287/2142 3285/3285/2096 3286/3286/2096
f 3287/3287/2142 3286/3286/2096 3288/3288/2142
f 3071/3071/2041 3289/3289/2101 3290/3290/2101
f 3071/3071/2041 3290/3290/2101 3072/3072/2041
f 3291/3291/2184 3292/3292/2185 3293/3293/2185
f 3291/3291/2184 3293/3293/2185 3294/3294/2184
f 3295/3295/2186 3291/3291/2184 3294/3294/2184
f 3295/3295/2186 3294/3294/2184 3296/3296/2186
f 3297/3297/2187 3295/3295/2186 3296/3296/2186
f 3297/3297/2187 3296/3296/2186 3298/3298/2187
f 3299/3299/2188 3297/3297/2187 3298/3298/2187
f 3299/3299/2188 3298/3298/2187 3300/3300/2188
f 3301/3301/2189 3299/3299/2188 3300/3300/2188
f 3301/3301/2189 3300/3300/2188 3302/3302/2189
f 3303/3303/2190 3301/3301/2189 3302/3302/2189
f 3303/3303/2190 3302/3302/2189 3304/3304/2190
f 3305/3305/2191 3303/3303/2190 3304/3304/2190
f 3305/3305/2191 3304/3304/2190 3306/3306/2191
f 3307/3307/2192 3305/3305/2191 3306/3306/2191
f 3307/3307/2192 3306/3306/2191 3308/3308/2192
f 3309/3309/2193 3307/3307/2192 3308/3308/2192
f 3309/3309/2193 3308/3308/2192 3310/3310/2194
f 3311/3311/2195 3309/3309/2193 3310/3310/2194
f 3311/3311/2195 3310/3310/2194 3312/3312/2195
f 3313/3313/2196 3311/3311/2195 3312/3312/2195
f 3313/3313/2196 3312/3312/2195 3314/3314/2196
f 3315/3315/2197 3313/3313/2196 3314/3314/2196
f 3315/3315/2197 3314/3314/2196 3316/3316/2197
f 3317/3317/2198 3315/3315/2197 3316/3316/2197
f 3317/3317/2198 3316/3316/2197 3318/3318/2198
f 2883/2883/2039 3317/3317/2198 3318/3318/2198
f 2883/2883/2039 3318/3318/2198 2884/2884/2040
f 3319/3319/2199 3320/3320/2200 3321/3321/2200
f 3319/3319/2199 3321/3321/2200 3322/3322/2199
f 3323/3323/2201 3324/3324/2144 3325/3325/2144
f 3323/3323/2201 3325/3325/2144 3326/3326/2201
f 3327/3327/2202 3319/3319/2199 3322/3322/2199
f 3327/3327/2202 3322/3322/2199 3328/3328/2202
f 3329/3329/2080 3323/3323/2201 3326/3326/2201
f 3329/3329/2080 3326/3326/2201 3330/3330/2080
f 3331/3331/2142 3327/3327/2202 3328/3328/2202
f 3331/3331/2142 3328/3328/2202 3332/3332/2142
f 3333/3333/2111 3329/3329/2080 3330/3330/2080
f 3333/3333/2111 3330/3330/2080 3334/3334/2111
f 3335/3335/2203 3331/3331/2142 3332/3332/2142
f 3335/3335/2203 3332/3332/2142 3336/3336/2203
f 3337/3337/2107 3333/3333/2111 3334/3334/2111
f 3337/3337/2107 3334/3334/2111 3338/3338/2107
s 0
f 3339/3339/2204 3340/3340/2204 3341/3341/2205
f 3339/3339/2204 3341/3341/2204 3342/3342/2204
s 1
f 3324/3324/2144 3343/3343/2031 3344/3344/2031
f 3324/3324/2144 3344/3344/2031 3325/3325/2144
f 3320/3320/2200 3345/3345/2206 3346/3346/2206
f 3320/3320/2200 3346/3346/2206 3321/3321/2200
f 3343/3343/2031 3347/3347/2143 3348/3348/2143
f 3343/3343/2031 3348/3348/2143 3344/3344/2031
f 3347/3347/2143 3349/3349/2046 3350/3350/2046
f 3347/3347/2143 3350/3350/2046 3348/3348/2143
f 3345/3345/2206 3351/3351/2037 3352/3352/2037
f 3345/3345/2206 3352/3352/2037 3346/3346/2206
f 3349/3349/2046 3353/3353/2097 3354/3354/2097
f 3349/3349/2046 3354/3354/2097 3350/3350/2046
f 3355/3355/2207 3337/3337/2107 3338/3338/2107
f 3355/3355/2207 3338/3338/2107 3356/3356/2207
f 3353/3353/2097 3335/3335/2203 3336/3336/2203
f 3353/3353/2097 3336/3336/2203 3354/3354/2097
s 0
f 2922/2922/2041 2987/2987/2041 2992/2992/2041
f 2922/2922/2041 2992/2992/2041 2989/2989/2041
f 3357/3357/2037 3358/3358/2037 3359/3359/2037
f 3357/3357/2037 3359/3359/2037 3360/3360/2037
f 3361/3361/2037 3362/3362/2037 3363/3363/2037
f 3361/3361/2037 3363/3363/2037 3364/3364/2037
s 1
f 3024/3024/2092 3287/3287/2142 3288/3288/2142
f 3024/3024/2092 3288/3288/2142 3025/3025/2092
f 3274/3274/2183 2891/2891/2045 2890/2890/2044
f 3274/3274/2183 2890/2890/2044 3365/3365/2208
s 0
f 2899/2899/2037 2879/2879/2037 2881/2881/2037
f 2899/2899/2037 2881/2881/2037 2900/2900/2037
f 3366/3366/2037 3367/3367/2037 3368/3368/2037
f 3366/3366/2037 3368/3368/2037 3369/3369/2037
f 2996/2996/2046 2905/2905/2046 2907/2907/2046
f 2996/2996/2046 2907/2907/2046 2998/2998/2046
f 3370/3370/2104 3371/3371/2104 3372/3372/2104
f 3370/3370/2104 3372/3372/2104 3373/3373/2104
f 2894/2894/2046 2932/2932/2046 2931/2931/2046
f 2894/2894/2046 2931/2931/2046 2892/2892/2046
f 2994/2994/2046 2993/2993/2046 2933/2933/2046
f 2994/2994/2046 2933/2933/2046 2893/2893/2046
f 2879/2879/2037 3366/3366/2037 3369/3369/2037
f 2879/2879/2037 3369/3369/2037 2880/2880/2037
s 1
f 2914/2914/2046 2995/2995/2046 2997/2997/2075
f 2914/2914/2046 2997/2997/2075 2906/2906/2052
f 3374/3374/2209 3375/3375/2209 3376/3376/2035
f 3374/3374/2209 3376/3376/2035 3377/3377/2035
s 0
f 3378/3378/2104 3379/3379/2104 3380/3380/2104
f 3378/3378/2104 3380/3380/2104 3381/3381/2104
s 1
f 3382/3382/2210 3383/3383/2210 3384/3384/2047
f 3382/3382/2210 3384/3384/2047 3385/3385/2047
f 3386/3386/2211 3387/3387/2211 3388/3388/2035
f 3386/3386/2211 3388/3388/2035 3389/3389/2035
f 3390/3390/2212 3391/3391/2212 3392/3392/2035
f 3390/3390/2212 3392/3392/2035 3393/3393/2035
f 3394/3394/2213 3395/3395/2213 3396/3396/2047
f 3394/3394/2213 3396/3396/2047 3397/3397/2047
f 3398/3398/2214 3399/3399/2214 3400/3400/2047
f 3398/3398/2214 3400/3400/2047 3401/3401/2047
f 3402/3402/2215 3403/3403/2215 3399/3399/2214
f 3402/3402/2215 3399/3399/2214 3398/3398/2214
f 3404/3404/2216 3405/3405/2216 3391/3391/2212
f 3404/3404/2216 3391/3391/2212 3390/3390/2212
s 0
f 3406/3406/2104 3407/3407/2104 3379/3379/2104
f 3406/3406/2104 3379/3379/2104 3378/3378/2104
f 3408/3408/2037 3409/3409/2037 3358/3358/2037
f 3408/3408/2037 3358/3358/2037 3357/3357/2037
s 1
f 3410/3410/2217 3411/3411/2217 3395/3395/2213
f 3410/3410/2217 3395/3395/2213 3394/3394/2213
f 3412/3412/2218 3413/3413/2218 3387/3387/2211
f 3412/3412/2218 3387/3387/2211 3386/3386/2211
s 0
f 3414/3414/2037 3415/3415/2037 3362/3362/2037
f 3414/3414/2037 3362/3362/2037 3361/3361/2037
f 3416/3416/2037 3417/3417/2037 3418/3418/2037
f 3416/3416/2037 3418/3418/2037 3419/3419/2037
s 1
f 3420/3420/2219 3421/3421/2219 3383/3383/2210
f 3420/3420/2219 3383/3383/2210 3382/3382/2210
f 3422/3422/2220 3423/3423/2220 3375/3375/2209
f 3422/3422/2220 3375/3375/2209 3374/3374/2209
s 0
f 3424/3424/2104 3425/3425/2104 3371/3371/2104
f 3424/3424/2104 3371/3371/2104 3370/3370/2104
f 3426/3426/2104 3427/3427/2104 3428/3428/2104
f 3426/3426/2104 3428/3428/2104 3429/3429/2104
f 3429/3429/2104 3428/3428/2104 3430/3430/2104
f 3429/3429/2104 3430/3430/2104 3431/3431/2104
s 1
f 3432/3432/2221 3433/3433/2221 2917/2917/2047
f 3432/3432/2221 2917/2917/2047 2896/2896/2047
f 3434/3434/2222 3435/3435/2223 3436/3436/2224
f 3434/3434/2222 3436/3436/2224 3437/3437/2225
f 3438/3438/2226 3439/3439/2226 3434/3434/2222
f 3438/3438/2226 3434/3434/2222 3437/3437/2225
f 3440/3440/2046 3441/3441/2046 3001/3001/2078
f 3440/3440/2046 3001/3001/2078 3003/3003/2046
f 3442/3442/2227 3443/3443/2227 3444/3444/2228
f 3442/3442/2227 3444/3444/2228 3445/3445/2228
f 3446/3446/2229 3445/3445/2228 3444/3444/2228
f 3446/3446/2229 3444/3444/2228 3447/3447/2230
f 3448/3448/2231 3446/3446/2229 3447/3447/2230
f 3448/3448/2231 3447/3447/2230 3449/3449/2232
f 3443/3443/2227 3442/3442/2227 3450/3450/2233
f 3443/3443/2227 3450/3450/2233 3451/3451/2234
f 3452/3452/2235 3433/3433/2221 3432/3432/2221
f 3452/3452/2235 3432/3432/2221 3453/3453/2236
f 3454/3454/2096 3455/3455/2096 3456/3456/2142
f 3454/3454/2096 3456/3456/2142 3457/3457/2142
f 3457/3457/2142 3456/3456/2142 3458/3458/2092
f 3457/3457/2142 3458/3458/2092 3459/3459/2092
f 3459/3459/2092 3458/3458/2092 3460/3460/2093
f 3459/3459/2092 3460/3460/2093 3461/3461/2093
f 3461/3461/2093 3460/3460/2093 3462/3462/2141
f 3461/3461/2093 3462/3462/2141 3463/3463/2141
f 3463/3463/2141 3462/3462/2141 3464/3464/2140
f 3463/3463/2141 3464/3464/2140 3465/3465/2140
f 3465/3465/2140 3464/3464/2140 3466/3466/2237
f 3465/3465/2140 3466/3466/2237 3467/3467/2237
f 3252/3252/2104 3255/3255/2104 3468/3468/2238
f 3252/3252/2104 3468/3468/2238 3469/3469/2238
f 3469/3469/2238 3468/3468/2238 3470/3470/2239
f 3469/3469/2238 3470/3470/2239 3471/3471/2239
f 3471/3471/2239 3470/3470/2239 3472/3472/2080
f 3471/3471/2239 3472/3472/2080 3473/3473/2080
f 3473/3473/2080 3472/3472/2080 3474/3474/2081
f 3473/3473/2080 3474/3474/2081 3475/3475/2081
f 3475/3475/2081 3474/3474/2081 3476/3476/2144
f 3475/3475/2081 3476/3476/2144 3477/3477/2144
f 3477/3477/2144 3476/3476/2144 3478/3478/2031
f 3477/3477/2144 3478/3478/2031 3479/3479/2031
f 3479/3479/2031 3478/3478/2031 3480/3480/2143
f 3479/3479/2031 3480/3480/2143 3481/3481/2143
f 3481/3481/2143 3480/3480/2143 3482/3482/2046
f 3481/3481/2143 3482/3482/2046 3483/3483/2046
f 3483/3483/2046 3482/3482/2046 3484/3484/2097
f 3483/3483/2046 3484/3484/2097 3485/3485/2097
f 3485/3485/2097 3484/3484/2097 3455/3455/2096
f 3485/3485/2097 3455/3455/2096 3454/3454/2096
f 3486/3486/2100 3487/3487/2083 3488/3488/2083
f 3486/3486/2100 3488/3488/2083 3489/3489/2100
f 3028/3028/2094 3031/3031/2097 3058/3058/2046
f 3028/3028/2094 3058/3058/2046 3057/3057/2108
f 3490/3490/2102 3491/3491/2106 3492/3492/2106
f 3490/3490/2102 3492/3492/2106 3493/3493/2102
f 3063/3063/2112 3494/3494/2240 3495/3495/2240
f 3063/3063/2112 3495/3495/2240 3064/3064/2113
f 3490/3490/2102 3493/3493/2102 3496/3496/2084
f 3490/3490/2102 3496/3496/2084 2909/2909/2054
f 3491/3491/2106 3040/3040/2098 3043/3043/2098
f 3491/3491/2106 3043/3043/2098 3492/3492/2106
f 3289/3289/2101 3486/3486/2100 3489/3489/2100
f 3289/3289/2101 3489/3489/2100 3290/3290/2101
f 3497/3497/2241 3498/3498/2241 3293/3293/2185
f 3497/3497/2241 3293/3293/2185 3292/3292/2185
f 3499/3499/2242 3500/3500/2242 3498/3498/2241
f 3499/3499/2242 3498/3498/2241 3497/3497/2241
f 3501/3501/2243 3502/3502/2243 3500/3500/2242
f 3501/3501/2243 3500/3500/2242 3499/3499/2242
f 3503/3503/2244 3504/3504/2244 3502/3502/2243
f 3503/3503/2244 3502/3502/2243 3501/3501/2243
f 3505/3505/2245 3506/3506/2245 3504/3504/2244
f 3505/3505/2245 3504/3504/2244 3503/3503/2244
f 3507/3507/2246 3508/3508/2246 3506/3506/2245
f 3507/3507/2246 3506/3506/2245 3505/3505/2245
f 3509/3509/2247 3510/3510/2248 3508/3508/2246
f 3509/3509/2247 3508/3508/2246 3507/3507/2246
f 3511/3511/2249 3512/3512/2249 3510/3510/2248
f 3511/3511/2249 3510/3510/2248 3509/3509/2247
f 3513/3513/2250 3514/3514/2250 3512/3512/2249
f 3513/3513/2250 3512/3512/2249 3511/3511/2249
f 3515/3515/2251 3516/3516/2251 3514/3514/2250
f 3515/3515/2251 3514/3514/2250 3513/3513/2250
f 3517/3517/2252 3518/3518/2252 3516/3516/2251
f 3517/3517/2252 3516/3516/2251 3515/3515/2251
f 3519/3519/2253 3520/3520/2253 3518/3518/2252
f 3519/3519/2253 3518/3518/2252 3517/3517/2252
f 3521/3521/2254 3522/3522/2254 3520/3520/2253
f 3521/3521/2254 3520/3520/2253 3519/3519/2253
f 2903/2903/2050 2902/2902/2049 3522/3522/2254
f 2903/2903/2050 3522/3522/2254 3521/3521/2254
f 3523/3523/2255 3524/3524/2255 3525/3525/2256
f 3523/3523/2255 3525/3525/2256 3526/3526/2256
f 3527/3527/2102 3528/3528/2102 3529/3529/2257
f 3527/3527/2102 3529/3529/2257 3530/3530/2257
f 3531/3531/2258 3532/3532/2258 3524/3524/2255
f 3531/3531/2258 3524/3524/2255 3523/3523/2255
f 3533/3533/2084 3534/3534/2084 3528/3528/2102
f 3533/3533/2084 3528/3528/2102 3527/3527/2102
f 3535/3535/2259 3536/3536/2259 3532/3532/2258
f 3535/3535/2259 3532/3532/2258 3531/3531/2258
f 3537/3537/2085 3538/3538/2085 3534/3534/2084
f 3537/3537/2085 3534/3534/2084 3533/3533/2084
f 3539/3539/2260 3540/3540/2260 3536/3536/2259
f 3539/3539/2260 3536/3536/2259 3535/3535/2259
f 3541/3541/2103 3542/3542/2103 3538/3538/2085
f 3541/3541/2103 3538/3538/2085 3537/3537/2085
f 3543/3543/2261 3544/3544/2262 3545/3545/2262
f 3543/3543/2261 3545/3545/2262 3546/3546/2263
s 0
f 3547/3547/2264 3548/3548/2264 3549/3549/2265
s 1
f 3547/3547/2266 3549/3549/2267 3550/3550/2268
f 3339/3339/2269 3551/3551/2270 3552/3552/2271
f 3339/3339/2269 3552/3552/2271 3340/3340/2269
s 0
f 3551/3551/2272 3553/3553/2272 3554/3554/2272
f 3551/3551/2272 3554/3554/2272 3552/3552/2272
s 1
f 3553/3553/2273 3555/3555/2274 3556/3556/2274
s 0
f 3553/3553/2274 3556/3556/2274 3554/3554/2274
f 3556/3556/2275 3555/3555/2275 3557/3557/2275
s 1
f 3556/3556/2276 3557/3557/2277 3558/3558/2278
f 3558/3558/2278 3557/3557/2277 3559/3559/2279
f 3558/3558/2278 3559/3559/2279 3560/3560/2279
f 3561/3561/2280 3562/3562/2280 3560/3560/2279
f 3561/3561/2280 3560/3560/2279 3559/3559/2279
f 3563/3563/2281 3564/3564/2282 3562/3562/2280
f 3563/3563/2281 3562/3562/2280 3561/3561/2280
s 0
f 3565/3565/2283 3566/3566/2283 3564/3564/2283
s 1
f 3565/3565/2284 3564/3564/2282 3563/3563/2281
f 3567/3567/2285 3568/3568/2286 3566/3566/2287
f 3567/3567/2285 3566/3566/2287 3565/3565/2288
s 0
f 3569/3569/2289 3570/3570/2289 3568/3568/2289
s 1
f 3569/3569/2290 3568/3568/2286 3567/3567/2285
f 3571/3571/2291 3572/3572/2292 3573/3573/2293
f 3571/3571/2291 3573/3573/2293 3574/3574/2294
f 3575/3575/2295 3571/3571/2291 3574/3574/2294
f 3575/3575/2295 3574/3574/2294 3576/3576/2295
f 3577/3577/2296 3575/3575/2295 3576/3576/2295
f 3577/3577/2296 3576/3576/2295 3578/3578/2297
f 3577/3577/2296 3578/3578/2297 3570/3570/2298
s 0
f 3577/3577/2297 3570/3570/2299 3569/3569/2299
s 1
f 3530/3530/2257 3529/3529/2257 3579/3579/2098
f 3530/3530/2257 3579/3579/2098 3580/3580/2098
f 3526/3526/2256 3525/3525/2256 3581/3581/2300
f 3526/3526/2256 3581/3581/2300 3582/3582/2300
f 3580/3580/2098 3579/3579/2098 3583/3583/2099
f 3580/3580/2098 3583/3583/2099 3584/3584/2099
f 3584/3584/2099 3583/3583/2099 3585/3585/2041
f 3584/3584/2099 3585/3585/2041 3586/3586/2041
f 3582/3582/2300 3581/3581/2300 3352/3352/2037
f 3582/3582/2300 3352/3352/2037 3351/3351/2037
f 3586/3586/2041 3585/3585/2041 3587/3587/2101
f 3586/3586/2041 3587/3587/2101 3588/3588/2101
f 3589/3589/2301 3590/3590/2301 3542/3542/2103
f 3589/3589/2301 3542/3542/2103 3541/3541/2103
f 3588/3588/2101 3587/3587/2101 3540/3540/2260
f 3588/3588/2101 3540/3540/2260 3539/3539/2260
s 0
f 3591/3591/2037 3360/3360/2037 3359/3359/2037
f 3591/3591/2037 3359/3359/2037 3592/3592/2037
f 3593/3593/2037 3364/3364/2037 3363/3363/2037
f 3593/3593/2037 3363/3363/2037 3594/3594/2037
s 1
f 3487/3487/2083 3074/3074/2082 3073/3073/2082
f 3487/3487/2083 3073/3073/2082 3488/3488/2083
f 2910/2910/2055 2909/2909/2054 3496/3496/2084
f 2910/2910/2055 3496/3496/2084 3595/3595/2302
s 0
f 3596/3596/2104 3373/3373/2104 3372/3372/2104
f 3596/3596/2104 3372/3372/2104 3597/3597/2104
f 2988/2988/2041 2990/2990/2041 2921/2921/2041
f 2988/2988/2041 2921/2921/2041 2923/2923/2041
f 2898/2898/2037 3368/3368/2037 3367/3367/2037
f 2898/2898/2037 3367/3367/2037 2899/2899/2037
s 1
f 2983/2983/2041 2985/2985/2074 2911/2911/2056
f 2983/2983/2041 2911/2911/2056 2913/2913/2041
s 0
f 3598/3598/2037 3599/3599/2037 3417/3417/2037
f 3598/3598/2037 3417/3417/2037 3416/3416/2037
f 2912/2912/2041 2991/2991/2041 2986/2986/2041
f 2912/2912/2041 2986/2986/2041 2984/2984/2041
s 1
f 3600/3600/2303 3377/3377/2035 3376/3376/2035
f 3600/3600/2303 3376/3376/2035 3601/3601/2303
s 0
f 3602/3602/2104 3381/3381/2104 3380/3380/2104
f 3602/3602/2104 3380/3380/2104 3603/3603/2104
s 1
f 3604/3604/2304 3385/3385/2047 3384/3384/2047
f 3604/3604/2304 3384/3384/2047 3605/3605/2304
f 3606/3606/2305 3389/3389/2035 3388/3388/2035
f 3606/3606/2305 3388/3388/2035 3607/3607/2305
f 3608/3608/2306 3393/3393/2035 3392/3392/2035
f 3608/3608/2306 3392/3392/2035 3609/3609/2306
f 3610/3610/2307 3397/3397/2047 3396/3396/2047
f 3610/3610/2307 3396/3396/2047 3611/3611/2307
f 3612/3612/2308 3401/3401/2047 3400/3400/2047
f 3612/3612/2308 3400/3400/2047 3613/3613/2308
f 3614/3614/2309 3612/3612/2308 3613/3613/2308
f 3614/3614/2309 3613/3613/2308 3615/3615/2309
f 3616/3616/2310 3608/3608/2306 3609/3609/2306
f 3616/3616/2310 3609/3609/2306 3617/3617/2310
s 0
f 3618/3618/2104 3602/3602/2104 3603/3603/2104
f 3618/3618/2104 3603/3603/2104 3619/3619/2104
f 3620/3620/2037 3591/3591/2037 3592/3592/2037
f 3620/3620/2037 3592/3592/2037 3621/3621/2037
s 1
f 3622/3622/2311 3610/3610/2307 3611/3611/2307
f 3622/3622/2311 3611/3611/2307 3623/3623/2311
f 3624/3624/2312 3606/3606/2305 3607/3607/2305
f 3624/3624/2312 3607/3607/2305 3625/3625/2312
s 0
f 3626/3626/2037 3593/3593/2037 3594/3594/2037
f 3626/3626/2037 3594/3594/2037 3627/3627/2037
f 3628/3628/2037 3419/3419/2037 3418/3418/2037
f 3628/3628/2037 3418/3418/2037 3629/3629/2037
s 1
f 3630/3630/2313 3604/3604/2304 3605/3605/2304
f 3630/3630/2313 3605/3605/2304 3631/3631/2313
f 3632/3632/2314 3600/3600/2303 3601/3601/2303
f 3632/3632/2314 3601/3601/2303 3633/3633/2314
s 0
f 3634/3634/2104 3596/3596/2104 3597/3597/2104
f 3634/3634/2104 3597/3597/2104 3635/3635/2104
f 3636/3636/2104 3637/3637/2104 3638/3638/2104
f 3636/3636/2104 3638/3638/2104 3639/3639/2104
f 3637/3637/2104 3431/3431/2104 3430/3430/2104
f 3637/3637/2104 3430/3430/2104 3638/3638/2104
s 1
f 3640/3640/2041 2919/2919/2041 2918/2918/2057
f 3640/3640/2041 2918/2918/2057 3641/3641/2041
s 0
f 3642/3642/2037 3628/3628/2037 3629/3629/2037
f 3642/3642/2037 3629/3629/2037 3643/3643/2037
f 2929/2929/2035 2930/2930/2035 3644/3644/2035
f 2929/2929/2035 3644/3644/2035 3645/3645/2035
f 2930/2930/2035 2925/2925/2035 3646/3646/2035
f 2930/2930/2035 3646/3646/2035 3644/3644/2035
f 2927/2927/2035 2929/2929/2035 3645/3645/2035
f 2927/2927/2035 3645/3645/2035 3647/3647/2035
f 3648/3648/2035 2927/2927/2035 3647/3647/2035
f 3648/3648/2035 3647/3647/2035 3649/3649/2035
f 3650/3650/2035 3648/3648/2035 3649/3649/2035
f 3650/3650/2035 3649/3649/2035 3651/3651/2035
f 3652/3652/2035 3650/3650/2035 3651/3651/2035
f 3652/3652/2035 3651/3651/2035 3653/3653/2035
f 3654/3654/2035 3652/3652/2035 3653/3653/2035
f 3654/3654/2035 3653/3653/2035 3655/3655/2035
f 3656/3656/2035 3654/3654/2035 3655/3655/2035
f 3656/3656/2035 3655/3655/2035 3657/3657/2035
f 3658/3658/2035 3656/3656/2035 3657/3657/2035
f 3658/3658/2035 3657/3657/2035 3659/3659/2035
f 3660/3660/2035 3658/3658/2035 3659/3659/2035
f 3660/3660/2035 3659/3659/2035 3661/3661/2035
f 2925/2925/2035 2924/2924/2035 3662/3662/2035
f 2925/2925/2035 3662/3662/2035 3646/3646/2035
f 2924/2924/2035 3663/3663/2035 3664/3664/2035
f 2924/2924/2035 3664/3664/2035 3662/3662/2035
f 3663/3663/2035 3665/3665/2035 3666/3666/2035
f 3663/3663/2035 3666/3666/2035 3664/3664/2035
f 3665/3665/2035 3667/3667/2035 3668/3668/2035
f 3665/3665/2035 3668/3668/2035 3666/3666/2035
f 3667/3667/2035 3669/3669/2035 3670/3670/2035
f 3667/3667/2035 3670/3670/2035 3668/3668/2035
f 3669/3669/2035 3671/3671/2035 3672/3672/2035
f 3669/3669/2035 3672/3672/2035 3670/3670/2035
f 3671/3671/2035 3673/3673/2035 3674/3674/2035
f 3671/3671/2035 3674/3674/2035 3672/3672/2035
f 3673/3673/2035 3675/3675/2035 3676/3676/2035
f 3673/3673/2035 3676/3676/2035 3674/3674/2035
f 3675/3675/2035 3677/3677/2035 3678/3678/2035
f 3675/3675/2035 3678/3678/2035 3676/3676/2035
f 3677/3677/2035 3679/3679/2035 3680/3680/2035
f 3677/3677/2035 3680/3680/2035 3678/3678/2035
f 3679/3679/2035 3681/3681/2035 3682/3682/2035
f 3679/3679/2035 3682/3682/2035 3680/3680/2035
f 3681/3681/2035 3683/3683/2035 3684/3684/2035
f 3681/3681/2035 3684/3684/2035 3682/3682/2035
f 3685/3685/2035 3660/3660/2035 3661/3661/2035
f 3685/3685/2035 3661/3661/2035 3686/3686/2035
f 3687/3687/2035 3685/3685/2035 3686/3686/2035
f 3687/3687/2035 3686/3686/2035 3688/3688/2035
f 3689/3689/2035 3687/3687/2035 3688/3688/2035
f 3689/3689/2035 3688/3688/2035 3690/3690/2035
f 3691/3691/2035 3689/3689/2035 3690/3690/2035
f 3691/3691/2035 3690/3690/2035 3692/3692/2035
f 2938/2938/2035 3691/3691/2035 3692/3692/2035
f 2938/2938/2035 3692/3692/2035 3693/3693/2035
f 3683/3683/2035 3211/3211/2035 3694/3694/2035
f 3683/3683/2035 3694/3694/2035 3684/3684/2035
f 3211/3211/2035 2934/2934/2035 2936/2936/2035
f 3211/3211/2035 2936/2936/2035 3694/3694/2035
f 2934/2934/2035 2938/2938/2035 3693/3693/2035
f 2934/2934/2035 3693/3693/2035 2937/2937/2035
s 1
f 3342/3342/2315 3341/3341/2316 3695/3695/2317
s 0
f 3342/3342/2315 3695/3695/2318 3696/3696/2318
s 1
f 3696/3696/2319 3695/3695/2319 3697/3697/2320
s 0
f 3696/3696/2319 3697/3697/2321 3698/3698/2321
s 1
f 3572/3572/2322 3699/3699/2323 3700/3700/2324
s 0
f 3572/3572/2325 3700/3700/2325 3573/3573/2325
s 1
f 3701/3701/2326 3702/3702/2327 3703/3703/2328
s 0
f 3701/3701/2327 3703/3703/2327 3704/3704/2327
f 3699/3699/2329 3701/3701/2329 3704/3704/2329
s 1
f 3699/3699/2323 3704/3704/2330 3700/3700/2324
f 3702/3702/2331 3705/3705/2332 3706/3706/2333
s 0
f 3702/3702/2331 3706/3706/2331 3703/3703/2331
f 3707/3707/2334 3708/3708/2334 3709/3709/2334
f 3707/3707/2334 3709/3709/2334 3710/3710/2334
f 3711/3711/2335 3707/3707/2335 3710/3710/2335
s 1
f 3711/3711/2336 3710/3710/2337 3712/3712/2338
f 3705/3705/2332 3711/3711/2336 3712/3712/2338
f 3705/3705/2332 3712/3712/2338 3706/3706/2333
f 3708/3708/2339 3547/3547/2266 3550/3550/2268
f 3708/3708/2339 3550/3550/2268 3709/3709/2340
f 3548/3548/2267 3713/3713/2341 3714/3714/2341
f 3548/3548/2267 3714/3714/2341 3549/3549/2267
f 3713/3713/2341 3715/3715/2342 3716/3716/2342
f 3713/3713/2341 3716/3716/2342 3714/3714/2341
f 3715/3715/2343 3543/3543/2261 3546/3546/2263
s 0
f 3715/3715/2343 3546/3546/2344 3716/3716/2345
s 1
f 3717/3717/2346 3718/3718/2347 3545/3545/2346
s 0
f 3717/3717/2348 3545/3545/2346 3544/3544/2346
f 3698/3698/2349 3697/3697/2349 3718/3718/2349
f 3698/3698/2350 3718/3718/2349 3717/3717/2349
f 3719/3719/2035 3720/3720/2035 3721/3721/2035
f 3719/3719/2035 3721/3721/2035 3722/3722/2035
s 1
f 2831/2831/2018 2830/2830/2017 3060/3060/2110
f 2831/2831/2018 3060/3060/2110 3059/3059/2109
f 3027/3027/2093 3026/3026/2093 3723/3723/2351
f 3027/3027/2093 3723/3723/2351 3724/3724/2351
s 0
f 2917/2917/2047 2916/2916/2047 2897/2897/2047
f 2917/2917/2047 2897/2897/2047 2896/2896/2047
s 1
f 3150/3150/2148 3110/3110/2137 3109/3109/2136
f 3150/3150/2148 3109/3109/2136 3111/3111/2138
f 3436/3436/2224 3435/3435/2223 3725/3725/2352
f 3436/3436/2224 3725/3725/2352 3726/3726/2352
s 0
f 2986/2986/2041 2987/2987/2041 2921/2921/2041
s 1
f 2986/2986/2041 2921/2921/2041 2985/2985/2074
f 2992/2992/2041 2991/2991/2041 2911/2911/2056
f 2992/2992/2041 2911/2911/2056 2990/2990/2041
f 2906/2906/2052 2931/2931/2046 2993/2993/2046
f 2906/2906/2052 2993/2993/2046 2907/2907/2046
s 0
f 2998/2998/2046 2994/2994/2046 2892/2892/2046
s 1
f 2998/2998/2046 2892/2892/2046 2997/2997/2075
f 2832/2832/2019 2831/2831/2018 3050/3050/2105
f 2832/2832/2019 3050/3050/2105 2837/2837/2024
f 3452/3452/2235 3453/3453/2236 3451/3451/2234
f 3452/3452/2235 3451/3451/2234 3450/3450/2233
f 3727/3727/2353 2999/2999/2076 3001/3001/2078
f 2999/2999/2076 3727/3727/2353 3728/3728/2046
f 2999/2999/2076 3728/3728/2046 3729/3729/2046
f 3002/3002/2079 3732/3730/2354 2918/2918/2057
f 3732/3730/2354 3002/3002/2079 3731/3731/2041
f 3731/3731/2041 3002/3002/2079 3730/3732/2041
o slot_low.001_M_WP_Revolver_0
v -0.201015 -0.027870 0.261475
v -0.247411 -0.034117 0.217579
v -0.236758 -0.073883 0.217579
v -0.175419 -0.000167 0.316332
v -0.199283 -0.044908 0.259798
v -0.193491 -0.071333 0.160516
v -0.236022 -0.076648 0.160516
v -0.243139 -0.053977 0.160516
v -0.207652 -0.111843 0.160516
v -0.222381 -0.098209 0.160516
v -0.243139 -0.053977 0.160516
v -0.236022 -0.076648 0.160516
v -0.236758 -0.073883 0.217579
v -0.148384 0.249152 0.217579
v -0.115986 0.215360 0.261475
v -0.113792 0.274716 0.217579
v -0.113224 0.177744 0.316332
v -0.104015 0.227608 0.259798
v -0.083233 0.244063 0.161246
v -0.090717 0.283554 0.160516
v -0.068859 0.285178 0.160516
v -0.111446 0.276358 0.160516
v -0.132669 0.262025 0.160516
v -0.113792 0.274716 0.217579
v -0.111446 0.276358 0.160516
v -0.132669 0.262025 0.160516
v -0.178030 0.060167 0.436329
v -0.152856 0.132177 0.436329
v -0.168989 0.097412 0.436088
v -0.157019 0.032994 0.198756
v -0.253011 0.069805 0.198756
v -0.240262 0.122328 0.198756
v -0.253011 0.069805 0.217579
v -0.240262 0.122328 0.217579
v -0.240262 0.122328 0.198756
v -0.253011 0.069805 0.198756
v -0.255269 0.015805 0.217579
v -0.255269 0.015805 0.192913
v -0.247411 -0.034117 0.217579
v -0.248894 -0.033599 0.180255
v -0.171335 0.011532 0.351508
v -0.173005 0.022248 0.351508
v -0.178790 0.021580 0.316002
v -0.204052 0.061745 0.261475
v -0.206319 0.016454 0.261475
v -0.177189 0.059873 0.316002
v -0.193205 0.105877 0.261475
v -0.168148 0.097118 0.316002
v -0.173903 0.006684 0.432099
v -0.179631 0.021874 0.437253
v -0.173005 0.022248 0.401102
v -0.171373 0.011774 0.401102
v -0.171458 0.059241 0.351508
v -0.162724 0.095221 0.351508
v -0.171458 0.059241 0.401102
v -0.178030 0.060167 0.436329
v -0.162724 0.095221 0.401102
v -0.168989 0.097412 0.436088
v -0.240262 0.122328 0.217579
v -0.253011 0.069805 0.217579
v -0.255269 0.015805 0.217579
v -0.207655 -0.111849 0.214947
v -0.189288 -0.059311 0.257739
v -0.223891 -0.095900 0.216610
v -0.167340 0.003472 0.350654
v -0.167281 0.003641 0.401942
v -0.168364 0.000542 0.426087
v -0.171105 -0.007299 0.317779
v -0.217512 0.171353 0.217579
v -0.217512 0.171353 0.198756
v -0.185634 0.214999 0.217579
v -0.185862 0.214686 0.193018
v -0.148384 0.249152 0.217579
v -0.149867 0.249670 0.180255
v -0.068859 0.285178 0.160516
v -0.090717 0.283554 0.160516
v -0.093340 0.282633 0.216745
v -0.068857 0.285185 0.214947
v -0.117318 0.166048 0.351508
v -0.129410 0.162833 0.316002
v -0.125301 0.158706 0.351508
v -0.174194 0.147156 0.261475
v -0.152015 0.131883 0.316002
v -0.147750 0.183994 0.261475
v -0.116307 0.171440 0.432099
v -0.117499 0.165882 0.401102
v -0.125301 0.158706 0.401102
v -0.130250 0.163127 0.437253
v -0.147139 0.128807 0.351508
v -0.147139 0.128807 0.401102
v -0.152856 0.132177 0.436329
v -0.068857 0.285185 0.214947
v -0.093340 0.282633 0.216745
v -0.087224 0.232647 0.257739
v -0.217512 0.171353 0.217579
v -0.185634 0.214999 0.217579
v -0.109231 0.169694 0.401942
v -0.109172 0.169863 0.350654
v -0.108148 0.172793 0.426087
v -0.105406 0.180635 0.317779
v -0.168364 0.000542 0.426087
v -0.108148 0.172793 0.426087
v -0.116307 0.171440 0.432099
v -0.173903 0.006684 0.432099
v -0.130250 0.163127 0.437253
v -0.179631 0.021874 0.437253
v -0.193491 -0.071333 0.160516
v -0.243139 -0.053977 0.160516
v -0.248894 -0.033599 0.180255
v -0.187769 -0.054967 0.180255
v -0.187769 -0.054967 0.180255
v -0.248894 -0.033599 0.180255
v -0.255269 0.015805 0.192913
v -0.172951 -0.012580 0.193018
v -0.088743 0.228302 0.180255
v -0.103560 0.185915 0.193018
v -0.185862 0.214686 0.193018
v -0.149867 0.249670 0.180255
v -0.119493 0.140341 0.198756
v -0.217512 0.171353 0.198756
v -0.083233 0.244063 0.161246
v -0.088743 0.228302 0.180255
v -0.149867 0.249670 0.180255
v -0.132669 0.262025 0.160516
v -0.207655 -0.111849 0.214947
v -0.223891 -0.095900 0.216610
v -0.222381 -0.098209 0.160516
v -0.207652 -0.111843 0.160516
vn -0.7796 -0.1474 0.6086
vn -0.6679 -0.1344 0.7320
vn -0.6332 -0.2434 0.7347
vn -0.8729 -0.2900 0.3924
vn -0.6431 -0.3512 0.6805
vn -0.0000 -0.0000 -1.0000
vn -0.9585 -0.2850 0.0118
vn -0.9093 -0.4161 0.0044
vn -0.9179 -0.3966 0.0120
vn -0.4387 0.5212 0.7320
vn -0.5193 0.6000 0.6085
vn -0.3476 0.5818 0.7353
vn -0.5021 0.7707 0.3924
vn -0.2858 0.6738 0.6815
vn 0.0056 -0.0166 -0.9998
vn 0.0037 -0.0178 -0.9998
vn 0.0014 -0.0182 -0.9998
vn 0.0081 -0.0155 -0.9998
vn 0.0096 -0.0142 -0.9999
vn -0.4707 0.8822 0.0115
vn -0.4520 0.8920 0.0036
vn -0.5726 0.8198 0.0113
vn -0.0775 0.0271 0.9966
vn -0.0603 0.0211 0.9980
vn 0.0205 0.0552 -0.9983
vn 0.0167 0.0456 -0.9988
vn -0.9902 0.1395 -0.0000
vn -0.9440 0.3300 -0.0000
vn -0.9907 0.1363 -0.0000
vn -0.9986 -0.0517 0.0113
vn -0.9980 -0.0618 0.0125
vn -0.9778 -0.2085 0.0222
vn -0.9743 -0.2240 0.0222
vn -0.9505 -0.2944 0.0989
vn -0.9951 -0.0552 0.0817
vn -0.9479 -0.0444 0.3154
vn -0.7825 0.1113 0.6126
vn -0.7891 -0.0364 0.6132
vn -0.9419 0.1350 0.3075
vn -0.7467 0.2611 0.6117
vn -0.8990 0.3143 0.3049
vn -0.9255 -0.3498 -0.1455
vn -0.9816 -0.0874 -0.1698
vn -0.9932 -0.0805 -0.0845
vn -0.9378 -0.3399 -0.0702
vn -0.9870 0.1392 0.0808
vn -0.9409 0.3289 0.0805
vn -0.9860 0.1383 -0.0929
vn -0.9736 0.1347 -0.1843
vn -0.9398 0.3285 -0.0938
vn -0.9275 0.3243 -0.1859
vn -0.6244 0.2183 0.7500
vn -0.6565 0.0945 0.7483
vn -0.6696 -0.0304 0.7421
vn -0.4285 -0.4653 0.7745
vn -0.5076 -0.4645 0.7256
vn -0.5009 -0.4006 0.7673
vn -0.8784 -0.4562 0.1423
vn -0.8696 -0.4886 -0.0713
vn -0.8432 -0.5210 -0.1326
vn -0.7589 -0.4635 0.4575
vn -0.8615 0.5078 -0.0000
vn -0.8598 0.5106 -0.0000
vn -0.7486 0.6629 0.0108
vn -0.7431 0.6691 0.0118
vn -0.6354 0.7719 0.0216
vn -0.6229 0.7820 0.0216
vn -0.0895 0.9960 0.0061
vn -0.2149 0.9766 0.0062
vn -0.2275 0.9738 0.0062
vn -0.5601 0.8225 0.0989
vn -0.7138 0.6253 0.3154
vn -0.7438 0.6634 0.0816
vn -0.6814 0.4004 0.6126
vn -0.8209 0.4813 0.3074
vn -0.5946 0.5200 0.6132
vn -0.5060 0.8502 -0.1455
vn -0.5218 0.8502 -0.0702
vn -0.7267 0.6817 -0.0846
vn -0.7133 0.6800 -0.1698
vn -0.8587 0.5060 0.0808
vn -0.8574 0.5061 -0.0929
vn -0.8455 0.5012 -0.1843
vn -0.0434 0.6303 0.7751
vn -0.1462 0.6233 0.7682
vn -0.1065 0.6792 0.7261
vn -0.5724 0.3349 0.7484
vn -0.5048 0.4410 0.7421
vn -0.3758 0.9240 -0.0713
vn -0.4029 0.9041 0.1423
vn -0.3350 0.9328 -0.1326
vn -0.3048 0.8353 0.4575
vn 0.6023 -0.2106 0.7700
vn 0.5546 -0.1939 0.8093
vn 0.5546 -0.1939 0.8092
vn 0.3691 -0.1290 0.9204
vn 0.2479 0.7092 -0.6599
vn 0.0902 0.2581 -0.9619
vn 0.0591 0.1651 -0.9845
vn 0.0657 0.1839 -0.9807
vn -0.0902 -0.2581 -0.9619
vn -0.0634 -0.1842 -0.9808
vn -0.0567 -0.1655 -0.9846
vn -0.0188 -0.0559 -0.9983
vn -0.0154 -0.0462 -0.9988
vn -0.2479 -0.7092 -0.6599
vn -0.6906 -0.7232 0.0056
vn -0.7846 -0.6199 0.0061
vn -0.7766 -0.6300 0.0060
vt 0.243996 0.848295
vt 0.252948 0.845803
vt 0.250864 0.840252
vt 0.236174 0.853843
vt 0.243568 0.845817
vt 0.066474 0.972221
vt 0.063712 0.977787
vt 0.066475 0.979846
vt 0.060253 0.972221
vt 0.061414 0.974889
vt 0.777713 0.659861
vt 0.777730 0.663306
vt 0.786001 0.662853
vt 0.252949 0.890788
vt 0.243996 0.888296
vt 0.250770 0.896589
vt 0.236174 0.882747
vt 0.243567 0.890774
vt 0.062402 0.171629
vt 0.059488 0.176676
vt 0.062402 0.177944
vt 0.056995 0.174700
vt 0.054776 0.171723
vt 0.786001 0.604651
vt 0.777730 0.604199
vt 0.777713 0.607911
vt 0.307586 0.504909
vt 0.307586 0.493849
vt 0.307040 0.499379
vt 0.457810 0.332912
vt 0.442911 0.333358
vt 0.442143 0.341156
vt 0.785977 0.641721
vt 0.785977 0.633886
vt 0.783248 0.633885
vt 0.783248 0.641721
vt 0.785976 0.649557
vt 0.782401 0.649557
vt 0.785976 0.656884
vt 0.780561 0.656778
vt 0.231618 0.856106
vt 0.231775 0.857573
vt 0.236835 0.856883
vt 0.246607 0.861383
vt 0.245606 0.854645
vt 0.237480 0.862502
vt 0.246940 0.868295
vt 0.237693 0.868295
vt 0.220685 0.855730
vt 0.219881 0.857880
vt 0.224897 0.857880
vt 0.224881 0.856429
vt 0.232141 0.862851
vt 0.232271 0.868295
vt 0.225029 0.863045
vt 0.220065 0.863087
vt 0.225084 0.868295
vt 0.220134 0.868295
vt 0.256786 0.868295
vt 0.256350 0.860483
vt 0.255044 0.852778
vt 0.246895 0.834585
vt 0.242378 0.843580
vt 0.249032 0.837073
vt 0.231567 0.854901
vt 0.224776 0.855207
vt 0.221586 0.854709
vt 0.235600 0.852844
vt 0.785978 0.626050
vt 0.783249 0.626050
vt 0.785978 0.618214
vt 0.782417 0.618270
vt 0.785976 0.610887
vt 0.780561 0.610994
vt 0.777774 0.597840
vt 0.777749 0.601017
vt 0.785899 0.601471
vt 0.785665 0.597900
vt 0.231618 0.880485
vt 0.236834 0.879707
vt 0.231775 0.879017
vt 0.246607 0.875207
vt 0.237480 0.874089
vt 0.245605 0.881946
vt 0.220685 0.880860
vt 0.224880 0.880162
vt 0.224897 0.878711
vt 0.219881 0.878710
vt 0.232141 0.873739
vt 0.225029 0.873545
vt 0.220065 0.873503
vt 0.246884 0.902008
vt 0.249197 0.899320
vt 0.242375 0.893010
vt 0.256350 0.876108
vt 0.255044 0.883812
vt 0.224776 0.881383
vt 0.231567 0.881690
vt 0.221586 0.881881
vt 0.235600 0.883746
vt 0.312256 0.512606
vt 0.312256 0.486151
vt 0.310890 0.486727
vt 0.310890 0.512031
vt 0.309204 0.488532
vt 0.309204 0.510226
vt 0.070144 0.986894
vt 0.070144 0.994519
vt 0.073953 0.996282
vt 0.073953 0.986894
vt 0.457807 0.319096
vt 0.448419 0.319098
vt 0.445185 0.325811
vt 0.457808 0.325864
vt 0.457807 0.363216
vt 0.457808 0.356448
vt 0.445168 0.356445
vt 0.448419 0.363214
vt 0.457810 0.349399
vt 0.442911 0.348954
vt 0.092733 0.926018
vt 0.092733 0.922350
vt 0.083346 0.922350
vt 0.085108 0.926159
vt 0.785669 0.669852
vt 0.785884 0.666551
vt 0.777754 0.667005
vt 0.777777 0.669915
s 1
usemtl M_WP_Revolver
f 3733/3733/2355 3734/3734/2356 3735/3735/2357
f 3736/3736/2358 3733/3733/2355 3737/3737/2359
s 0
f 3738/3738/2360 3739/3739/2360 3740/3740/2360
f 3738/3738/2360 3741/3741/2360 3742/3742/2360
s 1
f 3743/3743/2361 3744/3744/2362 3745/3745/2363
f 3746/3746/2364 3747/3747/2365 3748/3748/2366
f 3749/3749/2367 3750/3750/2368 3747/3747/2365
f 3751/3751/2369 3752/3752/2370 3753/3753/2371
f 3754/3754/2372 3751/3751/2369 3755/3755/2373
f 3756/3756/2374 3757/3757/2375 3758/3758/2376
f 3759/3759/2377 3760/3760/2377 3761/3761/2378
f 3762/3762/2379 3763/3763/2380 3764/3764/2360
f 3754/3754/2372 3752/3752/2370 3751/3751/2369
s 0
f 3742/3742/2360 3739/3739/2360 3738/3738/2360
s 1
f 3765/3765/2381 3766/3766/2382 3767/3767/2382
f 3765/3765/2381 3767/3767/2382 3768/3768/2383
f 3769/3769/2384 3765/3765/2381 3768/3768/2383
f 3769/3769/2384 3768/3768/2383 3770/3770/2385
f 3771/3771/2386 3769/3769/2384 3770/3770/2385
f 3771/3771/2386 3770/3770/2385 3772/3772/2387
f 3773/3773/2388 3774/3774/2389 3775/3775/2390
f 3773/3773/2388 3775/3775/2390 3736/3736/2358
f 3776/3776/2391 3777/3777/2392 3775/3775/2390
f 3776/3776/2391 3775/3775/2390 3778/3778/2393
f 3779/3779/2394 3776/3776/2391 3778/3778/2393
f 3779/3779/2394 3778/3778/2393 3780/3780/2395
f 3781/3781/2396 3782/3782/2397 3783/3783/2398
f 3781/3781/2396 3783/3783/2398 3784/3784/2399
f 3780/3780/2395 3778/3778/2393 3785/3785/2400
f 3780/3780/2395 3785/3785/2400 3786/3786/2401
f 3778/3778/2393 3775/3775/2390 3774/3774/2389
f 3778/3778/2393 3774/3774/2389 3785/3785/2400
f 3777/3777/2392 3733/3733/2355 3736/3736/2358
f 3777/3777/2392 3736/3736/2358 3775/3775/2390
f 3787/3787/2402 3783/3783/2398 3782/3782/2397
f 3787/3787/2402 3782/3782/2397 3788/3788/2403
f 3789/3789/2404 3787/3787/2402 3788/3788/2403
f 3789/3789/2404 3788/3788/2403 3790/3790/2405
f 3783/3783/2398 3787/3787/2402 3785/3785/2400
f 3783/3783/2398 3785/3785/2400 3774/3774/2389
f 3787/3787/2402 3789/3789/2404 3786/3786/2401
f 3787/3787/2402 3786/3786/2401 3785/3785/2400
f 3791/3791/2406 3792/3792/2407 3776/3776/2391
f 3791/3791/2406 3776/3776/2391 3779/3779/2394
f 3784/3784/2399 3783/3783/2398 3774/3774/2389
f 3784/3784/2399 3774/3774/2389 3773/3773/2388
f 3793/3793/2408 3734/3734/2356 3733/3733/2355
f 3793/3793/2408 3733/3733/2355 3777/3777/2392
f 3792/3792/2407 3793/3793/2408 3777/3777/2392
f 3792/3792/2407 3777/3777/2392 3776/3776/2391
f 3794/3794/2409 3795/3795/2410 3737/3737/2359
f 3794/3794/2409 3737/3737/2359 3796/3796/2411
f 3784/3784/2399 3773/3773/2388 3797/3797/2412
f 3784/3784/2399 3797/3797/2412 3798/3798/2413
f 3781/3781/2396 3784/3784/2399 3798/3798/2413
f 3781/3781/2396 3798/3798/2413 3799/3799/2414
f 3795/3795/2410 3800/3800/2415 3736/3736/2358
f 3795/3795/2410 3736/3736/2358 3737/3737/2359
f 3800/3800/2415 3797/3797/2412 3773/3773/2388
f 3800/3800/2415 3773/3773/2388 3736/3736/2358
f 3766/3766/2382 3801/3801/2416 3802/3802/2417
f 3766/3766/2382 3802/3802/2417 3767/3767/2382
f 3801/3801/2416 3803/3803/2418 3804/3804/2419
f 3801/3801/2416 3804/3804/2419 3802/3802/2417
f 3803/3803/2418 3805/3805/2420 3806/3806/2421
f 3803/3803/2418 3806/3806/2421 3804/3804/2419
f 3807/3807/2422 3808/3808/2423 3809/3809/2424
f 3807/3807/2422 3809/3809/2424 3810/3810/2422
f 3811/3811/2425 3749/3749/2367 3812/3812/2426
f 3811/3811/2425 3812/3812/2426 3813/3813/2427
f 3814/3814/2428 3815/3815/2429 3812/3812/2426
f 3814/3814/2428 3812/3812/2426 3816/3816/2430
f 3779/3779/2394 3780/3780/2395 3815/3815/2429
f 3779/3779/2394 3815/3815/2429 3814/3814/2428
f 3817/3817/2431 3818/3818/2432 3819/3819/2433
f 3817/3817/2431 3819/3819/2433 3820/3820/2434
f 3780/3780/2395 3786/3786/2401 3821/3821/2435
f 3780/3780/2395 3821/3821/2435 3815/3815/2429
f 3815/3815/2429 3821/3821/2435 3813/3813/2427
f 3815/3815/2429 3813/3813/2427 3812/3812/2426
f 3816/3816/2430 3812/3812/2426 3749/3749/2367
f 3816/3816/2430 3749/3749/2367 3747/3747/2365
f 3822/3822/2436 3823/3823/2437 3820/3820/2434
f 3822/3822/2436 3820/3820/2434 3819/3819/2433
f 3789/3789/2404 3790/3790/2405 3823/3823/2437
f 3789/3789/2404 3823/3823/2437 3822/3822/2436
f 3819/3819/2433 3813/3813/2427 3821/3821/2435
f 3819/3819/2433 3821/3821/2435 3822/3822/2436
f 3822/3822/2436 3821/3821/2435 3786/3786/2401
f 3822/3822/2436 3786/3786/2401 3789/3789/2404
f 3824/3824/2438 3825/3825/2439 3750/3750/2368
f 3824/3824/2438 3750/3750/2368 3826/3826/2440
f 3791/3791/2406 3779/3779/2394 3814/3814/2428
f 3791/3791/2406 3814/3814/2428 3827/3827/2441
f 3818/3818/2432 3811/3811/2425 3813/3813/2427
f 3818/3818/2432 3813/3813/2427 3819/3819/2433
f 3828/3828/2442 3816/3816/2430 3747/3747/2365
f 3828/3828/2442 3747/3747/2365 3746/3746/2364
f 3827/3827/2441 3814/3814/2428 3816/3816/2430
f 3827/3827/2441 3816/3816/2430 3828/3828/2442
f 3818/3818/2432 3829/3829/2443 3830/3830/2444
f 3818/3818/2432 3830/3830/2444 3811/3811/2425
f 3817/3817/2431 3831/3831/2445 3829/3829/2443
f 3817/3817/2431 3829/3829/2443 3818/3818/2432
f 3826/3826/2440 3750/3750/2368 3749/3749/2367
f 3826/3826/2440 3749/3749/2367 3832/3832/2446
f 3832/3832/2446 3749/3749/2367 3811/3811/2425
f 3832/3832/2446 3811/3811/2425 3830/3830/2444
f 3833/3833/2447 3834/3834/2447 3835/3835/2448
f 3833/3833/2447 3835/3835/2448 3836/3836/2449
f 3836/3836/2449 3835/3835/2448 3837/3837/2450
f 3836/3836/2449 3837/3837/2450 3838/3838/2450
f 3838/3838/2450 3837/3837/2450 3760/3760/2377
f 3838/3838/2450 3760/3760/2377 3759/3759/2377
s 0
f 3839/3839/2451 3840/3840/2451 3841/3841/2451
f 3839/3839/2451 3841/3841/2451 3842/3842/2451
s 1
f 3843/3843/2452 3844/3844/2452 3845/3845/2453
f 3843/3843/2452 3845/3845/2453 3846/3846/2454
f 3847/3847/2455 3848/3848/2456 3849/3849/2457
f 3847/3847/2455 3849/3849/2457 3850/3850/2455
f 3846/3846/2454 3845/3845/2453 3763/3763/2380
f 3846/3846/2454 3763/3763/2380 3762/3762/2379
f 3849/3849/2457 3848/3848/2456 3851/3851/2458
f 3849/3849/2457 3851/3851/2458 3852/3852/2459
s 0
f 3853/3853/2460 3854/3854/2460 3855/3855/2460
f 3853/3853/2460 3855/3855/2460 3856/3856/2460
s 1
f 3851/3851/2458 3762/3762/2379 3764/3764/2360
f 3851/3851/2458 3764/3764/2360 3852/3852/2459
f 3857/3857/2461 3858/3858/2462 3859/3859/2463
f 3857/3857/2461 3859/3859/2463 3860/3860/2461
f 3809/3809/2424 3808/3808/2423 3757/3757/2375
f 3809/3809/2424 3757/3757/2375 3756/3756/2374
f 3805/3805/2420 3756/3756/2374 3758/3758/2376
f 3805/3805/2420 3758/3758/2376 3806/3806/2421
f 3747/3747/2365 3750/3750/2368 3825/3825/2439
f 3747/3747/2365 3825/3825/2439 3748/3748/2366
f 3745/3745/2363 3744/3744/2362 3859/3859/2463
f 3745/3745/2363 3859/3859/2463 3858/3858/2462
f 3772/3772/2387 3743/3743/2361 3745/3745/2363
f 3772/3772/2387 3745/3745/2363 3771/3771/2386
f 3796/3796/2411 3737/3737/2359 3733/3733/2355
f 3796/3796/2411 3733/3733/2355 3735/3735/2357
o slot_ball_low.001_M_WP_Revolver_0
v -0.176908 0.143706 0.436324
v -0.194804 0.106436 0.436324
v -0.177940 0.140754 0.452048
v -0.180880 0.132346 0.465377
v -0.185279 0.119763 0.474284
v -0.190467 0.104920 0.477412
v -0.195656 0.090077 0.474284
v -0.200055 0.077494 0.465377
v -0.126904 0.187780 0.436324
v -0.100394 0.183395 0.433397
v -0.134649 0.085407 0.433397
v -0.202994 0.069086 0.452048
v -0.204026 0.066134 0.436324
v -0.153065 0.172270 0.436324
v -0.176908 0.143706 0.436324
v -0.194804 0.106436 0.436324
v -0.204026 0.066134 0.436324
v -0.203173 0.028936 0.436324
v -0.192373 0.000505 0.436324
v -0.168905 -0.012581 0.433397
v -0.153065 0.172270 0.436324
v -0.154972 0.166815 0.465377
v -0.126904 0.187780 0.436324
v -0.129395 0.180653 0.474284
v -0.160403 0.151280 0.490008
v -0.136491 0.160354 0.506465
v -0.168531 0.128029 0.506465
v -0.147111 0.129976 0.527968
v -0.178119 0.100603 0.512244
v -0.159638 0.094143 0.535519
v -0.187707 0.073177 0.506465
v -0.172165 0.058309 0.527968
v -0.195835 0.049927 0.490008
v -0.182785 0.027931 0.506465
v -0.182785 0.027931 0.506465
v -0.189881 0.007633 0.474284
v -0.166297 -0.005123 0.473120
v -0.158871 0.016119 0.506797
v -0.136491 0.160354 0.506465
v -0.147111 0.129976 0.527968
v -0.121540 0.122905 0.529298
v -0.110427 0.154695 0.506797
v -0.201266 0.034391 0.465377
v -0.159638 0.094143 0.535519
v -0.172165 0.058309 0.527968
v -0.147758 0.047908 0.529298
v -0.134649 0.085407 0.537200
v -0.129395 0.180653 0.474284
v -0.103001 0.175936 0.473120
v -0.189881 0.007633 0.474284
v -0.203173 0.028936 0.436324
v -0.126904 0.187780 0.436324
v -0.100394 0.183395 0.433397
v -0.192373 0.000505 0.436324
v -0.168905 -0.012581 0.433397
v -0.192373 0.000505 0.436324
vn -0.8319 0.5528 0.0492
vn -0.9415 0.3291 0.0728
vn -0.8391 0.5357 0.0948
vn -0.8568 0.4850 0.1751
vn -0.8833 0.4092 0.2288
vn -0.9146 0.3197 0.2476
vn -0.9459 0.2303 0.2288
vn -0.9724 0.1544 0.1751
vn -0.0700 0.0338 -0.9970
vn -0.1038 0.0363 -0.9939
vn -0.0485 0.0169 -0.9987
vn -0.9901 0.1038 0.0948
vn -0.9951 0.0859 0.0492
vn -0.0224 0.0289 -0.9993
vn -0.0357 0.0243 -0.9991
vn -0.0433 0.0151 -0.9989
vn -0.0431 0.0032 -0.9991
vn -0.0355 -0.0087 -0.9993
vn -0.0758 0.0172 -0.9970
vn -0.6310 0.7689 0.1030
vn -0.6475 0.7356 0.1991
vn -0.5058 0.8532 0.1270
vn -0.5261 0.8139 0.2463
vn -0.6847 0.6291 0.3679
vn -0.5722 0.6822 0.4552
vn -0.7404 0.4698 0.4807
vn -0.6411 0.4851 0.5947
vn -0.8061 0.2818 0.5203
vn -0.7224 0.2525 0.6437
vn -0.8718 0.0938 0.4807
vn -0.8037 0.0200 0.5947
vn -0.9275 -0.0655 0.3679
vn -0.8726 -0.1771 0.4552
vn -0.3194 -0.6267 0.7108
vn -0.4228 -0.8174 0.3912
vn -0.4282 -0.8253 0.3681
vn -0.3253 -0.6389 0.6971
vn 0.1406 0.6892 0.7108
vn 0.0568 0.3793 0.9235
vn 0.0596 0.3885 0.9195
vn 0.1437 0.7024 0.6971
vn -0.9648 -0.1720 0.1991
vn -0.0598 0.0209 0.9980
vn -0.1919 -0.3321 0.9235
vn -0.1955 -0.3411 0.9195
vn 0.1786 0.9028 0.3912
vn 0.1793 0.9123 0.3681
vn -0.9187 -0.3089 0.2463
vn -0.9726 -0.2083 0.1030
vn 0.1808 0.9644 0.1930
vn -0.4594 -0.8670 0.1930
vn -0.9273 -0.3522 0.1270
vt 0.779753 0.388489
vt 0.779753 0.382347
vt 0.777454 0.387958
vt 0.775552 0.386656
vt 0.774268 0.384774
vt 0.773765 0.382563
vt 0.774105 0.380320
vt 0.775250 0.378344
vt 0.299366 0.480684
vt 0.303228 0.481350
vt 0.303218 0.466301
vt 0.777062 0.376906
vt 0.779316 0.376226
vt 0.296530 0.477309
vt 0.294635 0.472258
vt 0.293970 0.466301
vt 0.294635 0.460344
vt 0.296530 0.455293
vt 0.299366 0.451917
vt 0.303228 0.451251
vt 0.779341 0.393997
vt 0.775211 0.392812
vt 0.778709 0.398410
vt 0.773276 0.396776
vt 0.771811 0.390336
vt 0.768619 0.393413
vt 0.769453 0.386876
vt 0.765431 0.388617
vt 0.768532 0.382788
vt 0.764126 0.383019
vt 0.769127 0.378635
vt 0.764896 0.377278
vt 0.771180 0.374946
vt 0.767676 0.372155
vt 0.287183 0.002793
vt 0.281400 0.002793
vt 0.281400 0.006625
vt 0.287183 0.006625
vt 0.310313 0.002793
vt 0.304531 0.002793
vt 0.304531 0.006625
vt 0.310313 0.006625
vt 0.774451 0.372198
vt 0.298748 0.002793
vt 0.292965 0.002793
vt 0.292965 0.006625
vt 0.298748 0.006625
vt 0.316096 0.002793
vt 0.316096 0.006625
vt 0.772105 0.368312
vt 0.778583 0.370714
vt 0.321879 0.002793
vt 0.321879 0.006625
vt 0.275617 0.002793
vt 0.275617 0.006625
vt 0.777613 0.366182
s 1
usemtl M_WP_Revolver
f 3861/3861/2464 3862/3862/2465 3863/3863/2466
f 3863/3863/2466 3862/3862/2465 3864/3864/2467
f 3864/3864/2467 3862/3862/2465 3865/3865/2468
f 3865/3865/2468 3862/3862/2465 3866/3866/2469
f 3866/3866/2469 3862/3862/2465 3867/3867/2470
f 3867/3867/2470 3862/3862/2465 3868/3868/2471
f 3869/3869/2472 3870/3870/2473 3871/3871/2474
f 3868/3868/2471 3862/3862/2465 3872/3872/2475
f 3872/3872/2475 3862/3862/2465 3873/3873/2476
f 3874/3874/2477 3869/3869/2472 3871/3871/2474
f 3875/3875/2478 3874/3874/2477 3871/3871/2474
f 3876/3876/2479 3875/3875/2478 3871/3871/2474
f 3877/3877/2480 3876/3876/2479 3871/3871/2474
f 3878/3878/2481 3877/3877/2480 3871/3871/2474
f 3879/3879/2482 3878/3878/2481 3871/3871/2474
f 3880/3880/2473 3879/3879/2482 3871/3871/2474
f 3881/3881/2483 3861/3861/2464 3863/3863/2466
f 3881/3881/2483 3863/3863/2466 3882/3882/2484
f 3883/3883/2485 3881/3881/2483 3882/3882/2484
f 3883/3883/2485 3882/3882/2484 3884/3884/2486
f 3884/3884/2486 3882/3882/2484 3885/3885/2487
f 3884/3884/2486 3885/3885/2487 3886/3886/2488
f 3882/3882/2484 3863/3863/2466 3864/3864/2467
f 3882/3882/2484 3864/3864/2467 3885/3885/2487
f 3885/3885/2487 3864/3864/2467 3865/3865/2468
f 3885/3885/2487 3865/3865/2468 3887/3887/2489
f 3886/3886/2488 3885/3885/2487 3887/3887/2489
f 3886/3886/2488 3887/3887/2489 3888/3888/2490
f 3887/3887/2489 3865/3865/2468 3866/3866/2469
f 3887/3887/2489 3866/3866/2469 3889/3889/2491
f 3888/3888/2490 3887/3887/2489 3889/3889/2491
f 3888/3888/2490 3889/3889/2491 3890/3890/2492
f 3890/3890/2492 3889/3889/2491 3891/3891/2493
f 3890/3890/2492 3891/3891/2493 3892/3892/2494
f 3889/3889/2491 3866/3866/2469 3867/3867/2470
f 3889/3889/2491 3867/3867/2470 3891/3891/2493
f 3892/3892/2494 3891/3891/2493 3893/3893/2495
f 3892/3892/2494 3893/3893/2495 3894/3894/2496
f 3891/3891/2493 3867/3867/2470 3868/3868/2471
f 3891/3891/2493 3868/3868/2471 3893/3893/2495
f 3895/3895/2497 3896/3896/2498 3897/3897/2499
f 3895/3895/2497 3897/3897/2499 3898/3898/2500
f 3899/3899/2501 3900/3900/2502 3901/3901/2503
f 3899/3899/2501 3901/3901/2503 3902/3902/2504
f 3893/3893/2495 3868/3868/2471 3872/3872/2475
f 3893/3893/2495 3872/3872/2475 3903/3903/2505
f 3904/3904/2506 3905/3905/2507 3906/3906/2508
f 3904/3904/2506 3906/3906/2508 3907/3907/2506
f 3908/3908/2509 3899/3899/2501 3902/3902/2504
f 3908/3908/2509 3902/3902/2504 3909/3909/2510
f 3894/3894/2496 3893/3893/2495 3903/3903/2505
f 3894/3894/2496 3903/3903/2505 3910/3910/2511
f 3903/3903/2505 3872/3872/2475 3873/3873/2476
f 3903/3903/2505 3873/3873/2476 3911/3911/2512
f 3912/3912/2513 3908/3908/2509 3909/3909/2510
f 3912/3912/2513 3909/3909/2510 3913/3913/2513
f 3896/3896/2498 3914/3914/2514 3915/3915/2514
f 3896/3896/2498 3915/3915/2514 3897/3897/2499
f 3910/3910/2511 3903/3903/2505 3911/3911/2512
f 3910/3910/2511 3911/3911/2512 3916/3916/2515
f 3900/3900/2502 3904/3904/2506 3907/3907/2506
f 3900/3900/2502 3907/3907/2506 3901/3901/2503
f 3905/3905/2507 3895/3895/2497 3898/3898/2500
f 3905/3905/2507 3898/3898/2500 3906/3906/2508
o airtight_low.001_M_WP_Revolver_0
v 0.211851 0.282073 -0.815902
v 0.206811 0.261310 -0.815902
v 0.206811 0.261310 -0.766304
v 0.211851 0.282073 -0.766304
v 0.209454 0.324532 -0.815902
v 0.212743 0.303421 -0.815902
v 0.212743 0.303421 -0.766304
v 0.209454 0.324532 -0.766304
v 0.038359 0.384344 -0.815902
v 0.056605 0.395463 -0.815902
v 0.056605 0.395463 -0.766304
v 0.038359 0.384344 -0.766304
v 0.151243 0.199093 -0.815902
v 0.131179 0.191748 -0.815902
v 0.131179 0.191748 -0.766304
v 0.151243 0.199093 -0.766304
v 0.022633 0.369880 -0.815902
v 0.022633 0.369880 -0.766304
v 0.097781 0.406097 -0.815902
v 0.120165 0.404953 -0.815902
v 0.120165 0.404953 -0.766304
v 0.097781 0.406097 -0.766304
v 0.110067 0.188459 -0.815902
v 0.088720 0.189351 -0.815902
v 0.088720 0.189351 -0.766304
v 0.110067 0.188459 -0.766304
v 0.001037 0.333245 -0.815902
v 0.010031 0.352626 -0.815902
v 0.010031 0.352626 -0.766304
v 0.001037 0.333245 -0.766304
v 0.197817 0.241929 -0.815902
v 0.185215 0.224675 -0.815902
v 0.185215 0.224675 -0.766304
v 0.197817 0.241929 -0.766304
v 0.190991 0.362842 -0.815902
v 0.202109 0.344597 -0.815902
v 0.202109 0.344597 -0.766304
v 0.190991 0.362842 -0.766304
v 0.169489 0.210211 -0.815902
v 0.169489 0.210211 -0.766304
v 0.139892 0.400164 -0.815902
v 0.158306 0.391619 -0.815902
v 0.158306 0.391619 -0.766305
v 0.139892 0.400164 -0.766305
v 0.067956 0.194391 -0.815902
v 0.067956 0.194391 -0.766304
v -0.004895 0.291134 -0.815902
v -0.004003 0.312482 -0.815902
v -0.004003 0.312482 -0.766304
v -0.004895 0.291134 -0.766304
v 0.048575 0.203385 -0.815902
v 0.031321 0.215987 -0.815902
v 0.031321 0.215987 -0.766304
v 0.048575 0.203385 -0.766304
v 0.076669 0.402807 -0.815902
v 0.076669 0.402807 -0.766304
v 0.005739 0.249959 -0.815902
v -0.001606 0.270023 -0.815902
v -0.001606 0.270023 -0.766304
v 0.005739 0.249959 -0.766304
v 0.067956 0.194391 -0.815902
v 0.067956 0.194391 -0.766304
v 0.176527 0.378568 -0.815902
v 0.176527 0.378568 -0.766305
v 0.005391 0.223078 -0.777011
v -0.007191 0.243727 -0.777011
v -0.008766 0.242968 -0.815902
v 0.003995 0.222027 -0.815902
v 0.016857 0.231713 -0.815902
v 0.016857 0.231713 -0.766304
v 0.211534 0.349138 -0.766304
v 0.198158 0.368239 -0.766305
v 0.190991 0.362842 -0.766304
v 0.202109 0.344597 -0.766304
v 0.202456 0.371475 -0.777012
v 0.215038 0.350827 -0.777011
v 0.216613 0.351586 -0.815902
v 0.203853 0.372527 -0.815902
v 0.133795 0.181616 -0.766304
v 0.110573 0.179500 -0.766304
v 0.110876 0.174128 -0.777011
v 0.134768 0.177850 -0.777011
v 0.198158 0.368239 -0.766305
v 0.211534 0.349138 -0.766304
v 0.215038 0.350827 -0.777011
v 0.202456 0.371475 -0.777012
v 0.050374 0.408391 -0.777011
v 0.029725 0.395809 -0.777011
v 0.032962 0.391511 -0.766304
v 0.052062 0.404888 -0.766304
v 0.009690 0.226315 -0.766304
v -0.003687 0.245415 -0.766304
v -0.007191 0.243727 -0.777011
v 0.005391 0.223078 -0.777011
v 0.195919 0.215113 -0.777011
v 0.210181 0.234640 -0.777011
v 0.205546 0.237372 -0.766304
v 0.193019 0.217704 -0.766304
v 0.122303 0.419131 -0.777012
v 0.144628 0.413712 -0.777012
v 0.145205 0.415363 -0.815902
v 0.122564 0.420858 -0.815902
v 0.206811 0.261310 -0.766304
v 0.197817 0.241929 -0.766304
v 0.205546 0.237372 -0.766304
v 0.215280 0.258349 -0.766304
v 0.011928 0.379440 -0.777011
v 0.014829 0.376850 -0.766304
v 0.011928 0.379440 -0.777011
v 0.029725 0.395809 -0.777011
v 0.028674 0.397206 -0.815902
v 0.010624 0.380605 -0.815902
v 0.009690 0.226315 -0.766304
v 0.024351 0.208182 -0.766304
v 0.031321 0.215987 -0.766304
v 0.016857 0.231713 -0.766304
v 0.134768 0.177850 -0.777011
v 0.110876 0.174128 -0.777011
v 0.110974 0.172382 -0.815902
v 0.135205 0.176157 -0.815902
v -0.002333 0.359914 -0.777011
v -0.012511 0.337981 -0.777011
v -0.008840 0.336698 -0.766304
v 0.001017 0.357939 -0.766304
v 0.162782 0.399385 -0.766305
v 0.183496 0.386371 -0.766305
v 0.186087 0.389272 -0.777012
v 0.165466 0.404041 -0.777012
v 0.174886 0.203043 -0.766304
v 0.155138 0.191010 -0.766304
v 0.157474 0.186163 -0.777011
v 0.178122 0.198745 -0.777011
v 0.074426 0.411494 -0.766304
v 0.097275 0.415054 -0.766304
v 0.096972 0.420425 -0.777011
v 0.073080 0.416703 -0.777011
v 0.121724 0.415289 -0.766305
v 0.143344 0.410040 -0.766305
v 0.144628 0.413712 -0.777012
v 0.122303 0.419131 -0.777012
v 0.220735 0.280821 -0.766304
v 0.215280 0.258349 -0.766304
v 0.220359 0.256573 -0.777011
v 0.226063 0.280070 -0.777011
v -0.018215 0.314483 -0.777011
v -0.014364 0.313941 -0.766304
v 0.064503 0.184513 -0.766304
v 0.087468 0.180466 -0.766304
v 0.088720 0.189351 -0.766304
v 0.067956 0.194391 -0.766304
v 0.087468 0.180466 -0.766304
v 0.064503 0.184513 -0.766304
v 0.063220 0.180841 -0.777011
v 0.086717 0.175138 -0.777011
v 0.043261 0.194370 -0.766304
v 0.024351 0.208182 -0.766304
v 0.021760 0.205281 -0.777011
v 0.041286 0.191020 -0.777011
v 0.223190 0.304010 -0.766304
v 0.227073 0.304229 -0.777011
v 0.063220 0.180841 -0.777011
v 0.041286 0.191020 -0.777011
v 0.040398 0.189514 -0.815902
v 0.062643 0.179191 -0.815902
v 0.162782 0.399385 -0.766305
v 0.143344 0.410040 -0.766305
v 0.139892 0.400164 -0.766305
v 0.158306 0.391619 -0.766305
v 0.043261 0.194370 -0.766304
v 0.048575 0.203385 -0.766304
v -0.015503 0.266433 -0.777011
v -0.011737 0.267406 -0.766304
v 0.121724 0.415289 -0.766305
v 0.097275 0.415054 -0.766304
v 0.097781 0.406097 -0.766304
v 0.120165 0.404953 -0.766304
v 0.218141 0.326775 -0.766304
v 0.223350 0.328121 -0.777011
v 0.155138 0.191010 -0.766304
v 0.174886 0.203043 -0.766304
v 0.169489 0.210211 -0.766304
v 0.151243 0.199093 -0.766304
v 0.223190 0.304010 -0.766304
v 0.218141 0.326775 -0.766304
v 0.209454 0.324532 -0.766304
v 0.212743 0.303421 -0.766304
v 0.183496 0.386371 -0.766305
v 0.176527 0.378568 -0.766305
v 0.052062 0.404888 -0.766304
v 0.032962 0.391511 -0.766304
v 0.038359 0.384344 -0.766304
v 0.056605 0.395463 -0.766304
v -0.008840 0.336698 -0.766304
v -0.014364 0.313941 -0.766304
v -0.004003 0.312482 -0.766304
v 0.001037 0.333245 -0.766304
v -0.011737 0.267406 -0.766304
v -0.003687 0.245415 -0.766304
v 0.005739 0.249959 -0.766304
v -0.001606 0.270023 -0.766304
v -0.015342 0.290544 -0.766304
v -0.004895 0.291134 -0.766304
v 0.074426 0.411494 -0.766304
v 0.076669 0.402807 -0.766304
v -0.015342 0.290544 -0.766304
v -0.019225 0.290325 -0.777011
v 0.014829 0.376850 -0.766304
v 0.001017 0.357939 -0.766304
v 0.010031 0.352626 -0.766304
v 0.022633 0.369880 -0.766304
v 0.021760 0.205281 -0.777011
v 0.020595 0.203977 -0.815902
v -0.015503 0.266433 -0.777011
v -0.019225 0.290325 -0.777011
v -0.020971 0.290226 -0.815902
v -0.017196 0.265996 -0.815902
v -0.018215 0.314483 -0.777011
v -0.019947 0.314727 -0.815902
v -0.002333 0.359914 -0.777011
v -0.003840 0.360802 -0.815902
v 0.050374 0.408391 -0.777011
v 0.049615 0.409966 -0.815902
v -0.012511 0.337981 -0.777011
v -0.014162 0.338558 -0.815902
v 0.073080 0.416703 -0.777011
v 0.072643 0.418396 -0.815902
v 0.096972 0.420425 -0.777011
v 0.096873 0.422171 -0.815902
v 0.157474 0.186163 -0.777011
v 0.158233 0.184587 -0.815902
v 0.195919 0.215113 -0.777011
v 0.178122 0.198745 -0.777011
v 0.179174 0.197348 -0.815902
v 0.197223 0.213949 -0.815902
v 0.223350 0.328121 -0.777011
v 0.227073 0.304229 -0.777011
v 0.228818 0.304327 -0.815902
v 0.225043 0.328558 -0.815902
v 0.210181 0.234640 -0.777011
v 0.211687 0.233752 -0.815902
v 0.226063 0.280070 -0.777011
v 0.227794 0.279826 -0.815902
v 0.220359 0.256573 -0.777011
v 0.222009 0.255996 -0.815902
v 0.086717 0.175138 -0.777011
v 0.086473 0.173406 -0.815902
v 0.063220 0.180841 -0.777011
v 0.062643 0.179191 -0.815902
v 0.186087 0.389272 -0.777012
v 0.187252 0.390576 -0.815902
v 0.165466 0.404041 -0.777012
v 0.166339 0.405555 -0.815902
v 0.220735 0.280821 -0.766304
v 0.211851 0.282073 -0.766304
v 0.110067 0.188459 -0.766304
v 0.110573 0.179500 -0.766304
v 0.133795 0.181616 -0.766304
v 0.131179 0.191748 -0.766304
v 0.193019 0.217704 -0.766304
v 0.185215 0.224675 -0.766304
v 0.206811 0.261310 -0.766304
v 0.215280 0.258349 -0.766304
v 0.063220 0.180841 -0.777011
v 0.064503 0.184513 -0.766304
vn -0.9902 0.1395 -0.0000
vn -0.9440 0.3300 -0.0000
vn -0.9682 -0.2501 -0.0000
vn -0.9984 -0.0564 -0.0000
vn 0.6016 -0.7988 -0.0000
vn 0.4342 -0.9008 -0.0000
vn 0.4341 -0.9008 -0.0000
vn 0.6015 -0.7988 -0.0000
vn -0.4342 0.9008 -0.0000
vn -0.2501 0.9682 -0.0000
vn -0.4341 0.9008 -0.0000
vn 0.7458 -0.6661 -0.0000
vn 0.0517 -0.9987 -0.0000
vn -0.1441 -0.9896 -0.0000
vn -0.0564 0.9984 -0.0000
vn 0.1395 0.9902 -0.0000
vn 0.9440 -0.3300 -0.0000
vn 0.8615 -0.5078 -0.0000
vn -0.8615 0.5078 -0.0000
vn -0.7458 0.6661 -0.0000
vn -0.7988 -0.6016 -0.0000
vn -0.9008 -0.4342 -0.0000
vn -0.9008 -0.4341 -0.0000
vn -0.7988 -0.6015 -0.0000
vn -0.6016 0.7988 -0.0000
vn -0.6015 0.7988 -0.0000
vn -0.3300 -0.9440 -0.0000
vn -0.5038 -0.8638 -0.0000
vn 0.3299 0.9440 -0.0000
vn 0.9984 0.0564 -0.0000
vn 0.9902 -0.1395 -0.0000
vn 0.5078 0.8615 -0.0000
vn 0.6661 0.7458 -0.0000
vn 0.2501 -0.9682 -0.0000
vn 0.9008 0.4341 -0.0000
vn 0.9682 0.2501 -0.0000
vn 0.3301 0.9439 -0.0000
vn -0.6627 -0.7489 -0.0000
vn -0.7789 -0.5866 0.2217
vn -0.8782 -0.4306 0.2082
vn -0.8999 -0.4337 0.0449
vn -0.7980 -0.6009 0.0449
vn 0.7988 0.6016 -0.0000
vn 0.7988 0.6015 -0.0000
vn -0.0000 -0.0000 1.0000
vn 0.7789 0.5866 0.2217
vn 0.8782 0.4232 0.2229
vn 0.8999 0.4337 0.0449
vn 0.7980 0.6009 0.0449
vn 0.2294 -0.8880 0.3985
vn 0.0372 -0.9053 0.4231
vn 0.0482 -0.9706 0.2357
vn 0.2438 -0.9438 0.2231
vn 0.7334 0.5523 0.3964
vn 0.8263 0.3982 0.3984
vn 0.8781 0.4232 0.2231
vn 0.7789 0.5865 0.2219
vn -0.4232 0.8781 0.2231
vn -0.5865 0.7789 0.2219
vn -0.5523 0.7334 0.3964
vn -0.3982 0.8262 0.3984
vn -0.7334 -0.5523 0.3964
vn -0.8307 -0.4158 0.3702
vn -0.8782 -0.4306 0.2084
vn -0.7789 -0.5865 0.2219
vn 0.7270 -0.6493 0.2231
vn 0.8405 -0.4878 0.2357
vn 0.7875 -0.4482 0.4231
vn 0.6841 -0.6110 0.3985
vn 0.1347 0.9688 0.2081
vn 0.3294 0.9210 0.2082
vn 0.3297 0.9430 0.0449
vn 0.1440 0.9886 0.0449
vn -0.7250 0.6564 0.2084
vn -0.6835 0.6292 0.3702
vn -0.7251 0.6565 0.2082
vn -0.5866 0.7789 0.2217
vn -0.6009 0.7980 0.0449
vn -0.7451 0.6655 0.0449
vn 0.2438 -0.9439 0.2229
vn 0.0482 -0.9707 0.2355
vn 0.0563 -0.9974 0.0449
vn 0.2498 -0.9673 0.0449
vn -0.8451 0.4982 0.1937
vn -0.9261 0.3237 0.1937
vn -0.8873 0.3102 0.3414
vn -0.8097 0.4773 0.3414
vn 0.4640 0.7924 0.3961
vn 0.6082 0.6865 0.3984
vn 0.6462 0.7298 0.2230
vn 0.4919 0.8419 0.2218
vn 0.5339 -0.7321 0.4231
vn 0.4058 -0.8101 0.4231
vn 0.4279 -0.8726 0.2357
vn 0.5793 -0.7803 0.2357
vn -0.2132 0.8807 0.4230
vn -0.0598 0.9041 0.4230
vn -0.0565 0.9702 0.2355
vn -0.2366 0.9426 0.2357
vn 0.1206 0.9212 0.3699
vn 0.3204 0.8719 0.3702
vn 0.3294 0.9209 0.2084
vn 0.1347 0.9687 0.2083
vn 0.8952 -0.1401 0.4230
vn 0.8435 -0.2949 0.4490
vn 0.9141 -0.3196 0.2495
vn 0.9614 -0.1421 0.2356
vn -0.9715 0.1369 0.1937
vn -0.9307 0.1311 0.3414
vn -0.1127 -0.8991 0.4231
vn -0.2932 -0.8814 0.3702
vn -0.3164 -0.9254 0.2084
vn -0.1290 -0.9632 0.2357
vn -0.4773 -0.8097 0.3414
vn -0.6291 -0.6835 0.3702
vn -0.6564 -0.7250 0.2084
vn -0.4982 -0.8452 0.1937
vn 0.9157 0.0517 0.3984
vn 0.9732 0.0550 0.2231
vn -0.3165 -0.9254 0.2082
vn -0.4982 -0.8452 0.1935
vn -0.5073 -0.8606 0.0449
vn -0.3298 -0.9430 0.0449
vn -0.9499 -0.2453 0.1937
vn -0.9101 -0.2350 0.3414
vn 0.8889 0.2296 0.3964
vn 0.9441 0.2438 0.2219
vn -0.9384 -0.0530 0.3414
vn -0.9795 -0.0553 0.1937
vn -0.6565 -0.7251 0.2082
vn -0.6655 -0.7451 0.0449
vn -0.9499 -0.2453 0.1935
vn -0.9795 -0.0553 0.1935
vn -0.9974 -0.0563 0.0449
vn -0.9673 -0.2498 0.0449
vn -0.9715 0.1369 0.1935
vn -0.9892 0.1394 0.0449
vn -0.8452 0.4982 0.1935
vn -0.8606 0.5073 0.0449
vn -0.4232 0.8782 0.2229
vn -0.4337 0.8999 0.0449
vn -0.9261 0.3238 0.1935
vn -0.9430 0.3297 0.0449
vn -0.2366 0.9426 0.2355
vn -0.2498 0.9673 0.0449
vn -0.0565 0.9703 0.2354
vn -0.0517 0.9977 0.0449
vn 0.4279 -0.8726 0.2355
vn 0.4337 -0.8999 0.0449
vn 0.7271 -0.6494 0.2229
vn 0.5793 -0.7803 0.2355
vn 0.6009 -0.7980 0.0449
vn 0.7451 -0.6655 0.0449
vn 0.9441 0.2438 0.2217
vn 0.9733 0.0550 0.2229
vn 0.9974 0.0563 0.0449
vn 0.9673 0.2498 0.0449
vn 0.8406 -0.4878 0.2355
vn 0.8606 -0.5073 0.0449
vn 0.9614 -0.1421 0.2355
vn 0.9892 -0.1394 0.0449
vn 0.9142 -0.3196 0.2493
vn 0.9430 -0.3297 0.0449
vn -0.1290 -0.9633 0.2355
vn -0.1394 -0.9892 0.0449
vn -0.3164 -0.9255 0.2083
vn -0.3296 -0.9431 0.0449
vn 0.6463 0.7298 0.2228
vn 0.6620 0.7482 0.0449
vn 0.4919 0.8420 0.2216
vn 0.5033 0.8629 0.0449
vn -0.3165 -0.9254 0.2084
vn -0.2934 -0.8814 0.3702
vt 0.968100 0.305511
vt 0.968100 0.302419
vt 0.960906 0.302419
vt 0.960906 0.305511
vt 0.968100 0.311703
vt 0.968100 0.308607
vt 0.960906 0.308607
vt 0.960906 0.311703
vt 0.968100 0.342659
vt 0.968100 0.339562
vt 0.960906 0.339562
vt 0.960906 0.342659
vt 0.968100 0.290044
vt 0.968101 0.286948
vt 0.960906 0.286948
vt 0.960906 0.290044
vt 0.968100 0.345755
vt 0.960906 0.345755
vt 0.968100 0.333375
vt 0.968100 0.330127
vt 0.960906 0.330127
vt 0.960906 0.333375
vt 0.968101 0.283852
vt 0.968101 0.280761
vt 0.960906 0.280760
vt 0.960906 0.283852
vt 0.968100 0.351953
vt 0.968100 0.348854
vt 0.960906 0.348854
vt 0.960906 0.351953
vt 0.968100 0.299328
vt 0.968100 0.296232
vt 0.960906 0.296232
vt 0.960906 0.299328
vt 0.968100 0.317896
vt 0.968100 0.314800
vt 0.960906 0.314800
vt 0.960906 0.317896
vt 0.968100 0.293136
vt 0.960906 0.293136
vt 0.968100 0.327183
vt 0.968100 0.324241
vt 0.960906 0.324241
vt 0.960906 0.327183
vt 0.968101 0.277664
vt 0.960906 0.277664
vt 0.968100 0.358151
vt 0.968100 0.355052
vt 0.960906 0.355052
vt 0.960906 0.358151
vt 0.968100 0.373641
vt 0.968100 0.370542
vt 0.960906 0.370542
vt 0.960906 0.373641
vt 0.968100 0.336466
vt 0.960906 0.336466
vt 0.968100 0.364349
vt 0.968100 0.361250
vt 0.960906 0.361250
vt 0.960906 0.364349
vt 0.968100 0.376740
vt 0.960906 0.376740
vt 0.968100 0.320992
vt 0.960906 0.320992
vt 0.973994 0.632617
vt 0.974039 0.636122
vt 0.979676 0.635526
vt 0.979630 0.631971
vt 0.968100 0.367446
vt 0.960906 0.367446
vt 0.166718 0.759599
vt 0.169776 0.759599
vt 0.169776 0.758101
vt 0.166718 0.758101
vt 0.974712 0.688714
vt 0.974756 0.692219
vt 0.980403 0.692418
vt 0.980358 0.688863
vt 0.904864 0.024286
vt 0.908313 0.024286
vt 0.908313 0.022601
vt 0.904864 0.022601
vt 0.870393 0.024286
vt 0.873842 0.024286
vt 0.873842 0.022601
vt 0.870393 0.022601
vt 0.846259 0.022601
vt 0.842810 0.022601
vt 0.842810 0.024286
vt 0.846259 0.024286
vt 0.815201 0.024286
vt 0.818650 0.024286
vt 0.818650 0.022601
vt 0.815201 0.022601
vt 0.894523 0.022601
vt 0.891075 0.022601
vt 0.891075 0.024286
vt 0.894523 0.024286
vt 0.974535 0.674867
vt 0.974577 0.678200
vt 0.980221 0.678200
vt 0.980178 0.674819
vt 0.252352 0.758101
vt 0.249299 0.758101
vt 0.249299 0.759599
vt 0.252352 0.759599
vt 0.839361 0.022601
vt 0.839361 0.024286
vt 0.974308 0.657174
vt 0.974353 0.660679
vt 0.979994 0.660431
vt 0.979949 0.656875
vt 0.218719 0.759599
vt 0.221778 0.759599
vt 0.221778 0.758101
vt 0.218719 0.758101
vt 0.975160 0.723751
vt 0.975204 0.727256
vt 0.980858 0.727952
vt 0.980812 0.724397
vt 0.835909 0.022601
vt 0.832457 0.022601
vt 0.832457 0.024286
vt 0.835909 0.024286
vt 0.863326 0.024286
vt 0.866944 0.024286
vt 0.866944 0.022601
vt 0.863326 0.022601
vt 0.897972 0.024286
vt 0.901416 0.024286
vt 0.901416 0.022601
vt 0.897972 0.022601
vt 0.849708 0.024286
vt 0.853151 0.024286
vt 0.853151 0.022601
vt 0.849708 0.022601
vt 0.856769 0.024286
vt 0.860048 0.024286
vt 0.860048 0.022601
vt 0.856769 0.022601
vt 0.884188 0.024286
vt 0.887631 0.024286
vt 0.887631 0.022601
vt 0.884188 0.022601
vt 0.829005 0.022601
vt 0.829005 0.024286
vt 0.227900 0.759599
vt 0.230959 0.759599
vt 0.230959 0.758101
vt 0.227900 0.758101
vt 0.911757 0.024286
vt 0.915205 0.024286
vt 0.915205 0.022601
vt 0.911757 0.022601
vt 0.808300 0.024286
vt 0.811752 0.024286
vt 0.811752 0.022601
vt 0.808300 0.022601
vt 0.880739 0.024286
vt 0.880739 0.022601
vt 0.973860 0.622095
vt 0.973905 0.625603
vt 0.979539 0.624857
vt 0.979494 0.621299
vt 0.176043 0.759599
vt 0.178949 0.759599
vt 0.178949 0.758101
vt 0.176043 0.758101
vt 0.224839 0.759599
vt 0.224839 0.758101
vt 0.822102 0.022601
vt 0.822102 0.024286
vt 0.181857 0.759599
vt 0.185066 0.759599
vt 0.185066 0.758101
vt 0.181857 0.758101
vt 0.877290 0.024286
vt 0.877290 0.022601
vt 0.240129 0.759599
vt 0.243182 0.759599
vt 0.243182 0.758101
vt 0.240129 0.758101
vt 0.160601 0.759599
vt 0.163659 0.759599
vt 0.163659 0.758101
vt 0.160601 0.758101
vt 0.172835 0.759599
vt 0.172835 0.758101
vt 0.191177 0.759599
vt 0.194236 0.759599
vt 0.194236 0.758101
vt 0.191177 0.758101
vt 0.203416 0.759599
vt 0.206478 0.759599
vt 0.206478 0.758101
vt 0.203416 0.758101
vt 0.212600 0.759599
vt 0.215661 0.759599
vt 0.215661 0.758101
vt 0.212600 0.758101
vt 0.209539 0.759599
vt 0.209539 0.758101
vt 0.188119 0.759599
vt 0.188119 0.758101
vt 0.825553 0.024286
vt 0.825553 0.022601
vt 0.197294 0.759599
vt 0.200355 0.759599
vt 0.200355 0.758101
vt 0.197294 0.758101
vt 0.973950 0.629112
vt 0.979585 0.628416
vt 0.974084 0.639631
vt 0.974129 0.643140
vt 0.979767 0.642642
vt 0.979721 0.639084
vt 0.974174 0.646648
vt 0.979812 0.646201
vt 0.974263 0.653665
vt 0.979903 0.653317
vt 0.974398 0.664185
vt 0.980040 0.663986
vt 0.974219 0.650157
vt 0.979858 0.649759
vt 0.974443 0.667690
vt 0.980085 0.667541
vt 0.974488 0.671190
vt 0.980130 0.671090
vt 0.975115 0.720245
vt 0.980767 0.720842
vt 0.975025 0.713240
vt 0.975070 0.716746
vt 0.980721 0.717292
vt 0.980676 0.713737
vt 0.974801 0.695725
vt 0.974846 0.699230
vt 0.980494 0.699528
vt 0.980449 0.695973
vt 0.974980 0.709735
vt 0.980630 0.710182
vt 0.974891 0.702736
vt 0.980540 0.703084
vt 0.974936 0.706235
vt 0.980585 0.706633
vt 0.975249 0.730756
vt 0.980903 0.731501
vt 0.975294 0.734261
vt 0.980949 0.735056
vt 0.974667 0.685208
vt 0.980312 0.685308
vt 0.974620 0.681531
vt 0.980265 0.681578
vt 0.157542 0.759599
vt 0.157542 0.758101
vt 0.234012 0.758101
vt 0.234012 0.759599
vt 0.237070 0.759599
vt 0.237070 0.758101
vt 0.246241 0.759599
vt 0.246241 0.758101
vt 0.154489 0.758101
vt 0.154489 0.759599
vt 0.804848 0.022601
vt 0.804848 0.024286
s 1
usemtl M_WP_Revolver
f 3917/3917/2516 3918/3918/2517 3919/3919/2517
f 3917/3917/2516 3919/3919/2517 3920/3920/2516
f 3921/3921/2518 3922/3922/2519 3923/3923/2519
f 3921/3921/2518 3923/3923/2519 3924/3924/2518
f 3925/3925/2520 3926/3926/2521 3927/3927/2522
f 3925/3925/2520 3927/3927/2522 3928/3928/2523
f 3929/3929/2524 3930/3930/2525 3931/3931/2525
f 3929/3929/2524 3931/3931/2525 3932/3932/2526
f 3933/3933/2527 3925/3925/2520 3928/3928/2523
f 3933/3933/2527 3928/3928/2523 3934/3934/2527
f 3935/3935/2528 3936/3936/2529 3937/3937/2529
f 3935/3935/2528 3937/3937/2529 3938/3938/2528
f 3939/3939/2530 3940/3940/2531 3941/3941/2531
f 3939/3939/2530 3941/3941/2531 3942/3942/2530
f 3943/3943/2532 3944/3944/2533 3945/3945/2533
f 3943/3943/2532 3945/3945/2533 3946/3946/2532
f 3947/3947/2534 3948/3948/2535 3949/3949/2535
f 3947/3947/2534 3949/3949/2535 3950/3950/2534
f 3951/3951/2536 3952/3952/2537 3953/3953/2538
f 3951/3951/2536 3953/3953/2538 3954/3954/2539
f 3955/3955/2540 3929/3929/2524 3932/3932/2526
f 3955/3955/2540 3932/3932/2526 3956/3956/2541
f 3957/3957/2542 3958/3958/2543 3959/3959/2543
f 3957/3957/2542 3959/3959/2543 3960/3960/2542
f 3940/3940/2531 3961/3961/2544 3962/3962/2544
f 3940/3940/2531 3962/3962/2544 3941/3941/2531
f 3963/3963/2545 3964/3964/2546 3965/3965/2546
f 3963/3963/2545 3965/3965/2546 3966/3966/2545
f 3967/3967/2547 3968/3968/2548 3969/3969/2548
f 3967/3967/2547 3969/3969/2548 3970/3970/2547
f 3926/3926/2521 3971/3971/2549 3972/3972/2549
f 3926/3926/2521 3972/3972/2549 3927/3927/2522
f 3973/3973/2550 3974/3974/2551 3975/3975/2551
f 3973/3973/2550 3975/3975/2551 3976/3976/2550
f 3922/3922/2519 3917/3917/2516 3920/3920/2516
f 3922/3922/2519 3920/3920/2516 3923/3923/2519
f 3977/3977/2552 3967/3967/2547 3970/3970/2547
f 3977/3977/2552 3970/3970/2547 3978/3978/2552
f 3936/3936/2529 3957/3957/2542 3960/3960/2542
f 3936/3936/2529 3960/3960/2542 3937/3937/2529
f 3918/3918/2517 3947/3947/2534 3950/3950/2534
f 3918/3918/2517 3950/3950/2534 3919/3919/2517
f 3930/3930/2525 3939/3939/2530 3942/3942/2530
f 3930/3930/2525 3942/3942/2530 3931/3931/2525
f 3979/3979/2553 3951/3951/2536 3954/3954/2539
f 3979/3979/2553 3954/3954/2539 3980/3980/2553
f 3944/3944/2533 3933/3933/2527 3934/3934/2527
f 3944/3944/2533 3934/3934/2527 3945/3945/2533
f 3981/3981/2554 3982/3982/2555 3983/3983/2556
f 3981/3981/2554 3983/3983/2556 3984/3984/2557
f 3948/3948/2535 3955/3955/2540 3956/3956/2541
f 3948/3948/2535 3956/3956/2541 3949/3949/2535
f 3952/3952/2537 3921/3921/2518 3924/3924/2518
f 3952/3952/2537 3924/3924/2518 3953/3953/2538
f 3968/3968/2548 3985/3985/2558 3986/3986/2559
f 3968/3968/2548 3986/3986/2559 3969/3969/2548
f 3964/3964/2546 3943/3943/2532 3946/3946/2532
f 3964/3964/2546 3946/3946/2532 3965/3965/2546
f 3974/3974/2551 3963/3963/2545 3966/3966/2545
f 3974/3974/2551 3966/3966/2545 3975/3975/2551
f 3958/3958/2543 3979/3979/2553 3980/3980/2553
f 3958/3958/2543 3980/3980/2553 3959/3959/2543
f 3971/3971/2549 3935/3935/2528 3938/3938/2528
f 3971/3971/2549 3938/3938/2528 3972/3972/2549
s 0
f 3987/3987/2560 3988/3988/2560 3989/3989/2560
f 3987/3987/2560 3989/3989/2560 3990/3990/2560
s 1
f 3991/3991/2561 3992/3992/2562 3993/3993/2563
f 3991/3991/2561 3993/3993/2563 3994/3994/2564
f 3995/3995/2565 3996/3996/2566 3997/3997/2567
f 3995/3995/2565 3997/3997/2567 3998/3998/2568
f 3999/3999/2569 4000/4000/2570 4001/4001/2571
f 3999/3999/2569 4001/4001/2571 4002/4002/2572
f 4003/4003/2573 4004/4004/2574 4005/4005/2575
f 4003/4003/2573 4005/4005/2575 4006/4006/2576
f 4007/4007/2577 4008/4008/2578 4009/4009/2579
f 4007/4007/2577 4009/4009/2579 4010/4010/2580
f 4011/4011/2581 4012/4012/2582 4013/4013/2583
f 4011/4011/2581 4013/4013/2583 4014/4014/2584
f 4015/4015/2585 4016/4016/2586 4017/4017/2587
f 4015/4015/2585 4017/4017/2587 4018/4018/2588
s 0
f 4019/4019/2560 4020/4020/2560 4021/4021/2560
f 4019/4019/2560 4021/4021/2560 4022/4022/2560
s 1
f 4004/4004/2574 4023/4023/2589 4024/4024/2590
f 4004/4004/2574 4024/4024/2590 4005/4005/2575
f 4025/4025/2591 4026/4026/2592 4027/4027/2593
f 4025/4025/2591 4027/4027/2593 4028/4028/2594
s 0
f 4029/4029/2560 4030/4030/2560 4031/4031/2560
f 4029/4029/2560 4031/4031/2560 4032/4032/2560
s 1
f 4033/4033/2595 4034/4034/2596 4035/4035/2597
f 4033/4033/2595 4035/4035/2597 4036/4036/2598
f 4037/4037/2599 4038/4038/2600 4039/4039/2601
f 4037/4037/2599 4039/4039/2601 4040/4040/2602
f 4041/4041/2603 4042/4042/2604 4043/4043/2605
f 4041/4041/2603 4043/4043/2605 4044/4044/2606
f 4045/4045/2607 4046/4046/2608 4047/4047/2609
f 4045/4045/2607 4047/4047/2609 4048/4048/2610
f 4049/4049/2611 4050/4050/2612 4051/4051/2613
f 4049/4049/2611 4051/4051/2613 4052/4052/2614
f 4014/4014/2584 4045/4045/2607 4048/4048/2610
f 4014/4014/2584 4048/4048/2610 4011/4011/2581
f 4053/4053/2615 4054/4054/2616 4055/4055/2617
f 4053/4053/2615 4055/4055/2617 4056/4056/2618
f 4057/4057/2619 4058/4058/2620 4059/4059/2621
f 4057/4057/2619 4059/4059/2621 4060/4060/2622
f 4038/4038/2600 4061/4061/2623 4062/4062/2624
f 4038/4038/2600 4062/4062/2624 4039/4039/2601
s 0
f 4063/4063/2560 4064/4064/2560 4065/4065/2560
f 4063/4063/2560 4065/4065/2560 4066/4066/2560
s 1
f 4023/4023/2589 4037/4037/2599 4040/4040/2602
f 4023/4023/2589 4040/4040/2602 4024/4024/2590
f 4044/4044/2606 4055/4055/2617 4054/4054/2616
f 4044/4044/2606 4054/4054/2616 4041/4041/2603
f 4067/4067/2625 4068/4068/2626 4069/4069/2627
f 4067/4067/2625 4069/4069/2627 4070/4070/2628
f 4058/4058/2620 4013/4013/2583 4012/4012/2582
f 4058/4058/2620 4012/4012/2582 4059/4059/2621
f 4071/4071/2629 4072/4072/2630 4073/4073/2631
f 4071/4071/2629 4073/4073/2631 4074/4074/2632
f 4075/4075/2633 4057/4057/2619 4060/4060/2622
f 4075/4075/2633 4060/4060/2622 4076/4076/2634
f 4077/4077/2635 4078/4078/2636 4079/4079/2637
f 4077/4077/2635 4079/4079/2637 4080/4080/2638
s 0
f 4081/4081/2560 4082/4082/2560 4083/4083/2560
f 4081/4081/2560 4083/4083/2560 4084/4084/2560
f 4030/4030/2560 4085/4085/2560 4086/4086/2560
f 4030/4030/2560 4086/4086/2560 4031/4031/2560
s 1
f 4087/4087/2639 4009/4009/2579 4008/4008/2578
f 4087/4087/2639 4008/4008/2578 4088/4088/2640
s 0
f 4089/4089/2560 4090/4090/2560 4091/4091/2560
f 4089/4089/2560 4091/4091/2560 4092/4092/2560
s 1
f 4000/4000/2570 4093/4093/2641 4094/4094/2642
f 4000/4000/2570 4094/4094/2642 4001/4001/2571
s 0
f 4095/4095/2560 4096/4096/2560 4097/4097/2560
f 4095/4095/2560 4097/4097/2560 4098/4098/2560
f 4099/4099/2560 4100/4100/2560 4101/4101/2560
f 4099/4099/2560 4101/4101/2560 4102/4102/2560
f 4085/4085/2560 4063/4063/2560 4066/4066/2560
f 4085/4085/2560 4066/4066/2560 4086/4086/2560
s 1
f 4093/4093/2641 4075/4075/2633 4076/4076/2634
f 4093/4093/2641 4076/4076/2634 4094/4094/2642
s 0
f 4103/4103/2560 4081/4081/2560 4084/4084/2560
f 4103/4103/2560 4084/4084/2560 4104/4104/2560
f 4105/4105/2560 4106/4106/2560 4107/4107/2560
f 4105/4105/2560 4107/4107/2560 4108/4108/2560
f 4109/4109/2560 4110/4110/2560 4111/4111/2560
f 4109/4109/2560 4111/4111/2560 4112/4112/2560
s 1
f 4002/4002/2572 4043/4043/2605 4042/4042/2604
f 4002/4002/2572 4042/4042/2604 3999/3999/2569
s 0
f 4113/4113/2560 4114/4114/2560 4115/4115/2560
f 4113/4113/2560 4115/4115/2560 4116/4116/2560
f 4110/4110/2560 4117/4117/2560 4118/4118/2560
f 4110/4110/2560 4118/4118/2560 4111/4111/2560
f 3988/3988/2560 4103/4103/2560 4104/4104/2560
f 3988/3988/2560 4104/4104/2560 3989/3989/2560
f 4090/4090/2560 4119/4119/2560 4120/4120/2560
f 4090/4090/2560 4120/4120/2560 4091/4091/2560
s 1
f 4121/4121/2643 4062/4062/2624 4061/4061/2623
f 4121/4121/2643 4061/4061/2623 4122/4122/2644
s 0
f 4117/4117/2560 4113/4113/2560 4116/4116/2560
f 4117/4117/2560 4116/4116/2560 4118/4118/2560
f 4114/4114/2560 4029/4029/2560 4032/4032/2560
f 4114/4114/2560 4032/4032/2560 4115/4115/2560
f 4123/4123/2560 4124/4124/2560 4125/4125/2560
f 4123/4123/2560 4125/4125/2560 4126/4126/2560
s 1
f 4127/4127/2645 3981/3981/2554 3984/3984/2557
f 4127/4127/2645 3984/3984/2557 4128/4128/2646
f 4129/4129/2647 4130/4130/2648 4131/4131/2649
f 4129/4129/2647 4131/4131/2649 4132/4132/2650
f 3982/3982/2555 4129/4129/2647 4132/4132/2650
f 3982/3982/2555 4132/4132/2650 3983/3983/2556
f 4130/4130/2648 4133/4133/2651 4134/4134/2652
f 4130/4130/2648 4134/4134/2652 4131/4131/2649
f 4122/4122/2644 4087/4087/2639 4088/4088/2640
f 4122/4122/2644 4088/4088/2640 4121/4121/2643
f 4135/4135/2653 4025/4025/2591 4028/4028/2594
f 4135/4135/2653 4028/4028/2594 4136/4136/2654
f 4026/4026/2592 4137/4137/2655 4138/4138/2656
f 4026/4026/2592 4138/4138/2656 4027/4027/2593
f 4139/4139/2657 4135/4135/2653 4136/4136/2654
f 4139/4139/2657 4136/4136/2654 4140/4140/2658
f 4078/4078/2636 4127/4127/2645 4128/4128/2646
f 4078/4078/2636 4128/4128/2646 4079/4079/2637
f 4137/4137/2655 4141/4141/2659 4142/4142/2660
f 4137/4137/2655 4142/4142/2660 4138/4138/2656
f 4143/4143/2661 4015/4015/2585 4018/4018/2588
f 4143/4143/2661 4018/4018/2588 4144/4144/2662
f 4133/4133/2651 4139/4139/2657 4140/4140/2658
f 4133/4133/2651 4140/4140/2658 4134/4134/2652
f 4141/4141/2659 4143/4143/2661 4144/4144/2662
f 4141/4141/2659 4144/4144/2662 4142/4142/2660
f 4052/4052/2614 4003/4003/2573 4006/4006/2576
f 4052/4052/2614 4006/4006/2576 4049/4049/2611
f 4145/4145/2663 4033/4033/2595 4036/4036/2598
f 4145/4145/2663 4036/4036/2598 4146/4146/2664
f 4056/4056/2618 4051/4051/2613 4050/4050/2612
f 4056/4056/2618 4050/4050/2612 4053/4053/2615
f 4147/4147/2665 4148/4148/2666 4149/4149/2667
f 4147/4147/2665 4149/4149/2667 4150/4150/2668
f 3998/3998/2568 4047/4047/2609 4046/4046/2608
f 3998/3998/2568 4046/4046/2608 3995/3995/2565
f 4151/4151/2669 4152/4152/2670 4153/4153/2671
f 4151/4151/2669 4153/4153/2671 4154/4154/2672
f 4155/4155/2673 4147/4147/2665 4150/4150/2668
f 4155/4155/2673 4150/4150/2668 4156/4156/2674
f 4148/4148/2666 4145/4145/2663 4146/4146/2664
f 4148/4148/2666 4146/4146/2664 4149/4149/2667
f 4152/4152/2670 4157/4157/2675 4158/4158/2676
f 4152/4152/2670 4158/4158/2676 4153/4153/2671
f 3992/3992/2562 4151/4151/2669 4154/4154/2672
f 3992/3992/2562 4154/4154/2672 3993/3993/2563
f 4157/4157/2675 4159/4159/2677 4160/4160/2678
f 4157/4157/2675 4160/4160/2678 4158/4158/2676
f 4034/4034/2596 4161/4161/2679 4162/4162/2680
f 4034/4034/2596 4162/4162/2680 4035/4035/2597
f 4159/4159/2677 4155/4155/2673 4156/4156/2674
f 4159/4159/2677 4156/4156/2674 4160/4160/2678
f 4161/4161/2679 4163/4163/2681 4164/4164/2682
f 4161/4161/2679 4164/4164/2682 4162/4162/2680
f 4070/4070/2628 3997/3997/2567 3996/3996/2566
f 4070/4070/2628 3996/3996/2566 4067/4067/2625
f 4165/4165/2683 3991/3991/2561 3994/3994/2564
f 4165/4165/2683 3994/3994/2564 4166/4166/2684
f 4167/4167/2685 4165/4165/2683 4166/4166/2684
f 4167/4167/2685 4166/4166/2684 4168/4168/2686
f 4016/4016/2586 4167/4167/2685 4168/4168/2686
f 4016/4016/2586 4168/4168/2686 4017/4017/2587
f 4010/4010/2580 4073/4073/2631 4072/4072/2630
f 4010/4010/2580 4072/4072/2630 4007/4007/2577
s 0
f 4169/4169/2560 4099/4099/2560 4102/4102/2560
f 4169/4169/2560 4102/4102/2560 4170/4170/2560
f 4171/4171/2560 4065/4065/2560 4064/4064/2560
f 4171/4171/2560 4064/4064/2560 4172/4172/2560
f 4082/4082/2560 4089/4089/2560 4092/4092/2560
f 4082/4082/2560 4092/4092/2560 4083/4083/2560
f 4173/4173/2560 4095/4095/2560 4098/4098/2560
f 4173/4173/2560 4098/4098/2560 4174/4174/2560
f 4124/4124/2560 4109/4109/2560 4112/4112/2560
f 4124/4124/2560 4112/4112/2560 4125/4125/2560
f 4100/4100/2560 3987/3987/2560 3990/3990/2560
f 4100/4100/2560 3990/3990/2560 4101/4101/2560
s 1
f 3985/3985/2558 3973/3973/2550 3976/3976/2550
f 3985/3985/2558 3976/3976/2550 3986/3986/2559
s 0
f 4172/4172/2560 4173/4173/2560 4174/4174/2560
f 4172/4172/2560 4174/4174/2560 4171/4171/2560
f 4175/4175/2560 4021/4021/2560 4020/4020/2560
f 4175/4175/2560 4020/4020/2560 4176/4176/2560
f 4096/4096/2560 4175/4175/2560 4176/4176/2560
f 4096/4096/2560 4176/4176/2560 4097/4097/2560
f 4106/4106/2560 4123/4123/2560 4126/4126/2560
f 4106/4106/2560 4126/4126/2560 4107/4107/2560
f 4170/4170/2560 4177/4177/2560 4178/4178/2560
f 4170/4170/2560 4178/4178/2560 4169/4169/2560
f 4119/4119/2560 4105/4105/2560 4108/4108/2560
f 4119/4119/2560 4108/4108/2560 4120/4120/2560
s 1
f 4074/4074/2632 4179/4179/2687 4180/4180/2688
f 4074/4074/2632 4180/4180/2688 4071/4071/2629
o sight_low.001_M_WP_Revolver_0
v 0.175364 0.695455 0.309257
v 0.175364 0.695455 0.337243
v 0.163253 0.660813 0.309257
v 0.128442 0.711858 0.366607
v 0.148219 0.698713 0.366607
v 0.202245 0.686057 0.366607
v 0.175364 0.695455 0.337243
v 0.192061 0.636714 0.337243
v 0.124378 0.549610 0.337243
v 0.124378 0.549610 0.264904
v 0.143967 0.605645 0.264904
v 0.124378 0.549610 0.337243
v 0.161735 0.656469 0.293141
v 0.071966 0.692726 0.309257
v 0.070447 0.688382 0.293141
v 0.062455 0.665519 0.337244
v 0.245136 0.507395 0.337243
v 0.280301 0.607988 0.283127
v 0.276119 0.596024 0.272917
v 0.068257 0.682115 0.283127
v 0.064074 0.670152 0.272917
v 0.052680 0.637558 0.264904
v 0.033091 0.581523 0.264904
v 0.060394 0.659624 0.268108
v 0.151682 0.627712 0.268108
v 0.162335 0.647106 0.366607
v 0.192061 0.636714 0.366607
v 0.206221 0.677216 0.366607
v 0.128442 0.711858 0.397496
v 0.084076 0.727367 0.397496
v 0.033091 0.581523 0.397496
v 0.148219 0.698713 0.397496
v 0.161912 0.678884 0.397496
v 0.162335 0.647106 0.397496
v 0.202245 0.686057 0.366607
v 0.202245 0.686057 0.337243
v 0.175364 0.695455 0.337243
v 0.363738 0.538920 0.301945
v 0.363938 0.539922 0.295951
v 0.369832 0.553249 0.301945
v 0.364991 0.543289 0.290996
v 0.365489 0.543143 0.312893
v 0.364209 0.539838 0.307938
v 0.372749 0.563909 0.312893
v 0.371188 0.559193 0.316414
v 0.369224 0.553501 0.317428
v 0.372234 0.564007 0.290996
v 0.373516 0.567319 0.295951
v 0.373993 0.568254 0.301945
v 0.366549 0.547998 0.287475
v 0.368507 0.553673 0.286461
v 0.367213 0.547820 0.316414
v 0.373799 0.567269 0.307938
v 0.370512 0.559337 0.287475
v 0.296121 0.653240 0.309257
v 0.284011 0.618598 0.309257
v 0.296121 0.653240 0.337243
v 0.387408 0.621327 0.309257
v 0.343042 0.636836 0.337243
v 0.387408 0.621327 0.337243
v 0.343043 0.636836 0.366607
v 0.269240 0.662637 0.366607
v 0.319383 0.638877 0.366607
v 0.296121 0.653240 0.337243
v 0.245136 0.507395 0.337243
v 0.246462 0.617696 0.337243
v 0.245136 0.507395 0.264904
v 0.264725 0.563430 0.264904
v 0.282492 0.614254 0.293141
v 0.375298 0.586685 0.309257
v 0.365787 0.559478 0.337244
v 0.373779 0.582341 0.293141
v 0.371589 0.576075 0.283127
v 0.367406 0.564111 0.272917
v 0.356012 0.531517 0.264904
v 0.336423 0.475483 0.264904
v 0.363726 0.553584 0.268108
v 0.272439 0.585497 0.268108
v 0.260621 0.658199 0.337243
v 0.276189 0.607304 0.366607
v 0.260621 0.658199 0.366607
v 0.246462 0.617696 0.366607
v 0.343043 0.636836 0.397496
v 0.336423 0.475483 0.397496
v 0.387408 0.621327 0.397496
v 0.319383 0.638877 0.397496
v 0.296318 0.631898 0.397496
v 0.276189 0.607304 0.397496
v 0.051249 0.648162 0.301945
v 0.055409 0.663167 0.301945
v 0.051717 0.649070 0.295951
v 0.052991 0.652359 0.290996
v 0.052510 0.652556 0.312893
v 0.051452 0.649174 0.307938
v 0.059770 0.673322 0.312893
v 0.058052 0.668661 0.316414
v 0.056042 0.662985 0.317428
v 0.060234 0.673078 0.290996
v 0.061294 0.676467 0.295951
v 0.061504 0.677496 0.301945
v 0.054706 0.657014 0.287475
v 0.056710 0.662673 0.286461
v 0.054076 0.657288 0.316414
v 0.061042 0.676605 0.307938
v 0.058670 0.668352 0.287475
v 0.175364 0.695455 0.309257
v 0.128442 0.711858 0.337243
v 0.269240 0.662637 0.337243
v 0.269240 0.662637 0.366607
v 0.296121 0.653240 0.337243
v 0.206221 0.677216 0.337243
v 0.155362 0.638239 0.272917
v 0.159544 0.650203 0.283127
v 0.161912 0.678884 0.366607
v 0.206017 0.682556 0.366607
v 0.161912 0.678884 0.397496
v 0.161912 0.678884 0.366607
v 0.148219 0.698713 0.366607
v 0.148219 0.698713 0.397496
v 0.084076 0.727367 0.337243
v 0.084076 0.727367 0.309257
v 0.071966 0.692726 0.309257
v 0.084076 0.727367 0.309257
v 0.175364 0.695455 0.309257
v 0.163253 0.660813 0.309257
v 0.128442 0.711858 0.366607
v 0.128442 0.711858 0.397496
v 0.084076 0.727367 0.309257
v 0.084076 0.727367 0.337243
v 0.161735 0.656469 0.293141
v 0.070447 0.688382 0.293141
v 0.071966 0.692726 0.309257
v 0.163253 0.660813 0.309257
v 0.192061 0.636714 0.337243
v 0.192061 0.636714 0.366607
v 0.219262 0.627205 0.397496
v 0.219262 0.627205 0.337243
v 0.219262 0.627205 0.337243
v 0.184757 0.528503 0.337243
v 0.143967 0.605645 0.264904
v 0.052680 0.637558 0.264904
v 0.060394 0.659624 0.268108
v 0.151682 0.627712 0.268108
v 0.155362 0.638239 0.272917
v 0.064074 0.670152 0.272917
v 0.068257 0.682115 0.283127
v 0.159544 0.650203 0.283127
v 0.124378 0.549610 0.264904
v 0.033091 0.581523 0.264904
v 0.124378 0.549610 0.337243
v 0.184757 0.528503 0.337243
v 0.184757 0.528503 0.397496
v 0.033091 0.581523 0.397496
v 0.162335 0.647106 0.397496
v 0.162335 0.647106 0.366607
v 0.202245 0.686057 0.337243
v 0.206017 0.682556 0.337243
v 0.162335 0.647106 0.366607
v 0.162335 0.647106 0.397496
v 0.192061 0.636714 0.366607
v 0.192061 0.636714 0.337243
v 0.206221 0.677216 0.337243
v 0.206221 0.677216 0.366607
v 0.062455 0.665519 0.366607
v 0.106820 0.650009 0.366607
v 0.106820 0.650009 0.337243
v 0.062455 0.665519 0.337244
v 0.128442 0.711858 0.366607
v 0.106820 0.650009 0.366607
v 0.062455 0.665519 0.366607
v 0.084076 0.727367 0.366607
v 0.128442 0.711858 0.337243
v 0.084076 0.727367 0.337243
v 0.062455 0.665519 0.337244
v 0.106820 0.650009 0.337243
v 0.128442 0.711858 0.337243
v 0.106820 0.650009 0.337243
v 0.106820 0.650009 0.366607
v 0.128442 0.711858 0.366607
v 0.062455 0.665519 0.366607
v 0.033091 0.581523 0.397496
v 0.084076 0.727367 0.397496
v 0.084076 0.727367 0.366607
v 0.033091 0.581523 0.264904
v 0.124378 0.549610 0.264904
v 0.084076 0.727367 0.397496
v 0.084076 0.727367 0.366607
v 0.219262 0.627205 0.397496
v 0.184757 0.528503 0.397496
v 0.206017 0.682556 0.337243
v 0.206017 0.682556 0.366607
v 0.369103 0.572459 0.301945
v 0.368808 0.571127 0.308760
v 0.371982 0.569753 0.308657
v 0.372264 0.571042 0.301945
v 0.367670 0.567456 0.314552
v 0.370855 0.566121 0.314345
v 0.372749 0.563909 0.312893
v 0.373799 0.567269 0.307938
v 0.373993 0.568254 0.301945
v 0.365839 0.561943 0.318399
v 0.369058 0.560707 0.318150
v 0.363611 0.555469 0.319775
v 0.366863 0.554332 0.319481
v 0.369224 0.553501 0.317428
v 0.371188 0.559193 0.316414
v 0.357293 0.538678 0.301945
v 0.357595 0.540029 0.295129
v 0.360938 0.539124 0.295232
v 0.360649 0.537816 0.301945
v 0.358736 0.543709 0.289337
v 0.362068 0.542765 0.289544
v 0.364991 0.543289 0.290996
v 0.363938 0.539922 0.295951
v 0.363738 0.538920 0.301945
v 0.367077 0.567568 0.289337
v 0.368486 0.571183 0.295129
v 0.371665 0.569809 0.295232
v 0.370272 0.566231 0.289544
v 0.373516 0.567319 0.295951
v 0.372234 0.564007 0.290996
v 0.362785 0.555667 0.284114
v 0.365071 0.562106 0.285491
v 0.368301 0.560869 0.285739
v 0.366051 0.554527 0.284408
v 0.370512 0.559337 0.287475
v 0.368507 0.553673 0.286461
v 0.360563 0.549213 0.285491
v 0.363862 0.548170 0.285739
v 0.362785 0.555667 0.284114
v 0.366051 0.554527 0.284408
v 0.368507 0.553673 0.286461
v 0.366549 0.547998 0.287475
v 0.359310 0.543541 0.314552
v 0.357903 0.539934 0.308760
v 0.361242 0.539030 0.308657
v 0.362632 0.542599 0.314345
v 0.364209 0.539838 0.307938
v 0.365489 0.543143 0.312893
v 0.361318 0.549011 0.318399
v 0.364606 0.547970 0.318150
v 0.367213 0.547820 0.316414
v 0.296318 0.631898 0.366607
v 0.264107 0.662249 0.366607
v 0.296318 0.631898 0.397496
v 0.319383 0.638877 0.397496
v 0.319383 0.638877 0.366607
v 0.296318 0.631898 0.366607
v 0.387408 0.621327 0.309257
v 0.387408 0.621327 0.337243
v 0.375298 0.586685 0.309257
v 0.284011 0.618598 0.309257
v 0.296121 0.653240 0.309257
v 0.387408 0.621327 0.309257
v 0.343043 0.636836 0.366607
v 0.343043 0.636836 0.397496
v 0.282492 0.614254 0.293141
v 0.284011 0.618598 0.309257
v 0.375298 0.586685 0.309257
v 0.373779 0.582341 0.293141
v 0.246462 0.617696 0.337243
v 0.246462 0.617696 0.366607
v 0.264725 0.563430 0.264904
v 0.272439 0.585497 0.268108
v 0.363726 0.553584 0.268108
v 0.356012 0.531517 0.264904
v 0.276119 0.596024 0.272917
v 0.280301 0.607988 0.283127
v 0.371589 0.576075 0.283127
v 0.367406 0.564111 0.272917
v 0.245136 0.507395 0.264904
v 0.336423 0.475483 0.264904
v 0.245136 0.507395 0.337243
v 0.336423 0.475483 0.397496
v 0.276189 0.607304 0.397496
v 0.276189 0.607304 0.366607
v 0.276189 0.607304 0.366607
v 0.276189 0.607304 0.397496
v 0.246462 0.617696 0.366607
v 0.260621 0.658199 0.366607
v 0.260621 0.658199 0.337243
v 0.246462 0.617696 0.337243
v 0.365787 0.559478 0.366607
v 0.365787 0.559478 0.337244
v 0.321421 0.574988 0.337243
v 0.321421 0.574988 0.366607
v 0.343043 0.636836 0.366607
v 0.387408 0.621327 0.366607
v 0.365787 0.559478 0.366607
v 0.321421 0.574988 0.366607
v 0.343042 0.636836 0.337243
v 0.321421 0.574988 0.337243
v 0.365787 0.559478 0.337244
v 0.387408 0.621327 0.337243
v 0.343042 0.636836 0.337243
v 0.343043 0.636836 0.366607
v 0.321421 0.574988 0.366607
v 0.321421 0.574988 0.337243
v 0.365787 0.559478 0.366607
v 0.387408 0.621327 0.366607
v 0.387408 0.621327 0.397496
v 0.336423 0.475483 0.397496
v 0.336423 0.475483 0.264904
v 0.245136 0.507395 0.264904
v 0.387408 0.621327 0.397496
v 0.387408 0.621327 0.366607
v 0.343043 0.636836 0.366607
v 0.264107 0.662249 0.366607
v 0.264107 0.662249 0.337243
v 0.067948 0.677738 0.301945
v 0.064592 0.678599 0.301945
v 0.064010 0.677416 0.308657
v 0.067349 0.676513 0.308760
v 0.062629 0.673872 0.314345
v 0.065952 0.672932 0.314552
v 0.061042 0.676605 0.307938
v 0.059770 0.673322 0.312893
v 0.061504 0.677496 0.301945
v 0.060662 0.668518 0.318150
v 0.063949 0.667479 0.318399
v 0.058407 0.662163 0.319481
v 0.061659 0.661027 0.319775
v 0.058052 0.668661 0.316414
v 0.056042 0.662985 0.317428
v 0.056139 0.643957 0.301945
v 0.052977 0.645374 0.301945
v 0.053566 0.646577 0.295232
v 0.056745 0.645202 0.295129
v 0.054951 0.650129 0.289544
v 0.058145 0.648791 0.289337
v 0.051717 0.649070 0.295951
v 0.052991 0.652359 0.290996
v 0.051249 0.648162 0.301945
v 0.066486 0.672650 0.289337
v 0.063154 0.673595 0.289544
v 0.064293 0.677262 0.295232
v 0.067636 0.676356 0.295129
v 0.061294 0.676467 0.295951
v 0.060234 0.673078 0.290996
v 0.062428 0.660668 0.284114
v 0.059163 0.661810 0.284408
v 0.061354 0.668173 0.285739
v 0.064652 0.667129 0.285491
v 0.058670 0.668352 0.287475
v 0.056710 0.662673 0.286461
v 0.056915 0.655474 0.285739
v 0.060145 0.654235 0.285491
v 0.059163 0.661810 0.284408
v 0.062428 0.660668 0.284114
v 0.054706 0.657014 0.287475
v 0.056710 0.662673 0.286461
v 0.057591 0.649017 0.314552
v 0.054406 0.650351 0.314345
v 0.053270 0.646693 0.308657
v 0.056444 0.645320 0.308760
v 0.051452 0.649174 0.307938
v 0.052510 0.652556 0.312893
v 0.056209 0.655782 0.318150
v 0.059428 0.654547 0.318399
v 0.054076 0.657288 0.316414
v 0.128442 0.711858 0.366607
v 0.296121 0.653240 0.309257
v 0.269240 0.662637 0.337243
v 0.264107 0.662249 0.337243
vn 0.9440 -0.3300 -0.0000
vn -0.0000 -0.0000 1.0000
vn -0.0000 -0.0000 -1.0000
vn -0.9440 0.3300 -0.0000
vn 0.5160 0.8566 -0.0000
vn 0.3300 0.9440 -0.0000
vn 0.9200 -0.3913 -0.0236
vn 0.9214 -0.3857 -0.0485
vn 0.9437 -0.3299 -0.0236
vn 0.9253 -0.3727 -0.0701
vn 0.9273 -0.3735 0.0231
vn 0.9224 -0.3861 0.0014
vn 0.9581 -0.2856 0.0229
vn 0.9513 -0.3061 0.0366
vn 0.9431 -0.3297 0.0424
vn 0.9560 -0.2850 -0.0703
vn 0.9610 -0.2723 -0.0487
vn 0.9634 -0.2671 -0.0239
vn 0.9322 -0.3522 -0.0837
vn 0.9402 -0.3287 -0.0895
vn 0.9348 -0.3532 0.0367
vn 0.9621 -0.2727 0.0011
vn 0.9486 -0.3053 -0.0838
vn -0.9634 0.2671 -0.0236
vn -0.9437 0.3299 -0.0236
vn -0.9610 0.2723 -0.0485
vn -0.9560 0.2850 -0.0701
vn -0.9581 0.2856 0.0231
vn -0.9621 0.2727 0.0014
vn -0.9273 0.3735 0.0229
vn -0.9348 0.3532 0.0366
vn -0.9431 0.3297 0.0424
vn -0.9253 0.3727 -0.0703
vn -0.9213 0.3857 -0.0487
vn -0.9200 0.3913 -0.0239
vn -0.9486 0.3052 -0.0837
vn -0.9402 0.3287 -0.0895
vn -0.9513 0.3062 0.0367
vn -0.9224 0.3861 0.0011
vn -0.9322 0.3522 -0.0838
vn 0.1300 0.9915 -0.0000
vn 0.9527 0.3039 -0.0000
vn 0.7008 0.7134 -0.0000
vn 0.4452 0.8954 -0.0000
vn 0.2997 0.8574 -0.4185
vn 0.2997 0.8573 -0.4185
vn 0.3173 0.9077 -0.2746
vn 0.0225 0.0642 -0.9977
vn 0.0886 0.2533 -0.9633
vn 0.1704 0.4875 -0.8563
vn 0.2439 0.6977 -0.6736
vn -0.3300 -0.9440 -0.0000
vn 0.9999 0.0133 -0.0000
vn 0.9889 -0.1486 -0.0000
vn 0.9088 0.4172 -0.0000
vn 0.4058 0.9139 -0.0085
vn 0.3816 0.8446 0.3756
vn 0.6193 0.7028 0.3500
vn 0.6391 0.7691 -0.0109
vn 0.3103 0.6404 0.7025
vn 0.5525 0.5115 0.6581
vn 0.7671 0.3283 0.5512
vn 0.8232 0.4884 0.2896
vn 0.8378 0.5458 -0.0158
vn 0.2028 0.3339 0.9205
vn 0.4535 0.2225 0.8630
vn 0.0769 -0.0267 0.9967
vn 0.3336 -0.1165 0.9355
vn 0.5819 -0.2035 0.7874
vn 0.6843 0.0828 0.7245
vn -0.2520 -0.9677 -0.0040
vn -0.2265 -0.8944 -0.3856
vn 0.0446 -0.9299 -0.3652
vn 0.0207 -0.9998 -0.0066
vn -0.1550 -0.6895 -0.7075
vn 0.1089 -0.7367 -0.6674
vn 0.3880 -0.7247 -0.5694
vn 0.3358 -0.8881 -0.3138
vn 0.3152 -0.9489 -0.0118
vn 0.3077 0.6343 -0.7092
vn 0.3793 0.8394 -0.3892
vn 0.6134 0.6985 -0.3685
vn 0.5432 0.5072 -0.6691
vn 0.8151 0.4849 -0.3170
vn 0.7539 0.3247 -0.5712
vn 0.1392 0.1577 -0.9776
vn 0.2013 0.3308 -0.9220
vn 0.4435 0.2214 -0.8685
vn 0.3778 0.0553 -0.9242
vn 0.6699 0.0832 -0.7378
vn 0.6099 -0.0619 -0.7900
vn -0.0487 -0.3849 -0.9217
vn 0.2091 -0.4503 -0.8680
vn 0.0107 -0.2103 -0.9776
vn 0.2615 -0.2789 -0.9240
vn 0.5159 -0.3317 -0.7898
vn 0.4727 -0.4828 -0.7372
vn -0.1559 -0.6926 0.7043
vn -0.2275 -0.8969 0.3792
vn 0.0466 -0.9343 0.3534
vn 0.1134 -0.7428 0.6598
vn 0.3393 -0.8939 0.2929
vn 0.3949 -0.7336 0.5531
vn -0.0493 -0.3868 0.9208
vn 0.2160 -0.4558 0.8635
vn 0.4831 -0.4907 0.7251
vn -0.5558 0.8313 -0.0000
vn -0.1037 0.9946 -0.0000
vn 0.2096 0.9778 -0.0000
vn -0.7738 0.6334 -0.0000
vn -0.8661 0.4999 -0.0000
vn -0.4509 0.8926 -0.0000
vn 0.2520 0.9677 -0.0085
vn -0.0207 0.9997 -0.0108
vn -0.0466 0.9356 0.3500
vn 0.2278 0.8983 0.3756
vn -0.1135 0.7444 0.6581
vn 0.1563 0.6943 0.7025
vn -0.3396 0.8949 0.2896
vn -0.3954 0.7347 0.5512
vn -0.3152 0.9489 -0.0158
vn -0.2161 0.4566 0.8630
vn 0.0493 0.3876 0.9205
vn -0.3335 0.1167 0.9355
vn -0.0768 0.0270 0.9967
vn -0.4837 0.4911 0.7245
vn -0.5820 0.2034 0.7874
vn -0.4057 -0.9140 -0.0040
vn -0.6390 -0.7691 -0.0066
vn -0.6142 -0.6996 -0.3652
vn -0.3800 -0.8408 -0.3857
vn -0.5442 -0.5084 -0.6674
vn -0.3083 -0.6359 -0.7075
vn -0.8160 -0.4855 -0.3138
vn -0.7550 -0.3252 -0.5694
vn -0.8378 -0.5459 -0.0118
vn 0.1546 0.6879 -0.7092
vn -0.1089 0.7351 -0.6691
vn -0.0446 0.9285 -0.3685
vn 0.2262 0.8929 -0.3892
vn -0.3355 0.8871 -0.3170
vn -0.3874 0.7236 -0.5712
vn -0.0107 0.2100 -0.9776
vn -0.2611 0.2787 -0.9242
vn -0.2089 0.4495 -0.8685
vn 0.0486 0.3841 -0.9220
vn -0.4722 0.4824 -0.7378
vn -0.5157 0.3316 -0.7900
vn -0.4441 -0.2220 -0.8681
vn -0.2016 -0.3314 -0.9217
vn -0.3783 -0.0553 -0.9240
vn -0.1394 -0.1578 -0.9776
vn -0.6705 -0.0831 -0.7372
vn -0.6103 0.0620 -0.7898
vn -0.3095 -0.6389 0.7043
vn -0.5515 -0.5104 0.6598
vn -0.6186 -0.7018 0.3534
vn -0.3809 -0.8433 0.3792
vn -0.8223 -0.4879 0.2929
vn -0.7659 -0.3278 0.5531
vn -0.4529 -0.2220 0.8635
vn -0.2025 -0.3332 0.9208
vn -0.6836 -0.0828 0.7251
vt 0.346248 0.574300
vt 0.346248 0.578357
vt 0.351569 0.574300
vt 0.002273 0.990807
vt 0.005608 0.991659
vt 0.013608 0.990807
vt 0.193913 0.003431
vt 0.201154 0.008526
vt 0.216313 0.003431
vt 0.368647 0.567870
vt 0.360041 0.567870
vt 0.368647 0.578357
vt 0.352236 0.571963
vt 0.650379 0.018456
vt 0.651046 0.020793
vt 0.654557 0.014399
vt 0.668753 0.330434
vt 0.676599 0.345883
vt 0.678079 0.344046
vt 0.652008 0.022245
vt 0.653846 0.023725
vt 0.658852 0.024887
vt 0.667458 0.024887
vt 0.655463 0.024422
vt 0.356652 0.568334
vt 0.010009 0.998047
vt 0.014575 0.998047
vt 0.014575 0.991826
vt 0.717301 0.382276
vt 0.717301 0.375462
vt 0.694902 0.375462
vt 0.716448 0.385612
vt 0.714390 0.388434
vt 0.710061 0.390013
vt 0.776302 0.276984
vt 0.772044 0.276984
vt 0.772044 0.281112
vt 0.156225 0.918568
vt 0.155343 0.918568
vt 0.155854 0.920792
vt 0.154549 0.918954
vt 0.157683 0.919485
vt 0.157059 0.918859
vt 0.157153 0.922634
vt 0.157777 0.922008
vt 0.158067 0.921170
vt 0.154020 0.922095
vt 0.154644 0.922722
vt 0.155477 0.923016
vt 0.153925 0.919579
vt 0.153635 0.920413
vt 0.158067 0.920283
vt 0.156359 0.923018
vt 0.153636 0.921298
vt 0.672810 0.352833
vt 0.672810 0.347513
vt 0.668753 0.352833
vt 0.629269 0.773176
vt 0.622455 0.777233
vt 0.629269 0.777233
vt 0.049974 0.624502
vt 0.061308 0.624502
vt 0.053309 0.623649
vt 0.193913 0.021977
vt 0.216313 0.021977
vt 0.201154 0.016882
vt 0.679241 0.330434
vt 0.679241 0.339040
vt 0.675147 0.346846
vt 0.699564 0.076436
vt 0.703743 0.080493
vt 0.700232 0.074099
vt 0.701194 0.072647
vt 0.703031 0.071167
vt 0.708037 0.070005
vt 0.716643 0.070005
vt 0.704648 0.070470
vt 0.678776 0.342429
vt 0.194933 0.016882
vt 0.057710 0.617261
vt 0.062275 0.623482
vt 0.062275 0.617261
vt 0.717301 0.415235
vt 0.694902 0.422049
vt 0.717301 0.422049
vt 0.716448 0.411900
vt 0.714390 0.409077
vt 0.710061 0.407499
vt 0.119605 0.941118
vt 0.119234 0.938893
vt 0.118722 0.941117
vt 0.117928 0.940732
vt 0.121062 0.940201
vt 0.120438 0.940827
vt 0.120532 0.937052
vt 0.121156 0.937678
vt 0.121446 0.938516
vt 0.117399 0.937591
vt 0.118023 0.936964
vt 0.118856 0.936670
vt 0.117304 0.940107
vt 0.117014 0.939272
vt 0.121446 0.939402
vt 0.119738 0.936668
vt 0.117015 0.938388
vt 0.767987 0.281112
vt 0.772044 0.288319
vt 0.611121 0.777233
vt 0.611121 0.781490
vt 0.615249 0.777233
vt 0.194933 0.008526
vt 0.355036 0.569031
vt 0.353198 0.570512
vt 0.008431 0.993718
vt 0.014292 0.991105
vt 0.178982 0.732519
vt 0.178982 0.728041
vt 0.175489 0.728041
vt 0.175489 0.732519
vt 0.645059 0.014399
vt 0.645059 0.018456
vt 0.517163 0.675383
vt 0.517163 0.670062
vt 0.503142 0.670062
vt 0.503142 0.675383
vt 0.172046 0.728041
vt 0.172046 0.732519
vt 0.767987 0.295133
vt 0.772044 0.295133
vt 0.572041 0.002170
vt 0.572041 0.016191
vt 0.574471 0.016191
vt 0.574471 0.002170
vt 0.096081 0.730392
vt 0.096081 0.726135
vt 0.091904 0.721657
vt 0.091904 0.730392
vt 0.201154 0.012704
vt 0.216313 0.012704
vt 0.562758 0.002170
vt 0.562758 0.016191
vt 0.566179 0.016191
vt 0.566179 0.002170
vt 0.567940 0.002170
vt 0.567940 0.016191
vt 0.570299 0.016191
vt 0.570299 0.002170
vt 0.554152 0.002170
vt 0.554152 0.016191
vt 0.190296 0.036964
vt 0.199570 0.036964
vt 0.199570 0.028229
vt 0.176276 0.028229
vt 0.100647 0.721657
vt 0.100647 0.726135
vt 0.193913 0.007559
vt 0.194212 0.008243
vt 0.183590 0.728041
vt 0.183590 0.732519
vt 0.776302 0.269242
vt 0.772044 0.269242
vt 0.772044 0.275463
vt 0.776302 0.275463
vt 0.480599 0.064037
vt 0.487413 0.064037
vt 0.487413 0.059780
vt 0.480599 0.059780
vt 0.666847 0.975051
vt 0.666847 0.965552
vt 0.660033 0.965552
vt 0.660033 0.975051
vt 0.631259 0.006692
vt 0.624445 0.006692
vt 0.624445 0.016191
vt 0.631259 0.016191
vt 0.169873 0.378671
vt 0.179371 0.378671
vt 0.179371 0.374414
vt 0.169873 0.374414
vt 0.654557 0.010142
vt 0.667458 0.005663
vt 0.645059 0.005663
vt 0.645059 0.010142
vt 0.176276 0.047452
vt 0.190296 0.047452
vt 0.165232 0.732519
vt 0.165232 0.728041
vt 0.710061 0.398756
vt 0.694902 0.398756
vt 0.772044 0.276238
vt 0.776302 0.276238
vt 0.760551 0.797751
vt 0.760551 0.798746
vt 0.761038 0.798746
vt 0.761038 0.797751
vt 0.760551 0.799742
vt 0.761038 0.799742
vt 0.761492 0.799742
vt 0.761492 0.798746
vt 0.761492 0.797751
vt 0.760551 0.800740
vt 0.761038 0.800740
vt 0.760551 0.801740
vt 0.761038 0.801740
vt 0.761492 0.801740
vt 0.761492 0.800740
vt 0.760551 0.805735
vt 0.760551 0.806731
vt 0.761038 0.806731
vt 0.761038 0.805735
vt 0.760551 0.807727
vt 0.761038 0.807727
vt 0.761492 0.807727
vt 0.761492 0.806731
vt 0.761492 0.805735
vt 0.760551 0.795755
vt 0.760551 0.796754
vt 0.761038 0.796754
vt 0.761038 0.795755
vt 0.761492 0.796754
vt 0.761492 0.795755
vt 0.760551 0.793758
vt 0.760551 0.794757
vt 0.761038 0.794757
vt 0.761038 0.793758
vt 0.761492 0.794757
vt 0.761492 0.793758
vt 0.760551 0.808724
vt 0.761038 0.808724
vt 0.760551 0.809721
vt 0.761038 0.809721
vt 0.761492 0.809721
vt 0.761492 0.808724
vt 0.760551 0.803741
vt 0.760551 0.804739
vt 0.761038 0.804739
vt 0.761038 0.803741
vt 0.761492 0.804739
vt 0.761492 0.803741
vt 0.760551 0.802741
vt 0.761038 0.802741
vt 0.761492 0.802741
vt 0.056132 0.621590
vt 0.061992 0.624203
vt 0.024419 0.025898
vt 0.020925 0.025898
vt 0.020925 0.030377
vt 0.024419 0.030377
vt 0.694244 0.076436
vt 0.694244 0.080493
vt 0.385472 0.379876
vt 0.399492 0.379876
vt 0.399492 0.374556
vt 0.385472 0.374556
vt 0.017483 0.030377
vt 0.017483 0.025898
vt 0.530012 0.002170
vt 0.527582 0.002170
vt 0.527582 0.016190
vt 0.530012 0.016190
vt 0.087726 0.730392
vt 0.087726 0.726135
vt 0.539295 0.002170
vt 0.535874 0.002170
vt 0.535874 0.016190
vt 0.539295 0.016190
vt 0.534113 0.002170
vt 0.531754 0.002170
vt 0.531754 0.016190
vt 0.534113 0.016190
vt 0.547901 0.002170
vt 0.547901 0.016190
vt 0.208843 0.036964
vt 0.222863 0.028229
vt 0.083161 0.721657
vt 0.083161 0.726135
vt 0.029027 0.030377
vt 0.029027 0.025898
vt 0.603379 0.781490
vt 0.609600 0.781490
vt 0.609600 0.777233
vt 0.603379 0.777233
vt 0.333173 0.573785
vt 0.333173 0.578042
vt 0.339987 0.578042
vt 0.339987 0.573785
vt 0.711644 0.006727
vt 0.704830 0.006727
vt 0.704830 0.016226
vt 0.711644 0.016226
vt 0.666848 0.717357
vt 0.666848 0.707858
vt 0.660034 0.707858
vt 0.660034 0.717357
vt 0.495209 0.674290
vt 0.495209 0.670033
vt 0.485710 0.670033
vt 0.485710 0.674290
vt 0.703743 0.084750
vt 0.694244 0.084750
vt 0.694244 0.089228
vt 0.716643 0.089228
vt 0.222863 0.047452
vt 0.208843 0.047452
vt 0.010669 0.025898
vt 0.010669 0.030377
vt 0.622455 0.781490
vt 0.610374 0.781490
vt 0.610374 0.777233
vt 0.350214 0.925948
vt 0.350695 0.925948
vt 0.350695 0.924941
vt 0.350214 0.924941
vt 0.350695 0.923935
vt 0.350214 0.923935
vt 0.351144 0.924941
vt 0.351144 0.923935
vt 0.351144 0.925948
vt 0.350695 0.922926
vt 0.350214 0.922926
vt 0.350695 0.921914
vt 0.350214 0.921914
vt 0.351144 0.922926
vt 0.351144 0.921914
vt 0.350214 0.917874
vt 0.350695 0.917874
vt 0.350695 0.916866
vt 0.350214 0.916866
vt 0.350695 0.915859
vt 0.350214 0.915859
vt 0.351144 0.916866
vt 0.351144 0.915859
vt 0.351144 0.917874
vt 0.350214 0.927966
vt 0.350695 0.927966
vt 0.350695 0.926956
vt 0.350214 0.926956
vt 0.351144 0.926956
vt 0.351144 0.927966
vt 0.350214 0.929986
vt 0.350695 0.929986
vt 0.350695 0.928977
vt 0.350214 0.928977
vt 0.351144 0.928977
vt 0.351144 0.929986
vt 0.350695 0.914851
vt 0.350214 0.914851
vt 0.350695 0.913842
vt 0.350214 0.913842
vt 0.351144 0.914851
vt 0.351144 0.913842
vt 0.350214 0.919890
vt 0.350695 0.919890
vt 0.350695 0.918881
vt 0.350214 0.918881
vt 0.351144 0.918881
vt 0.351144 0.919890
vt 0.350695 0.920902
vt 0.350214 0.920902
vt 0.351144 0.920902
vt 0.776302 0.288319
vt 0.615249 0.773176
vt 0.193913 0.017849
vt 0.194212 0.017165
s 0
usemtl M_WP_Revolver
f 4181/4181/2689 4182/4182/2689 4183/4183/2689
f 4184/4184/2690 4185/4185/2690 4186/4186/2690
f 4187/4187/2691 4188/4188/2691 4189/4189/2691
f 4190/4190/2689 4191/4191/2689 4192/4192/2689
f 4182/4182/2689 4192/4192/2689 4183/4183/2689
f 4183/4183/2689 4192/4192/2689 4193/4193/2689
f 4194/4194/2692 4195/4195/2692 4196/4196/2692
f 4197/4197/2692 4198/4198/2692 4199/4199/2692
f 4196/4196/2692 4200/4200/2692 4201/4201/2692
f 4202/4202/2692 4203/4203/2692 4196/4196/2692
f 4196/4196/2692 4204/4204/2692 4202/4202/2692
f 4192/4192/2689 4191/4191/2689 4205/4205/2689
f 4206/4206/2690 4207/4207/2690 4208/4208/2690
f 4209/4209/2690 4210/4210/2690 4211/4211/2690
f 4212/4212/2690 4209/4209/2690 4211/4211/2690
f 4213/4213/2690 4212/4212/2690 4211/4211/2690
f 4214/4214/2690 4213/4213/2690 4211/4211/2690
s 1
f 4215/4215/2693 4216/4216/2693 4217/4217/2694
f 4218/4218/2695 4219/4219/2696 4220/4220/2697
f 4221/4221/2698 4220/4220/2697 4219/4219/2696
f 4222/4222/2699 4223/4223/2700 4220/4220/2697
f 4218/4218/2695 4220/4220/2697 4223/4223/2700
f 4224/4224/2701 4225/4225/2702 4220/4220/2697
f 4226/4226/2703 4220/4220/2697 4225/4225/2702
f 4227/4227/2704 4228/4228/2705 4220/4220/2697
f 4229/4229/2706 4220/4220/2697 4228/4228/2705
f 4221/4221/2698 4230/4230/2707 4220/4220/2697
f 4231/4231/2708 4220/4220/2697 4230/4230/2707
f 4226/4226/2703 4232/4232/2709 4220/4220/2697
f 4222/4222/2699 4220/4220/2697 4232/4232/2709
f 4229/4229/2706 4233/4233/2710 4220/4220/2697
f 4224/4224/2701 4220/4220/2697 4233/4233/2710
f 4231/4231/2708 4234/4234/2711 4220/4220/2697
f 4227/4227/2704 4220/4220/2697 4234/4234/2711
s 0
f 4235/4235/2692 4236/4236/2692 4237/4237/2692
f 4238/4238/2694 4239/4239/2694 4240/4240/2694
f 4241/4241/2690 4242/4242/2690 4243/4243/2690
f 4244/4244/2691 4245/4245/2691 4246/4246/2691
f 4247/4247/2692 4197/4197/2692 4248/4248/2692
f 4237/4237/2692 4236/4236/2692 4197/4197/2692
f 4236/4236/2692 4249/4249/2692 4197/4197/2692
f 4250/4250/2689 4251/4251/2689 4252/4252/2689
f 4253/4253/2689 4251/4251/2689 4254/4254/2689
f 4255/4255/2689 4251/4251/2689 4256/4256/2689
f 4257/4257/2689 4251/4251/2689 4255/4255/2689
f 4197/4197/2692 4258/4258/2692 4248/4248/2692
f 4244/4244/2691 4246/4246/2691 4259/4259/2691
f 4260/4260/2690 4261/4261/2690 4262/4262/2690
f 4263/4263/2690 4264/4264/2690 4265/4265/2690
f 4266/4266/2690 4264/4264/2690 4263/4263/2690
f 4267/4267/2690 4264/4264/2690 4266/4266/2690
f 4268/4268/2690 4264/4264/2690 4267/4267/2690
s 1
f 4269/4269/2712 4270/4270/2713 4271/4271/2714
f 4272/4272/2715 4271/4271/2714 4270/4270/2713
f 4273/4273/2716 4270/4270/2713 4274/4274/2717
f 4269/4269/2712 4274/4274/2717 4270/4270/2713
f 4275/4275/2718 4270/4270/2713 4276/4276/2719
f 4277/4277/2720 4276/4276/2719 4270/4270/2713
f 4278/4278/2721 4270/4270/2713 4279/4279/2722
f 4280/4280/2723 4279/4279/2722 4270/4270/2713
f 4272/4272/2715 4270/4270/2713 4281/4281/2724
f 4282/4282/2725 4281/4281/2724 4270/4270/2713
f 4277/4277/2720 4270/4270/2713 4283/4283/2726
f 4273/4273/2716 4283/4283/2726 4270/4270/2713
f 4280/4280/2723 4270/4270/2713 4284/4284/2727
f 4275/4275/2718 4284/4284/2727 4270/4270/2713
f 4282/4282/2725 4270/4270/2713 4285/4285/2728
f 4278/4278/2721 4285/4285/2728 4270/4270/2713
s 0
f 4217/4217/2694 4286/4286/2694 4287/4287/2694
s 1
f 4288/4288/2729 4289/4289/2729 4290/4290/2694
s 0
f 4188/4188/2691 4187/4187/2691 4291/4291/2691
f 4205/4205/2689 4292/4292/2689 4192/4192/2689
f 4293/4293/2689 4193/4193/2689 4192/4192/2689
f 4195/4195/2692 4200/4200/2692 4196/4196/2692
f 4201/4201/2692 4204/4204/2692 4196/4196/2692
f 4199/4199/2692 4258/4258/2692 4197/4197/2692
f 4249/4249/2692 4198/4198/2692 4197/4197/2692
f 4253/4253/2689 4252/4252/2689 4251/4251/2689
f 4257/4257/2689 4254/4254/2689 4251/4251/2689
f 4293/4293/2689 4192/4192/2689 4292/4292/2689
f 4294/4294/2690 4206/4206/2690 4208/4208/2690
f 4294/4294/2690 4208/4208/2690 4295/4295/2690
s 1
f 4296/4296/2730 4297/4297/2730 4298/4298/2731
f 4296/4296/2730 4298/4298/2731 4299/4299/2731
s 0
f 4196/4196/2692 4300/4300/2692 4301/4301/2692
f 4196/4196/2692 4301/4301/2692 4194/4194/2692
f 4302/4302/2691 4303/4303/2691 4304/4304/2691
f 4302/4302/2691 4304/4304/2691 4305/4305/2691
s 1
f 4306/4306/2732 4307/4307/2732 4299/4299/2731
f 4306/4306/2732 4299/4299/2731 4298/4298/2731
s 0
f 4286/4286/2694 4308/4308/2694 4309/4309/2694
f 4286/4286/2694 4309/4309/2694 4287/4287/2694
s 1
f 4310/4310/2733 4311/4311/2734 4312/4312/2735
f 4310/4310/2733 4312/4312/2735 4313/4313/2735
s 0
f 4314/4314/2694 4315/4315/2694 4316/4316/2694
f 4314/4314/2694 4316/4316/2694 4317/4317/2694
f 4188/4188/2691 4318/4318/2691 4319/4319/2691
f 4188/4188/2691 4319/4319/2691 4189/4189/2691
s 1
f 4320/4320/2736 4321/4321/2736 4322/4322/2737
f 4320/4320/2736 4322/4322/2737 4323/4323/2737
f 4324/4324/2738 4325/4325/2738 4326/4326/2739
f 4324/4324/2738 4326/4326/2739 4327/4327/2739
f 4328/4328/2691 4329/4329/2691 4321/4321/2736
f 4328/4328/2691 4321/4321/2736 4320/4320/2736
s 0
f 4330/4330/2740 4331/4331/2740 4332/4332/2740
f 4330/4330/2740 4332/4332/2740 4333/4333/2740
f 4334/4334/2694 4316/4316/2694 4315/4315/2694
f 4334/4334/2694 4315/4315/2694 4335/4335/2694
f 4187/4187/2691 4336/4336/2691 4337/4337/2691
f 4187/4187/2691 4337/4337/2691 4291/4291/2691
s 1
f 4338/4338/2741 4297/4297/2730 4296/4296/2730
f 4338/4338/2741 4296/4296/2730 4339/4339/2741
f 4340/4340/2689 4341/4341/2689 4342/4342/2742
f 4340/4340/2689 4342/4342/2742 4343/4343/2742
s 0
f 4344/4344/2694 4345/4345/2694 4346/4346/2694
f 4344/4344/2694 4346/4346/2694 4347/4347/2694
f 4348/4348/2691 4349/4349/2691 4350/4350/2691
f 4348/4348/2691 4350/4350/2691 4351/4351/2691
f 4352/4352/2690 4353/4353/2690 4354/4354/2690
f 4352/4352/2690 4354/4354/2690 4355/4355/2690
f 4356/4356/2692 4357/4357/2692 4358/4358/2692
f 4356/4356/2692 4358/4358/2692 4359/4359/2692
f 4360/4360/2692 4361/4361/2692 4362/4362/2692
f 4360/4360/2692 4362/4362/2692 4363/4363/2692
f 4364/4364/2740 4365/4365/2740 4330/4330/2740
f 4364/4364/2740 4330/4330/2740 4333/4333/2740
s 1
f 4366/4366/2694 4307/4307/2732 4306/4306/2732
f 4366/4366/2694 4306/4306/2732 4367/4367/2694
s 0
f 4203/4203/2692 4361/4361/2692 4360/4360/2692
f 4203/4203/2692 4360/4360/2692 4196/4196/2692
f 4368/4368/2690 4214/4214/2690 4211/4211/2690
f 4368/4368/2690 4211/4211/2690 4369/4369/2690
s 1
f 4343/4343/2742 4342/4342/2742 4370/4370/2743
f 4343/4343/2742 4370/4370/2743 4371/4371/2743
f 4371/4371/2743 4370/4370/2743 4216/4216/2693
f 4371/4371/2743 4216/4216/2693 4215/4215/2693
s 0
f 4185/4185/2690 4294/4294/2690 4295/4295/2690
f 4185/4185/2690 4295/4295/2690 4186/4186/2690
s 1
f 4372/4372/2744 4373/4373/2745 4374/4374/2746
f 4372/4372/2744 4374/4374/2746 4375/4375/2747
f 4373/4373/2745 4376/4376/2748 4377/4377/2749
f 4373/4373/2745 4377/4377/2749 4374/4374/2746
f 4374/4374/2746 4377/4377/2749 4378/4378/2750
f 4374/4374/2746 4378/4378/2750 4379/4379/2751
f 4375/4375/2747 4374/4374/2746 4379/4379/2751
f 4375/4375/2747 4379/4379/2751 4380/4380/2752
f 4376/4376/2748 4381/4381/2753 4382/4382/2754
f 4376/4376/2748 4382/4382/2754 4377/4377/2749
f 4381/4381/2753 4383/4383/2755 4384/4384/2756
f 4381/4381/2753 4384/4384/2756 4382/4382/2754
f 4382/4382/2754 4384/4384/2756 4385/4385/2757
f 4382/4382/2754 4385/4385/2757 4386/4386/2758
f 4377/4377/2749 4382/4382/2754 4386/4386/2758
f 4377/4377/2749 4386/4386/2758 4378/4378/2750
f 4387/4387/2759 4388/4388/2760 4389/4389/2761
f 4387/4387/2759 4389/4389/2761 4390/4390/2762
f 4388/4388/2760 4391/4391/2763 4392/4392/2764
f 4388/4388/2760 4392/4392/2764 4389/4389/2761
f 4389/4389/2761 4392/4392/2764 4393/4393/2765
f 4389/4389/2761 4393/4393/2765 4394/4394/2766
f 4390/4390/2762 4389/4389/2761 4394/4394/2766
f 4390/4390/2762 4394/4394/2766 4395/4395/2767
f 4396/4396/2768 4397/4397/2769 4398/4398/2770
f 4396/4396/2768 4398/4398/2770 4399/4399/2771
f 4397/4397/2769 4372/4372/2744 4375/4375/2747
f 4397/4397/2769 4375/4375/2747 4398/4398/2770
f 4398/4398/2770 4375/4375/2747 4380/4380/2752
f 4398/4398/2770 4380/4380/2752 4400/4400/2772
f 4399/4399/2771 4398/4398/2770 4400/4400/2772
f 4399/4399/2771 4400/4400/2772 4401/4401/2773
f 4402/4402/2774 4403/4403/2775 4404/4404/2776
f 4402/4402/2774 4404/4404/2776 4405/4405/2777
f 4403/4403/2775 4396/4396/2768 4399/4399/2771
f 4403/4403/2775 4399/4399/2771 4404/4404/2776
f 4404/4404/2776 4399/4399/2771 4401/4401/2773
f 4404/4404/2776 4401/4401/2773 4406/4406/2778
f 4405/4405/2777 4404/4404/2776 4406/4406/2778
f 4405/4405/2777 4406/4406/2778 4407/4407/2779
f 4391/4391/2763 4408/4408/2780 4409/4409/2781
f 4391/4391/2763 4409/4409/2781 4392/4392/2764
f 4408/4408/2780 4410/4410/2782 4411/4411/2783
f 4408/4408/2780 4411/4411/2783 4409/4409/2781
f 4409/4409/2781 4411/4411/2783 4412/4412/2784
f 4409/4409/2781 4412/4412/2784 4413/4413/2785
f 4392/4392/2764 4409/4409/2781 4413/4413/2785
f 4392/4392/2764 4413/4413/2785 4393/4393/2765
f 4414/4414/2786 4415/4415/2787 4416/4416/2788
f 4414/4414/2786 4416/4416/2788 4417/4417/2789
f 4415/4415/2787 4387/4387/2759 4390/4390/2762
f 4415/4415/2787 4390/4390/2762 4416/4416/2788
f 4416/4416/2788 4390/4390/2762 4395/4395/2767
f 4416/4416/2788 4395/4395/2767 4418/4418/2790
f 4417/4417/2789 4416/4416/2788 4418/4418/2790
f 4417/4417/2789 4418/4418/2790 4419/4419/2791
f 4383/4383/2755 4420/4420/2792 4421/4421/2793
f 4383/4383/2755 4421/4421/2793 4384/4384/2756
f 4420/4420/2792 4414/4414/2786 4417/4417/2789
f 4420/4420/2792 4417/4417/2789 4421/4421/2793
f 4421/4421/2793 4417/4417/2789 4419/4419/2791
f 4421/4421/2793 4419/4419/2791 4422/4422/2794
f 4384/4384/2756 4421/4421/2793 4422/4422/2794
f 4384/4384/2756 4422/4422/2794 4385/4385/2757
s 0
f 4423/4423/2690 4424/4424/2690 4261/4261/2690
f 4423/4423/2690 4261/4261/2690 4260/4260/2690
s 1
f 4425/4425/2795 4426/4426/2796 4427/4427/2796
f 4425/4425/2795 4427/4427/2796 4428/4428/2795
s 0
f 4251/4251/2689 4250/4250/2689 4429/4429/2689
f 4251/4251/2689 4429/4429/2689 4430/4430/2689
f 4431/4431/2691 4432/4432/2691 4433/4433/2691
f 4431/4431/2691 4433/4433/2691 4434/4434/2691
s 1
f 4435/4435/2797 4427/4427/2796 4426/4426/2796
f 4435/4435/2797 4426/4426/2796 4436/4436/2797
f 4437/4437/2734 4438/4438/2735 4439/4439/2735
f 4437/4437/2734 4439/4439/2735 4440/4440/2734
s 0
f 4441/4441/2694 4317/4317/2694 4316/4316/2694
f 4441/4441/2694 4316/4316/2694 4442/4442/2694
f 4246/4246/2691 4245/4245/2691 4319/4319/2691
f 4246/4246/2691 4319/4319/2691 4318/4318/2691
s 1
f 4443/4443/2736 4444/4444/2737 4445/4445/2737
f 4443/4443/2736 4445/4445/2737 4446/4446/2736
f 4447/4447/2738 4448/4448/2739 4449/4449/2739
f 4447/4447/2738 4449/4449/2739 4450/4450/2738
f 4451/4451/2691 4443/4443/2736 4446/4446/2736
f 4451/4451/2691 4446/4446/2736 4452/4452/2691
s 0
f 4453/4453/2740 4454/4454/2740 4332/4332/2740
f 4453/4453/2740 4332/4332/2740 4331/4331/2740
f 4455/4455/2694 4456/4456/2694 4442/4442/2694
f 4455/4455/2694 4442/4442/2694 4316/4316/2694
s 1
f 4457/4457/2798 4458/4458/2798 4425/4425/2795
f 4457/4457/2798 4425/4425/2795 4428/4428/2795
f 4459/4459/2692 4460/4460/2799 4461/4461/2799
f 4459/4459/2692 4461/4461/2799 4462/4462/2692
s 0
f 4463/4463/2694 4464/4464/2694 4465/4465/2694
f 4463/4463/2694 4465/4465/2694 4466/4466/2694
f 4467/4467/2691 4468/4468/2691 4469/4469/2691
f 4467/4467/2691 4469/4469/2691 4470/4470/2691
f 4471/4471/2690 4472/4472/2690 4473/4473/2690
f 4471/4471/2690 4473/4473/2690 4474/4474/2690
f 4475/4475/2689 4476/4476/2689 4477/4477/2689
f 4475/4475/2689 4477/4477/2689 4478/4478/2689
f 4479/4479/2689 4480/4480/2689 4481/4481/2689
f 4479/4479/2689 4481/4481/2689 4482/4482/2689
f 4483/4483/2740 4454/4454/2740 4453/4453/2740
f 4483/4483/2740 4453/4453/2740 4484/4484/2740
s 1
f 4485/4485/2694 4486/4486/2694 4435/4435/2797
f 4485/4485/2694 4435/4435/2797 4436/4436/2797
s 0
f 4256/4256/2689 4251/4251/2689 4479/4479/2689
f 4256/4256/2689 4479/4479/2689 4482/4482/2689
f 4368/4368/2690 4369/4369/2690 4264/4264/2690
f 4368/4368/2690 4264/4264/2690 4268/4268/2690
s 1
f 4289/4289/2729 4487/4487/2694 4239/4239/2694
f 4289/4289/2729 4239/4239/2694 4290/4290/2694
f 4460/4460/2799 4488/4488/2800 4489/4489/2800
f 4460/4460/2799 4489/4489/2800 4461/4461/2799
f 4488/4488/2800 4289/4289/2729 4288/4288/2729
f 4488/4488/2800 4288/4288/2729 4489/4489/2800
s 0
f 4243/4243/2690 4242/4242/2690 4424/4424/2690
f 4243/4243/2690 4424/4424/2690 4423/4423/2690
s 1
f 4490/4490/2801 4491/4491/2802 4492/4492/2803
f 4490/4490/2801 4492/4492/2803 4493/4493/2804
f 4493/4493/2804 4492/4492/2803 4494/4494/2805
f 4493/4493/2804 4494/4494/2805 4495/4495/2806
f 4492/4492/2803 4496/4496/2807 4497/4497/2808
f 4492/4492/2803 4497/4497/2808 4494/4494/2805
f 4491/4491/2802 4498/4498/2809 4496/4496/2807
f 4491/4491/2802 4496/4496/2807 4492/4492/2803
f 4495/4495/2806 4494/4494/2805 4499/4499/2810
f 4495/4495/2806 4499/4499/2810 4500/4500/2811
f 4500/4500/2811 4499/4499/2810 4501/4501/2812
f 4500/4500/2811 4501/4501/2812 4502/4502/2813
f 4499/4499/2810 4503/4503/2814 4504/4504/2815
f 4499/4499/2810 4504/4504/2815 4501/4501/2812
f 4494/4494/2805 4497/4497/2808 4503/4503/2814
f 4494/4494/2805 4503/4503/2814 4499/4499/2810
f 4505/4505/2816 4506/4506/2817 4507/4507/2818
f 4505/4505/2816 4507/4507/2818 4508/4508/2819
f 4508/4508/2819 4507/4507/2818 4509/4509/2820
f 4508/4508/2819 4509/4509/2820 4510/4510/2821
f 4507/4507/2818 4511/4511/2822 4512/4512/2823
f 4507/4507/2818 4512/4512/2823 4509/4509/2820
f 4506/4506/2817 4513/4513/2824 4511/4511/2822
f 4506/4506/2817 4511/4511/2822 4507/4507/2818
f 4514/4514/2825 4515/4515/2826 4516/4516/2827
f 4514/4514/2825 4516/4516/2827 4517/4517/2828
f 4517/4517/2828 4516/4516/2827 4491/4491/2802
f 4517/4517/2828 4491/4491/2802 4490/4490/2801
f 4516/4516/2827 4518/4518/2829 4498/4498/2809
f 4516/4516/2827 4498/4498/2809 4491/4491/2802
f 4515/4515/2826 4519/4519/2830 4518/4518/2829
f 4515/4515/2826 4518/4518/2829 4516/4516/2827
f 4520/4520/2831 4521/4521/2832 4522/4522/2833
f 4520/4520/2831 4522/4522/2833 4523/4523/2834
f 4523/4523/2834 4522/4522/2833 4515/4515/2826
f 4523/4523/2834 4515/4515/2826 4514/4514/2825
f 4522/4522/2833 4524/4524/2835 4519/4519/2830
f 4522/4522/2833 4519/4519/2830 4515/4515/2826
f 4521/4521/2832 4525/4525/2836 4524/4524/2835
f 4521/4521/2832 4524/4524/2835 4522/4522/2833
f 4510/4510/2821 4509/4509/2820 4526/4526/2837
f 4510/4510/2821 4526/4526/2837 4527/4527/2838
f 4527/4527/2838 4526/4526/2837 4528/4528/2839
f 4527/4527/2838 4528/4528/2839 4529/4529/2840
f 4526/4526/2837 4530/4530/2841 4531/4531/2842
f 4526/4526/2837 4531/4531/2842 4528/4528/2839
f 4509/4509/2820 4512/4512/2823 4530/4530/2841
f 4509/4509/2820 4530/4530/2841 4526/4526/2837
f 4532/4532/2843 4533/4533/2844 4534/4534/2845
f 4532/4532/2843 4534/4534/2845 4535/4535/2846
f 4535/4535/2846 4534/4534/2845 4506/4506/2817
f 4535/4535/2846 4506/4506/2817 4505/4505/2816
f 4534/4534/2845 4536/4536/2847 4513/4513/2824
f 4534/4534/2845 4513/4513/2824 4506/4506/2817
f 4533/4533/2844 4537/4537/2848 4536/4536/2847
f 4533/4533/2844 4536/4536/2847 4534/4534/2845
f 4502/4502/2813 4501/4501/2812 4538/4538/2849
f 4502/4502/2813 4538/4538/2849 4539/4539/2850
f 4539/4539/2850 4538/4538/2849 4533/4533/2844
f 4539/4539/2850 4533/4533/2844 4532/4532/2843
f 4538/4538/2849 4540/4540/2851 4537/4537/2848
f 4538/4538/2849 4537/4537/2848 4533/4533/2844
f 4501/4501/2812 4504/4504/2815 4540/4540/2851
f 4501/4501/2812 4540/4540/2851 4538/4538/2849
f 4541/4541/2694 4215/4215/2693 4217/4217/2694
s 0
f 4541/4541/2694 4217/4217/2694 4287/4287/2694
f 4542/4542/2694 4290/4290/2694 4239/4239/2694
f 4542/4542/2694 4239/4239/2694 4238/4238/2694
f 4543/4543/2691 4244/4244/2691 4259/4259/2691
f 4543/4543/2691 4259/4259/2691 4544/4544/2691
s 1
f 4325/4325/2738 4324/4324/2738 4323/4323/2737
f 4325/4325/2738 4323/4323/2737 4322/4322/2737
f 4311/4311/2734 4310/4310/2733 4327/4327/2739
f 4311/4311/2734 4327/4327/2739 4326/4326/2739
f 4445/4445/2737 4444/4444/2737 4447/4447/2738
f 4445/4445/2737 4447/4447/2738 4450/4450/2738
f 4449/4449/2739 4448/4448/2739 4437/4437/2734
f 4449/4449/2739 4437/4437/2734 4440/4440/2734
o sight_fixed_low.001_M_WP_Revolver_0
v 0.264207 0.575309 0.287973
v 0.248448 0.529227 0.301945
v 0.257589 0.577746 -0.009751
v 0.262606 0.569728 0.301945
v 0.250452 0.559158 -0.035198
v 0.254275 0.568939 -0.019115
v 0.268693 0.588556 0.282185
v 0.280247 0.599361 0.287973
v 0.275494 0.586178 0.282185
v 0.271640 0.572734 0.315916
v 0.262606 0.569728 0.301945
v 0.269407 0.567350 0.301945
v 0.234522 0.534095 -0.320919
v 0.242981 0.558294 -0.320919
v 0.248707 0.555743 -0.057168
v 0.155573 0.603443 -0.019115
v 0.135389 0.568750 0.301945
v 0.158468 0.612398 -0.009751
v 0.149548 0.609252 0.301945
v 0.151773 0.614614 0.287973
v 0.152470 0.593411 -0.035198
v 0.156518 0.627771 0.282185
v 0.149717 0.630148 0.282185
v 0.154212 0.643421 0.287973
v 0.144355 0.617231 0.315916
v 0.142747 0.611629 0.301945
v 0.149548 0.609252 0.301945
v 0.149315 0.563882 -0.320919
v 0.151707 0.589653 -0.057168
v 0.157775 0.588081 -0.320919
v 0.151707 0.589653 -0.057168
v 0.248707 0.555743 -0.057168
v 0.242981 0.558294 -0.320919
v 0.157775 0.588081 -0.320919
v 0.152470 0.593411 -0.035198
v 0.250452 0.559158 -0.035198
v 0.155573 0.603443 -0.019115
v 0.254275 0.568939 -0.019115
v 0.264207 0.575309 0.287973
v 0.271008 0.572931 0.287973
v 0.264207 0.575309 0.287973
v 0.271008 0.572931 0.287973
v 0.135389 0.568750 0.301945
v 0.149315 0.563882 -0.320919
v 0.234522 0.534095 -0.320919
v 0.248448 0.529227 0.301945
v 0.268693 0.588556 0.282185
v 0.259509 0.582526 0.000193
v 0.120728 0.552029 0.202770
v 0.249498 0.507013 0.202770
v 0.244754 0.493857 0.208557
v 0.116242 0.538782 0.208557
v 0.127729 0.570637 0.222529
v 0.255616 0.525930 0.222529
v 0.253993 0.520286 0.208557
v 0.125481 0.565212 0.208557
v 0.126143 0.565098 0.236501
v 0.253405 0.520609 0.236501
v 0.121643 0.551810 0.242288
v 0.248646 0.507411 0.242288
v 0.116874 0.538585 0.236501
v 0.244136 0.494096 0.236501
v 0.114642 0.533201 0.222529
v 0.242529 0.488494 0.222529
v 0.158468 0.612398 -0.009751
v 0.257589 0.577746 -0.009751
v 0.157775 0.588081 -0.320919
v 0.242981 0.558294 -0.320919
v 0.234522 0.534095 -0.320919
v 0.149315 0.563882 -0.320919
v 0.249498 0.507013 0.202770
v 0.120728 0.552029 0.202770
v 0.155834 0.649065 0.301945
v 0.282495 0.604787 0.301945
v 0.153624 0.643744 0.315916
v 0.280909 0.599247 0.315916
v 0.148864 0.630546 0.321704
v 0.276408 0.585959 0.321704
v 0.159944 0.617332 0.000193
v 0.156518 0.627771 0.282185
v 0.268693 0.588556 0.282185
v 0.259509 0.582526 0.000193
v 0.262606 0.569728 0.301945
v 0.149548 0.609252 0.301945
v 0.135389 0.568750 0.301945
v 0.248448 0.529227 0.301945
v 0.144972 0.616992 0.287973
v 0.151773 0.614614 0.287973
v 0.151773 0.614614 0.287973
v 0.144972 0.616992 0.287973
v 0.156518 0.627771 0.282185
v 0.159944 0.617332 0.000193
vn 0.9437 -0.3299 -0.0237
vn 0.0453 0.1295 -0.9905
vn 0.2336 0.6683 -0.7062
vn -0.0001 -0.0003 -1.0000
vn -0.2319 -0.6634 0.7114
vn -0.3270 -0.9353 0.1354
vn -0.3300 -0.9440 0.0065
vn -0.9437 0.3299 -0.0237
vn 0.2336 0.6683 -0.7063
vn 0.3288 0.9405 -0.0858
vn 0.3300 0.9440 0.0020
vn 0.3068 0.8775 -0.3686
vn 0.2557 0.7315 -0.6320
vn -0.3048 -0.8719 -0.3832
vn -0.1262 -0.3610 -0.9240
vn -0.3300 -0.9440 -0.0000
vn -0.2323 -0.6645 -0.7103
vn 0.3300 0.9439 -0.0092
vn 0.2317 0.6629 -0.7120
vn 0.2344 0.6704 0.7040
vn 0.0001 0.0003 1.0000
vn -0.2338 -0.6688 0.7057
vn -0.3300 -0.9440 -0.0051
vn 0.2665 0.7624 -0.5897
vn 0.2665 0.7623 -0.5897
vn -0.0000 -0.0000 -1.0000
vn 0.1260 0.3603 -0.9243
vn 0.3300 0.9440 0.0024
vn 0.2325 0.6650 0.7098
vn 0.3197 0.9144 -0.2484
vn 0.3298 0.9435 -0.0309
vn -0.0000 -0.0000 1.0000
vt 0.009014 0.616193
vt 0.001953 0.614167
vt 0.009031 0.659369
vt 0.008174 0.614167
vt 0.006145 0.663059
vt 0.007667 0.660727
vt 0.989412 0.824616
vt 0.990476 0.826814
vt 0.990456 0.824616
vt 0.990572 0.835605
vt 0.989480 0.837800
vt 0.990524 0.837800
vt 0.001953 0.704494
vt 0.005670 0.704494
vt 0.005595 0.666245
vt 0.977597 0.568084
vt 0.971883 0.614644
vt 0.978961 0.569442
vt 0.978104 0.614644
vt 0.978944 0.612618
vt 0.976076 0.565751
vt 0.972184 0.824616
vt 0.971139 0.824616
vt 0.971119 0.826814
vt 0.971023 0.835605
vt 0.971071 0.837800
vt 0.972116 0.837800
vt 0.971883 0.524316
vt 0.975525 0.562566
vt 0.975600 0.524316
vt 0.274072 0.048535
vt 0.274072 0.033638
vt 0.235834 0.034543
vt 0.235834 0.047630
vt 0.277305 0.048611
vt 0.277305 0.033562
vt 0.280089 0.048666
vt 0.280089 0.033507
vt 0.989432 0.839993
vt 0.990476 0.839993
vt 0.989432 0.822421
vt 0.990476 0.822421
vt 0.237294 0.391420
vt 0.327597 0.389281
vt 0.327597 0.376194
vt 0.237294 0.374056
vt 0.011041 0.617032
vt 0.009777 0.657927
vt 0.956377 0.103229
vt 0.956377 0.083452
vt 0.954183 0.083472
vt 0.954183 0.103210
vt 0.943201 0.103162
vt 0.943201 0.083520
vt 0.941004 0.083472
vt 0.941004 0.103210
vt 0.945391 0.103114
vt 0.945391 0.083568
vt 0.947592 0.103094
vt 0.947592 0.083588
vt 0.949796 0.103114
vt 0.949796 0.083568
vt 0.951990 0.103162
vt 0.951990 0.083520
vt 0.282013 0.048698
vt 0.282013 0.033475
vt 0.517867 0.015903
vt 0.517867 0.002816
vt 0.514151 0.002816
vt 0.514151 0.015903
vt 0.938806 0.083452
vt 0.938806 0.103229
vt 0.971071 0.829010
vt 0.990524 0.829010
vt 0.971023 0.831201
vt 0.990572 0.831201
vt 0.971004 0.833401
vt 0.990592 0.833401
vt 0.283636 0.048732
vt 0.324539 0.049701
vt 0.324539 0.032472
vt 0.283636 0.033441
vt 0.598606 0.490511
vt 0.615970 0.490511
vt 0.615970 0.484291
vt 0.598606 0.484291
vt 0.971119 0.839993
vt 0.972164 0.839993
vt 0.972164 0.822421
vt 0.971119 0.822421
vt 0.980972 0.611779
vt 0.979707 0.570884
s 0
usemtl M_WP_Revolver
f 4545/4545/2852 4546/4546/2852 4547/4547/2852
f 4548/4548/2852 4546/4546/2852 4545/4545/2852
f 4546/4546/2852 4549/4549/2852 4550/4550/2852
s 1
f 4551/4551/2853 4552/4552/2854 4553/4553/2855
f 4554/4554/2856 4555/4555/2857 4556/4556/2858
s 0
f 4557/4557/2852 4558/4558/2852 4559/4559/2852
f 4546/4546/2852 4557/4557/2852 4559/4559/2852
f 4549/4549/2852 4546/4546/2852 4559/4559/2852
f 4560/4560/2859 4561/4561/2859 4562/4562/2859
f 4546/4546/2852 4550/4550/2852 4547/4547/2852
f 4563/4563/2859 4564/4564/2859 4561/4561/2859
f 4561/4561/2859 4560/4560/2859 4565/4565/2859
s 1
f 4566/4566/2853 4567/4567/2855 4568/4568/2860
f 4569/4569/2856 4570/4570/2858 4571/4571/2857
s 0
f 4572/4572/2859 4573/4573/2859 4574/4574/2859
f 4561/4561/2859 4573/4573/2859 4572/4572/2859
f 4565/4565/2859 4573/4573/2859 4561/4561/2859
f 4561/4561/2859 4564/4564/2859 4562/4562/2859
s 1
f 4575/4575/2861 4576/4576/2861 4577/4577/2862
f 4575/4575/2861 4577/4577/2862 4578/4578/2862
f 4576/4576/2861 4575/4575/2861 4579/4579/2863
f 4576/4576/2861 4579/4579/2863 4580/4580/2863
f 4580/4580/2863 4579/4579/2863 4581/4581/2864
f 4580/4580/2863 4581/4581/2864 4582/4582/2864
f 4555/4555/2857 4583/4583/2865 4584/4584/2865
f 4555/4555/2857 4584/4584/2865 4556/4556/2858
f 4585/4585/2866 4551/4551/2853 4553/4553/2855
f 4585/4585/2866 4553/4553/2855 4586/4586/2866
s 0
f 4587/4587/2867 4588/4588/2867 4589/4589/2867
f 4587/4587/2867 4589/4589/2867 4590/4590/2867
f 4591/4591/2852 4545/4545/2852 4547/4547/2852
f 4591/4591/2852 4547/4547/2852 4592/4592/2852
s 1
f 4593/4593/2866 4594/4594/2866 4595/4595/2868
f 4593/4593/2866 4595/4595/2868 4596/4596/2868
f 4597/4597/2869 4598/4598/2869 4599/4599/2870
f 4597/4597/2869 4599/4599/2870 4600/4600/2870
f 4601/4601/2871 4602/4602/2871 4598/4598/2869
f 4601/4601/2871 4598/4598/2869 4597/4597/2869
f 4603/4603/2872 4604/4604/2872 4602/4602/2871
f 4603/4603/2872 4602/4602/2871 4601/4601/2871
f 4605/4605/2873 4606/4606/2873 4604/4604/2872
f 4605/4605/2873 4604/4604/2872 4603/4603/2872
f 4607/4607/2874 4608/4608/2874 4606/4606/2873
f 4607/4607/2874 4606/4606/2873 4605/4605/2873
f 4596/4596/2868 4595/4595/2868 4608/4608/2874
f 4596/4596/2868 4608/4608/2874 4607/4607/2874
f 4582/4582/2864 4581/4581/2864 4609/4609/2875
f 4582/4582/2864 4609/4609/2875 4610/4610/2876
s 0
f 4611/4611/2877 4612/4612/2877 4613/4613/2877
f 4611/4611/2877 4613/4613/2877 4614/4614/2877
s 1
f 4600/4600/2870 4599/4599/2870 4615/4615/2878
f 4600/4600/2870 4615/4615/2878 4616/4616/2878
f 4617/4617/2879 4618/4618/2879 4552/4552/2854
f 4617/4617/2879 4552/4552/2854 4568/4568/2860
f 4619/4619/2880 4620/4620/2880 4618/4618/2879
f 4619/4619/2880 4618/4618/2879 4617/4617/2879
f 4621/4621/2872 4622/4622/2872 4620/4620/2880
f 4621/4621/2872 4620/4620/2880 4619/4619/2880
f 4569/4569/2856 4554/4554/2856 4622/4622/2872
f 4569/4569/2856 4622/4622/2872 4621/4621/2872
f 4571/4571/2857 4555/4555/2857 4554/4554/2856
f 4571/4571/2857 4554/4554/2856 4569/4569/2856
f 4568/4568/2860 4552/4552/2854 4551/4551/2853
f 4568/4568/2860 4551/4551/2853 4566/4566/2853
f 4623/4623/2881 4624/4624/2882 4625/4625/2882
f 4623/4623/2881 4625/4625/2882 4626/4626/2881
s 0
f 4627/4627/2883 4628/4628/2883 4629/4629/2883
f 4627/4627/2883 4629/4629/2883 4630/4630/2883
s 1
f 4571/4571/2857 4570/4570/2858 4631/4631/2865
f 4571/4571/2857 4631/4631/2865 4632/4632/2865
f 4633/4633/2866 4634/4634/2866 4567/4567/2855
f 4633/4633/2866 4567/4567/2855 4566/4566/2853
s 0
f 4635/4635/2859 4636/4636/2859 4562/4562/2859
f 4635/4635/2859 4562/4562/2859 4564/4564/2859
s 1
f 4623/4623/2881 4626/4626/2881 4610/4610/2876
f 4623/4623/2881 4610/4610/2876 4609/4609/2875
o wheel_rot_low.001_M_WP_Revolver_0
v -0.223580 -0.296117 -1.127250
v -0.250138 -0.290792 -1.105547
v -0.215088 -0.258654 -1.137729
v -0.376540 -0.494921 -0.965622
v -0.368649 -0.438910 -0.941634
v -0.339925 -0.390183 -0.983208
v -0.236013 -0.330684 -1.112702
v -0.345268 -0.569611 -1.050716
v -0.328369 -0.594872 -1.072049
v -0.328369 -0.594872 -0.781412
v 0.101891 0.084597 -1.222839
v -0.036005 0.019522 -1.222839
v 0.086931 0.116009 -1.222839
v -0.098597 -0.416340 -0.781412
v -0.129576 -0.367894 -0.797047
v -0.118085 -0.385863 -0.782247
v -0.236013 -0.330684 -0.797047
v -0.294740 -0.356157 -0.781412
v -0.242013 -0.342539 -0.782248
v -0.094955 -0.534590 -1.129143
v -0.123680 -0.583317 -1.118270
v -0.087065 -0.478579 -1.140032
v 0.007762 -0.057627 -1.222839
v 0.060974 -0.032447 -1.222839
v -0.126860 -0.062471 -1.222839
v -0.092242 -0.088898 -1.222839
v -0.127084 -0.091575 -1.216649
v -0.141064 0.081775 -1.222839
v -0.127850 0.110249 -1.222839
v -0.148469 0.051270 -1.222839
v -0.058476 0.171405 -1.222839
v -0.149780 0.019907 -1.222839
v -0.144947 -0.011110 -1.222839
v -0.134156 -0.040587 -1.222839
v 0.103263 0.040335 -1.222839
v 0.089624 0.001320 -1.222839
v 0.101891 0.084597 -0.797047
v 0.086931 0.116009 -0.797047
v -0.036005 0.019522 -0.797047
v 0.007762 -0.057627 -0.797047
v 0.060974 -0.032447 -0.797047
v -0.126860 -0.062471 -0.797047
v -0.127084 -0.091575 -0.797047
v -0.092242 -0.088898 -0.797047
v -0.141064 0.081775 -0.797047
v -0.127850 0.110249 -0.797047
v -0.148468 0.051270 -0.797047
v -0.058476 0.171405 -0.797047
v -0.149780 0.019907 -0.797047
v -0.144947 -0.011109 -0.797047
v -0.134156 -0.040587 -0.797047
v 0.103263 0.040335 -0.797047
v 0.089624 0.001320 -0.797047
v -0.145581 -0.148489 -0.797047
v -0.236013 -0.330684 -1.112702
v -0.268585 -0.342299 -1.082350
v -0.236013 -0.330684 -0.797047
v -0.328369 -0.594872 -0.781412
v -0.279642 -0.623597 -0.781412
v -0.223631 -0.631487 -0.781412
v -0.042245 -0.109291 -1.222839
v -0.077834 -0.160862 -1.207219
v -0.115327 -0.154932 -1.201423
v -0.155310 -0.269307 -1.167183
v -0.181924 -0.210902 -1.169281
v -0.138352 -0.220798 -1.180184
v -0.110187 -0.225901 -1.189836
v -0.339925 -0.390183 -0.983208
v -0.368649 -0.438910 -0.941634
v -0.368649 -0.438910 -0.781412
v -0.339925 -0.390183 -0.781412
v -0.376540 -0.494921 -0.965622
v -0.357437 -0.551421 -1.025762
v -0.357437 -0.551421 -0.781412
v -0.376540 -0.494921 -0.781412
v -0.042245 -0.109291 -1.222839
v 0.007762 -0.057627 -1.222839
v 0.007762 -0.057627 -0.797047
v -0.042245 -0.109291 -0.797047
v -0.129576 -0.367894 -1.158058
v -0.132378 -0.319247 -1.167297
v -0.132378 -0.319247 -0.797047
v -0.279217 -0.623745 -1.092038
v -0.279642 -0.623597 -0.781412
v -0.125989 -0.277910 -1.176628
v -0.110187 -0.225901 -1.189836
v -0.110187 -0.225901 -0.797047
v -0.125989 -0.277910 -0.797047
v -0.250138 -0.290792 -1.105547
v -0.236013 -0.330684 -1.112702
v -0.236013 -0.330684 -0.797047
v -0.250138 -0.290792 -0.797047
v -0.223631 -0.631487 -1.102914
v -0.223631 -0.631487 -0.781412
v 0.060974 -0.032447 -1.222839
v 0.060974 -0.032447 -0.797047
v -0.168865 -0.617343 -1.109067
v -0.168865 -0.617343 -0.781412
v -0.168865 -0.617343 -1.109067
v -0.123680 -0.583317 -1.118270
v -0.123680 -0.583317 -0.781412
v -0.168865 -0.617343 -0.781412
v -0.215088 -0.258654 -1.137729
v -0.250138 -0.290792 -1.105547
v -0.250138 -0.290792 -0.797047
v -0.215088 -0.258654 -0.797047
v 0.071911 0.133407 -1.222839
v 0.051169 0.145091 -1.222839
v 0.051169 0.145091 -0.797047
v 0.071911 0.133407 -0.797047
v -0.094955 -0.534590 -1.129143
v -0.094955 -0.534590 -0.781412
v -0.181924 -0.210902 -1.169281
v -0.181924 -0.210902 -0.797047
v 0.086931 0.116009 -1.222839
v 0.086931 0.116009 -0.797047
v -0.087065 -0.478579 -1.140032
v -0.087065 -0.478579 -0.781412
v 0.103263 0.040335 -1.222839
v 0.101891 0.084597 -1.222839
v 0.101891 0.084597 -0.797047
v 0.103263 0.040335 -0.797047
v -0.077834 -0.160862 -1.207219
v -0.077834 -0.160862 -0.797047
v -0.098597 -0.416340 -1.150828
v 0.089624 0.001320 -1.222839
v 0.089624 0.001320 -0.797047
v -0.145581 -0.148489 -1.195274
v -0.145581 -0.148489 -0.797047
v -0.294740 -0.356157 -1.050358
v -0.294740 -0.356157 -0.781412
v -0.294740 -0.356157 -0.781412
v -0.098597 -0.416340 -0.781412
v -0.118085 -0.385863 -0.782247
v -0.242013 -0.342539 -0.782248
v -0.236013 -0.330684 -0.797047
v -0.129576 -0.367894 -0.797047
v -0.132378 -0.319247 -0.797047
v -0.250138 -0.290792 -0.797047
v -0.125989 -0.277910 -0.797047
v -0.215088 -0.258654 -0.797047
v -0.110187 -0.225901 -0.797047
v -0.181924 -0.210902 -0.797047
v -0.077834 -0.160862 -0.797047
v -0.339925 -0.390183 -0.781412
v -0.087065 -0.478579 -0.781412
v -0.129576 -0.367894 -0.797047
v -0.118085 -0.385863 -0.782247
v -0.357437 -0.551421 -1.025762
v -0.294740 -0.356157 -1.050358
v -0.345268 -0.569611 -1.050716
v -0.268585 -0.342299 -1.082350
v -0.279217 -0.623745 -1.092038
v -0.328369 -0.594872 -1.072049
v -0.180297 -0.340781 -1.145580
v -0.223631 -0.631487 -1.102914
v -0.129576 -0.367894 -1.158058
v -0.168865 -0.617343 -1.109067
v -0.098597 -0.416340 -1.150828
v -0.125989 -0.277910 -1.176628
v -0.145581 -0.148489 -1.195274
v -0.132378 -0.319247 -1.167297
v -0.168196 -0.306167 -1.155477
v -0.036994 0.176743 -1.222839
v 0.051169 0.145091 -1.222839
v 0.071911 0.133407 -1.222839
v -0.042245 -0.109291 -0.797047
v 0.051169 0.145091 -0.797047
v -0.036994 0.176743 -0.797047
v 0.071911 0.133407 -0.797047
v -0.036994 0.176743 -1.222839
v -0.036994 0.176743 -0.797047
v -0.058476 0.171405 -1.222839
v -0.058476 0.171405 -0.797047
v -0.036994 0.176743 -0.797047
v -0.036994 0.176743 -1.222839
v -0.127850 0.110249 -1.222839
v -0.127850 0.110249 -0.797047
v -0.058476 0.171405 -0.797047
v -0.058476 0.171405 -1.222839
v -0.141064 0.081775 -1.222839
v -0.141064 0.081775 -0.797047
v -0.127850 0.110249 -0.797047
v -0.127850 0.110249 -1.222839
v -0.148469 0.051270 -1.222839
v -0.148468 0.051270 -0.797047
v -0.149780 0.019907 -1.222839
v -0.149780 0.019907 -0.797047
v -0.144947 -0.011110 -1.222839
v -0.144947 -0.011109 -0.797047
v -0.134156 -0.040587 -1.222839
v -0.134156 -0.040587 -0.797047
v -0.126860 -0.062471 -1.222839
v -0.126860 -0.062471 -0.797047
v -0.127084 -0.091575 -1.216649
v -0.127084 -0.091575 -0.797047
v -0.368649 -0.438910 -0.781412
v -0.094955 -0.534590 -0.781412
v -0.376540 -0.494921 -0.781412
v -0.123680 -0.583317 -0.781412
v -0.357437 -0.551421 -0.781412
v -0.168865 -0.617343 -0.781412
vn -0.5596 -0.1048 -0.8221
vn -0.6404 -0.0815 -0.7637
vn -0.4778 -0.1428 -0.8668
vn -0.8699 0.2284 -0.4372
vn -0.9102 0.2647 -0.3186
vn -0.8673 0.2262 -0.4434
vn -0.5518 -0.0206 -0.8337
vn -0.8312 -0.5560 -0.0000
vn -0.6293 -0.7771 -0.0002
vn -0.6863 -0.7273 -0.0001
vn -0.0000 -0.0000 -1.0000
vn 0.9306 0.3659 -0.0000
vn 0.9375 0.3481 -0.0000
vn 0.8425 0.5387 -0.0000
vn 0.1008 0.7562 0.6466
vn -0.1984 0.8026 0.5625
vn -0.0115 0.7827 0.6223
vn -0.0628 -0.1819 -0.9813
vn -0.0425 -0.0556 -0.9975
vn -0.0871 -0.1302 -0.9876
vn -0.1783 -0.2385 -0.9546
vn -0.0000 -0.0000 1.0000
vn -0.3359 0.9419 -0.0000
vn -0.3595 0.9331 0.0016
vn -0.4125 0.9109 0.0052
vn -0.0558 -0.0978 -0.9936
vn -0.1799 -0.2128 -0.9604
vn -0.2145 -0.2232 -0.9509
vn -0.3851 -0.1621 -0.9085
vn -0.3452 -0.2154 -0.9135
vn -0.3134 -0.1839 -0.9316
vn -0.2903 -0.1562 -0.9441
vn -0.6842 0.7293 -0.0000
vn -0.9403 0.3404 -0.0000
vn -0.9440 0.3300 -0.0000
vn -0.7458 0.6661 -0.0000
vn -0.9851 -0.1721 -0.0000
vn -0.8650 -0.5017 -0.0000
vn -0.8970 -0.4420 -0.0000
vn -0.9957 -0.0929 -0.0000
vn 0.7690 -0.6393 -0.0000
vn 0.5825 -0.8128 -0.0000
vn 0.7734 -0.6339 -0.0000
vn 0.9589 0.2838 -0.0000
vn 0.9981 -0.0614 -0.0000
vn 0.9989 -0.0479 -0.0000
vn -0.2958 -0.9552 -0.0000
vn -0.3295 -0.9441 -0.0000
vn 0.9726 -0.2323 -0.0000
vn 0.9246 -0.3810 -0.0000
vn 0.9293 -0.3693 -0.0000
vn 0.9750 -0.2223 -0.0000
vn -0.9427 -0.3338 -0.0000
vn 0.0765 -0.9971 -0.0000
vn 0.0565 -0.9984 0.0001
vn 0.6088 -0.7933 -0.0000
vn 0.2501 -0.9682 -0.0000
vn 0.6016 -0.7988 -0.0000
vn 0.7603 -0.6495 -0.0000
vn 0.7458 -0.6661 -0.0000
vn -0.7789 0.6272 -0.0000
vn -0.6758 0.7371 -0.0000
vn -0.7532 0.6578 -0.0000
vn 0.6333 0.7739 -0.0000
vn 0.4158 0.9094 -0.0000
vn 0.9516 -0.3072 -0.0000
vn 0.9440 -0.3300 -0.0000
vn -0.8494 0.5277 -0.0000
vn -0.8434 0.5372 -0.0000
vn 0.8374 0.5466 -0.0000
vn 0.9992 0.0404 -0.0000
vn 0.9998 0.0216 -0.0000
vn 0.9884 -0.1521 -0.0000
vn 0.9719 0.2355 -0.0000
vn 0.8558 -0.5173 -0.0000
vn 0.8614 -0.5080 -0.0000
vn 0.9232 0.3844 -0.0000
vn 0.8678 -0.4968 -0.0000
vn -0.9221 0.3869 -0.0000
vn -0.9128 0.4085 -0.0000
vn -0.4613 0.8873 0.0043
vn -0.5202 0.8540 0.0025
vn 0.0019 0.0059 1.0000
vn 0.0025 0.0079 1.0000
vn 0.0099 0.0305 0.9995
vn 0.2465 0.7052 0.6648
vn -0.8258 0.2013 -0.5269
vn -0.8224 0.1996 -0.5327
vn -0.7432 0.1586 -0.6499
vn -0.7337 0.1540 -0.6617
vn -0.3539 -0.0491 -0.9340
vn -0.5572 0.0578 -0.8283
vn -0.3899 -0.1075 -0.9146
vn -0.1823 -0.1327 -0.9742
vn -0.2301 -0.1457 -0.9622
vn -0.0616 -0.1828 -0.9812
vn -0.0612 -0.1829 -0.9812
vn -0.0629 -0.1819 -0.9813
vn -0.0630 -0.1819 -0.9813
vn -0.3474 -0.1460 -0.9263
vn -0.2359 -0.2397 -0.9417
vn -0.3464 -0.1684 -0.9228
vn -0.4130 -0.1484 -0.8985
vn 0.3379 0.9412 -0.0000
vn -0.2411 0.9705 -0.0000
vn -0.6613 0.7501 -0.0000
vn -0.9071 0.4209 -0.0000
vn -0.9902 0.1395 -0.0000
vn -0.9984 -0.0564 -0.0000
vn -0.9682 -0.2501 -0.0000
vn -0.9440 -0.3301 -0.0000
vn -0.9858 -0.1681 -0.0000
vn -0.9877 -0.1564 -0.0000
vn -0.9912 0.1322 -0.0000
vn -0.9871 0.1603 -0.0000
vt 0.048143 0.228793
vt 0.046181 0.233417
vt 0.053773 0.230032
vt 0.007514 0.243481
vt 0.014069 0.249520
vt 0.023617 0.245981
vt 0.042436 0.228462
vt 0.912630 0.312352
vt 0.915723 0.307946
vt 0.873587 0.307946
vt 0.120897 0.209555
vt 0.103731 0.223458
vt 0.124055 0.213483
vt 0.783363 0.226386
vt 0.774982 0.224288
vt 0.778117 0.226371
vt 0.363746 0.552615
vt 0.368682 0.560795
vt 0.366573 0.553185
vt 0.026754 0.195336
vt 0.018406 0.195724
vt 0.034635 0.198116
vt 0.096414 0.212892
vt 0.103049 0.207532
vt 0.087322 0.230150
vt 0.086063 0.223976
vt 0.083399 0.228364
vt 0.105244 0.241078
vt 0.109790 0.241146
vt 0.100799 0.240125
vt 0.122134 0.235943
vt 0.096625 0.238322
vt 0.092883 0.235741
vt 0.089718 0.232479
vt 0.115207 0.206592
vt 0.109258 0.205917
vt 0.414174 0.395407
vt 0.418023 0.398667
vt 0.428522 0.378589
vt 0.418140 0.371000
vt 0.412607 0.377499
vt 0.435644 0.362338
vt 0.433939 0.358478
vt 0.429493 0.360908
vt 0.446116 0.380556
vt 0.446067 0.385107
vt 0.445277 0.376083
vt 0.440542 0.397324
vt 0.443582 0.371860
vt 0.441095 0.368049
vt 0.437912 0.364796
vt 0.411355 0.389639
vt 0.410833 0.383669
vt 0.432992 0.349854
vt 0.921617 0.358078
vt 0.917219 0.353063
vt 0.875854 0.358055
vt 0.233957 0.677265
vt 0.232997 0.682090
vt 0.233957 0.686916
vt 0.086530 0.216177
vt 0.077280 0.217587
vt 0.075523 0.222873
vt 0.057356 0.220917
vt 0.063174 0.228199
vt 0.065000 0.221792
vt 0.066455 0.217665
vt 0.902843 0.340573
vt 0.896816 0.332373
vt 0.873587 0.332373
vt 0.873587 0.340573
vt 0.900294 0.324172
vt 0.909013 0.315525
vt 0.873587 0.315525
vt 0.873587 0.324172
vt 0.733118 0.163390
vt 0.722696 0.163601
vt 0.723943 0.225320
vt 0.734365 0.225109
vt 0.773924 0.171960
vt 0.766834 0.170763
vt 0.767919 0.224431
vt 0.918621 0.299681
vt 0.873587 0.299745
vt 0.760744 0.169533
vt 0.752826 0.167778
vt 0.753977 0.224713
vt 0.761856 0.224553
vt 0.535427 0.637167
vt 0.529292 0.636130
vt 0.529292 0.681893
vt 0.535427 0.681893
vt 0.920198 0.291545
vt 0.873587 0.291545
vt 0.714162 0.163773
vt 0.715410 0.225492
vt 0.921090 0.283344
vt 0.873587 0.283344
vt 0.816175 0.178210
vt 0.807949 0.177042
vt 0.808936 0.225869
vt 0.817135 0.225703
vt 0.885926 0.588054
vt 0.890592 0.594948
vt 0.935318 0.594949
vt 0.935318 0.588054
vt 0.686959 0.164323
vt 0.683508 0.164393
vt 0.684756 0.226112
vt 0.688206 0.226042
vt 0.799718 0.175631
vt 0.800737 0.226035
vt 0.881352 0.579625
vt 0.935318 0.579625
vt 0.690291 0.164256
vt 0.691538 0.225975
vt 0.791487 0.174218
vt 0.792538 0.226201
vt 0.701753 0.164024
vt 0.695334 0.164154
vt 0.696581 0.225873
vt 0.703000 0.225743
vt 0.742246 0.165471
vt 0.743447 0.224925
vt 0.782281 0.172839
vt 0.707744 0.163903
vt 0.708991 0.225622
vt 0.877583 0.569154
vt 0.935318 0.569154
vt 0.912579 0.348774
vt 0.873587 0.348774
vt 0.254525 0.673174
vt 0.255213 0.691008
vt 0.257158 0.688533
vt 0.257158 0.677113
vt 0.434087 0.320385
vt 0.417803 0.321809
vt 0.421072 0.328072
vt 0.438331 0.324815
vt 0.422691 0.333916
vt 0.435614 0.331152
vt 0.423701 0.341732
vt 0.434076 0.339439
vt 0.423301 0.352255
vt 0.250434 0.670440
vt 0.250433 0.693741
vt 0.365558 0.536368
vt 0.368682 0.534269
vt 0.003900 0.231738
vt 0.033270 0.237672
vt 0.003307 0.226960
vt 0.037832 0.233295
vt 0.002236 0.212984
vt 0.001965 0.221743
vt 0.045966 0.219623
vt 0.005270 0.205293
vt 0.046252 0.211071
vt 0.010862 0.199220
vt 0.042008 0.203812
vt 0.058447 0.216403
vt 0.074257 0.227269
vt 0.052514 0.214580
vt 0.051462 0.220274
vt 0.124183 0.233476
vt 0.125600 0.219980
vt 0.125380 0.216538
vt 0.421670 0.361192
vt 0.424482 0.400380
vt 0.438021 0.399309
vt 0.421045 0.400071
vt 0.669930 0.164667
vt 0.671178 0.226386
vt 0.400429 0.015903
vt 0.462160 0.015903
vt 0.462160 0.012693
vt 0.400429 0.012693
vt 0.665091 0.591225
vt 0.603360 0.591225
vt 0.603360 0.604633
vt 0.665091 0.604633
vt 0.873587 0.534710
vt 0.935318 0.534710
vt 0.935318 0.530159
vt 0.873587 0.530159
vt 0.873587 0.539261
vt 0.935318 0.539261
vt 0.873587 0.543812
vt 0.935318 0.543812
vt 0.873587 0.548363
vt 0.935318 0.548363
vt 0.873587 0.552914
vt 0.935318 0.552914
vt 0.873587 0.556258
vt 0.935318 0.556258
vt 0.874484 0.560478
vt 0.935318 0.560478
vt 0.245608 0.669480
vt 0.245607 0.694701
vt 0.240782 0.670440
vt 0.240782 0.693741
vt 0.236691 0.673630
vt 0.236691 0.691007
s 1
usemtl M_WP_Revolver
f 4637/4637/2884 4638/4638/2885 4639/4639/2886
f 4640/4640/2887 4641/4641/2888 4642/4642/2889
f 4643/4643/2890 4638/4638/2885 4637/4637/2884
f 4644/4644/2891 4645/4645/2892 4646/4646/2893
s 0
f 4647/4647/2894 4648/4648/2894 4649/4649/2894
s 1
f 4650/4650/2895 4651/4651/2896 4652/4652/2897
f 4653/4653/2898 4654/4654/2899 4655/4655/2900
s 0
f 4656/4656/2901 4657/4657/2901 4658/4658/2901
f 4659/4659/2894 4648/4648/2894 4660/4660/2894
s 1
f 4661/4661/2902 4662/4662/2903 4663/4663/2904
f 4662/4662/2903 4661/4661/2902 4648/4648/2894
s 0
f 4664/4664/2894 4665/4665/2894 4648/4648/2894
f 4666/4666/2894 4664/4664/2894 4648/4648/2894
f 4665/4665/2894 4667/4667/2894 4648/4648/2894
f 4668/4668/2894 4666/4666/2894 4648/4648/2894
f 4669/4669/2894 4668/4668/2894 4648/4648/2894
s 1
f 4661/4661/2902 4670/4670/2894 4648/4648/2894
s 0
f 4670/4670/2894 4669/4669/2894 4648/4648/2894
f 4671/4671/2894 4648/4648/2894 4647/4647/2894
f 4672/4672/2894 4648/4648/2894 4671/4671/2894
f 4660/4660/2894 4648/4648/2894 4672/4672/2894
f 4673/4673/2905 4674/4674/2905 4675/4675/2905
f 4676/4676/2905 4677/4677/2905 4675/4675/2905
f 4678/4678/2905 4679/4679/2905 4680/4680/2905
f 4680/4680/2905 4675/4675/2905 4678/4678/2905
f 4681/4681/2905 4675/4675/2905 4682/4682/2905
f 4683/4683/2905 4675/4675/2905 4681/4681/2905
f 4682/4682/2905 4675/4675/2905 4684/4684/2905
f 4685/4685/2905 4675/4675/2905 4683/4683/2905
f 4686/4686/2905 4675/4675/2905 4685/4685/2905
f 4678/4678/2905 4675/4675/2905 4687/4687/2905
f 4687/4687/2905 4675/4675/2905 4686/4686/2905
f 4688/4688/2905 4673/4673/2905 4675/4675/2905
f 4689/4689/2905 4688/4688/2905 4675/4675/2905
f 4677/4677/2905 4689/4689/2905 4675/4675/2905
f 4680/4680/2905 4679/4679/2905 4690/4690/2905
s 1
f 4691/4691/2906 4692/4692/2907 4693/4693/2908
s 0
f 4694/4694/2905 4695/4695/2905 4696/4696/2905
s 1
f 4662/4662/2903 4697/4697/2909 4698/4698/2910
f 4662/4662/2903 4698/4698/2910 4699/4699/2911
f 4700/4700/2912 4639/4639/2886 4701/4701/2913
f 4700/4700/2912 4701/4701/2913 4702/4702/2914
f 4699/4699/2911 4698/4698/2910 4703/4703/2915
f 4699/4699/2911 4703/4703/2915 4702/4702/2914
f 4704/4704/2916 4705/4705/2917 4706/4706/2918
f 4704/4704/2916 4706/4706/2918 4707/4707/2919
f 4708/4708/2920 4709/4709/2921 4710/4710/2922
f 4708/4708/2920 4710/4710/2922 4711/4711/2923
f 4712/4712/2924 4713/4713/2925 4714/4714/2925
f 4712/4712/2924 4714/4714/2925 4715/4715/2926
f 4716/4716/2927 4717/4717/2928 4718/4718/2929
f 4716/4716/2927 4718/4718/2929 4651/4651/2896
f 4645/4645/2892 4719/4719/2930 4720/4720/2931
f 4645/4645/2892 4720/4720/2931 4646/4646/2893
f 4721/4721/2932 4722/4722/2933 4723/4723/2934
f 4721/4721/2932 4723/4723/2934 4724/4724/2935
s 0
f 4725/4725/2936 4726/4726/2936 4727/4727/2936
f 4725/4725/2936 4727/4727/2936 4728/4728/2936
s 1
f 4719/4719/2930 4729/4729/2937 4730/4730/2938
f 4719/4719/2930 4730/4730/2938 4720/4720/2931
f 4713/4713/2925 4731/4731/2939 4732/4732/2939
f 4713/4713/2925 4732/4732/2939 4714/4714/2925
f 4729/4729/2937 4733/4733/2940 4734/4734/2940
f 4729/4729/2937 4734/4734/2940 4730/4730/2938
f 4717/4717/2928 4721/4721/2932 4724/4724/2935
f 4717/4717/2928 4724/4724/2935 4718/4718/2929
f 4735/4735/2941 4736/4736/2942 4737/4737/2943
f 4735/4735/2941 4737/4737/2943 4738/4738/2941
f 4739/4739/2944 4740/4740/2945 4741/4741/2945
f 4739/4739/2944 4741/4741/2945 4742/4742/2946
f 4743/4743/2947 4744/4744/2948 4745/4745/2948
f 4743/4743/2947 4745/4745/2948 4746/4746/2947
f 4736/4736/2942 4747/4747/2949 4748/4748/2950
f 4736/4736/2942 4748/4748/2950 4737/4737/2943
f 4749/4749/2951 4739/4739/2944 4742/4742/2946
f 4749/4749/2951 4742/4742/2946 4750/4750/2952
f 4751/4751/2953 4743/4743/2947 4746/4746/2947
f 4751/4751/2953 4746/4746/2947 4752/4752/2953
f 4747/4747/2949 4753/4753/2954 4754/4754/2955
f 4747/4747/2949 4754/4754/2955 4748/4748/2950
f 4755/4755/2956 4756/4756/2957 4757/4757/2957
f 4755/4755/2956 4757/4757/2957 4758/4758/2956
f 4759/4759/2958 4712/4712/2924 4715/4715/2926
f 4759/4759/2958 4715/4715/2926 4760/4760/2959
f 4756/4756/2957 4751/4751/2953 4752/4752/2953
f 4756/4756/2957 4752/4752/2953 4757/4757/2957
f 4753/4753/2954 4761/4761/2960 4650/4650/2895
f 4753/4753/2954 4650/4650/2895 4754/4754/2955
f 4762/4762/2961 4755/4755/2956 4758/4758/2956
f 4762/4762/2961 4758/4758/2956 4763/4763/2961
f 4722/4722/2933 4759/4759/2958 4760/4760/2959
f 4722/4722/2933 4760/4760/2959 4723/4723/2934
f 4731/4731/2939 4762/4762/2961 4763/4763/2961
f 4731/4731/2939 4763/4763/2961 4732/4732/2939
f 4764/4764/2962 4749/4749/2951 4750/4750/2952
f 4764/4764/2962 4750/4750/2952 4765/4765/2963
f 4692/4692/2907 4766/4766/2964 4767/4767/2965
f 4692/4692/2907 4767/4767/2965 4693/4693/2908
f 4766/4766/2964 4704/4704/2916 4707/4707/2919
f 4766/4766/2964 4707/4707/2919 4767/4767/2965
f 4705/4705/2917 4708/4708/2920 4711/4711/2923
f 4705/4705/2917 4711/4711/2923 4706/4706/2918
f 4768/4768/2966 4769/4769/2967 4770/4770/2968
f 4768/4768/2966 4770/4770/2968 4771/4771/2968
s 0
f 4772/4772/2905 4773/4773/2905 4774/4774/2905
f 4772/4772/2905 4774/4774/2905 4775/4775/2905
f 4775/4775/2905 4774/4774/2905 4776/4776/2905
f 4775/4775/2905 4776/4776/2905 4777/4777/2905
f 4777/4777/2905 4776/4776/2905 4778/4778/2905
f 4777/4777/2905 4778/4778/2905 4779/4779/2905
f 4779/4779/2905 4778/4778/2905 4780/4780/2905
f 4779/4779/2905 4780/4780/2905 4690/4690/2905
s 1
f 4781/4781/2905 4782/4782/2905 4769/4769/2967
f 4781/4781/2905 4769/4769/2967 4768/4768/2966
f 4783/4783/2969 4653/4653/2898 4655/4655/2900
f 4783/4783/2969 4655/4655/2900 4784/4784/2969
f 4761/4761/2960 4716/4716/2927 4651/4651/2896
f 4761/4761/2960 4651/4651/2896 4650/4650/2895
f 4785/4785/2970 4640/4640/2887 4642/4642/2889
f 4785/4785/2970 4642/4642/2889 4786/4786/2971
f 4787/4787/2972 4785/4785/2970 4786/4786/2971
f 4787/4787/2972 4786/4786/2971 4788/4788/2973
f 4789/4789/2974 4790/4790/2975 4643/4643/2890
f 4789/4789/2974 4643/4643/2890 4791/4791/2976
f 4792/4792/2977 4789/4789/2974 4791/4791/2976
f 4792/4792/2977 4791/4791/2976 4793/4793/2978
f 4794/4794/2979 4792/4792/2977 4793/4793/2978
f 4794/4794/2979 4793/4793/2978 4795/4795/2980
f 4657/4657/2981 4794/4794/2979 4795/4795/2980
f 4657/4657/2981 4795/4795/2980 4658/4658/2982
f 4796/4796/2983 4700/4700/2912 4702/4702/2914
f 4796/4796/2983 4702/4702/2914 4703/4703/2915
f 4797/4797/2984 4699/4699/2911 4702/4702/2914
f 4797/4797/2984 4702/4702/2914 4701/4701/2913
f 4697/4697/2909 4662/4662/2903 4648/4648/2894
f 4697/4697/2909 4648/4648/2894 4659/4659/2894
f 4798/4798/2985 4799/4799/2986 4700/4700/2912
f 4798/4798/2985 4700/4700/2912 4796/4796/2983
f 4793/4793/2978 4791/4791/2976 4799/4799/2986
f 4793/4793/2978 4799/4799/2986 4798/4798/2985
f 4790/4790/2975 4787/4787/2972 4788/4788/2973
f 4790/4790/2975 4788/4788/2973 4643/4643/2890
s 0
f 4667/4667/2894 4800/4800/2894 4801/4801/2894
f 4667/4667/2894 4801/4801/2894 4648/4648/2894
f 4649/4649/2894 4648/4648/2894 4801/4801/2894
f 4649/4649/2894 4801/4801/2894 4802/4802/2894
f 4803/4803/2905 4676/4676/2905 4675/4675/2905
f 4803/4803/2905 4675/4675/2905 4680/4680/2905
f 4684/4684/2905 4675/4675/2905 4804/4804/2905
f 4684/4684/2905 4804/4804/2905 4805/4805/2905
f 4674/4674/2905 4806/4806/2905 4804/4804/2905
f 4674/4674/2905 4804/4804/2905 4675/4675/2905
s 1
f 4745/4745/2948 4744/4744/2948 4807/4807/2987
f 4745/4745/2948 4807/4807/2987 4808/4808/2987
s 0
f 4809/4809/2988 4810/4810/2988 4811/4811/2988
f 4809/4809/2988 4811/4811/2988 4812/4812/2988
s 1
f 4813/4813/2989 4814/4814/2989 4815/4815/2989
f 4813/4813/2989 4815/4815/2989 4816/4816/2989
f 4817/4817/2918 4818/4818/2918 4819/4819/2990
f 4817/4817/2918 4819/4819/2990 4820/4820/2990
f 4821/4821/2991 4822/4822/2991 4818/4818/2918
f 4821/4821/2991 4818/4818/2918 4817/4817/2918
f 4823/4823/2992 4824/4824/2992 4822/4822/2991
f 4823/4823/2992 4822/4822/2991 4821/4821/2991
f 4825/4825/2993 4826/4826/2993 4824/4824/2992
f 4825/4825/2993 4824/4824/2992 4823/4823/2992
f 4827/4827/2994 4828/4828/2994 4826/4826/2993
f 4827/4827/2994 4826/4826/2993 4825/4825/2993
f 4829/4829/2995 4830/4830/2996 4828/4828/2994
f 4829/4829/2995 4828/4828/2994 4827/4827/2994
f 4831/4831/2997 4832/4832/2998 4830/4830/2996
f 4831/4831/2997 4830/4830/2996 4829/4829/2995
f 4765/4765/2963 4832/4832/2998 4831/4831/2997
f 4765/4765/2963 4831/4831/2997 4764/4764/2962
f 4699/4699/2911 4797/4797/2984 4663/4663/2904
f 4699/4699/2911 4663/4663/2904 4662/4662/2903
s 0
f 4780/4780/2905 4803/4803/2905 4680/4680/2905
f 4780/4780/2905 4680/4680/2905 4690/4690/2905
s 1
f 4799/4799/2986 4637/4637/2884 4639/4639/2886
f 4799/4799/2986 4639/4639/2886 4700/4700/2912
f 4791/4791/2976 4643/4643/2890 4637/4637/2884
f 4791/4791/2976 4637/4637/2884 4799/4799/2986
f 4709/4709/2921 4644/4644/2891 4646/4646/2893
f 4709/4709/2921 4646/4646/2893 4710/4710/2922
s 0
f 4833/4833/2905 4834/4834/2905 4782/4782/2905
f 4833/4833/2905 4782/4782/2905 4781/4781/2905
f 4833/4833/2905 4835/4835/2905 4836/4836/2905
f 4833/4833/2905 4836/4836/2905 4834/4834/2905
f 4835/4835/2905 4837/4837/2905 4838/4838/2905
f 4835/4835/2905 4838/4838/2905 4836/4836/2905
f 4837/4837/2905 4694/4694/2905 4696/4696/2905
f 4837/4837/2905 4696/4696/2905 4838/4838/2905
o wheel_low.001_M_WP_Revolver_0
v -0.054295 0.384045 -0.746402
v -0.021495 0.314945 -0.746402
v -0.059675 0.307710 -0.746402
v 0.271233 0.370093 -0.719741
v 0.259860 0.332895 -0.746402
v 0.266886 0.360727 -0.746402
v -0.026318 0.443044 -0.096172
v -0.043458 0.454723 -0.081970
v -0.019509 0.457832 -0.096172
v 0.072252 0.419910 0.145435
v 0.029616 0.423045 0.145435
v 0.027733 0.398455 0.145435
v 0.266886 0.360727 -0.746402
v 0.205102 0.373468 -0.746402
v 0.214787 0.396087 -0.746402
v 0.031234 0.458636 -0.048731
v 0.007602 0.458334 -0.171605
v -0.004691 0.458178 -0.124998
v -0.019509 0.457832 -0.096172
v -0.018175 0.458005 -0.048731
v -0.067313 0.451609 -0.074290
v -0.067177 0.451643 -0.048731
v -0.057612 0.452885 -0.075961
v 0.317299 0.328607 -0.081970
v 0.300503 0.345961 -0.096172
v 0.299568 0.346927 -0.048731
v 0.281832 0.266465 -0.746402
v 0.238390 0.203511 -0.746402
v 0.213034 0.232957 -0.746402
v 0.296616 0.330151 -0.096172
v 0.300503 0.345961 -0.096172
v 0.317299 0.328607 -0.081970
v 0.072252 0.419910 -0.746402
v 0.015986 0.448438 -0.746402
v 0.078768 0.443637 -0.746402
v 0.205102 0.373468 0.145435
v 0.226557 0.328949 0.145435
v 0.240404 0.349357 0.145435
v 0.348459 0.292420 -0.081970
v 0.363944 0.272165 -0.048731
v 0.363127 0.273234 -0.096172
v 0.238390 0.203511 0.145435
v 0.306935 0.288173 0.145435
v 0.213034 0.232957 0.145435
v 0.289128 0.355463 -0.124998
v 0.279610 0.363244 -0.171605
v 0.261313 0.378204 -0.048731
v 0.333835 0.311522 -0.074290
v 0.327225 0.318351 -0.075961
v 0.333933 0.311421 -0.048731
v 0.056723 0.438095 0.021137
v 0.058197 0.455833 -0.001648
v 0.031234 0.458636 -0.003913
v 0.010277 0.458369 0.115584
v 0.009233 0.439803 0.091796
v 0.010277 0.458369 0.058526
v 0.251583 0.366152 0.059587
v 0.253604 0.368940 0.071156
v 0.264844 0.362847 0.059763
v 0.264844 0.362847 0.059763
v 0.253604 0.368940 0.048593
v 0.009233 0.439803 0.091796
v 0.010277 0.458369 0.115584
v 0.031234 0.458636 0.116846
v 0.009233 0.439803 0.021137
v 0.010277 0.458369 -0.002651
v 0.010277 0.458369 0.058526
v 0.010277 0.458369 -0.002651
v 0.008717 0.432890 0.056467
v -0.018175 0.458005 0.150740
v 0.010277 0.458369 0.115584
v 0.299568 0.346927 0.150740
v 0.281861 0.361309 0.059165
v -0.149339 0.426679 -0.719741
v -0.122810 0.398231 -0.746402
v -0.143401 0.418232 -0.746402
v -0.361291 0.205468 -0.096172
v -0.379976 0.196464 -0.081970
v -0.370694 0.218759 -0.096172
v -0.291972 0.279265 0.145435
v -0.316005 0.243909 0.145435
v -0.295651 0.229983 0.145435
v 0.083559 -0.239389 0.145435
v 0.045379 -0.246624 0.145435
v 0.084427 -0.348317 0.145435
v -0.143401 0.418232 -0.746402
v -0.185327 0.371095 -0.746402
v -0.200073 0.390793 -0.746402
v -0.346018 0.263106 -0.048731
v -0.357573 0.242489 -0.171605
v -0.363584 0.231765 -0.124998
v -0.370694 0.218759 -0.096172
v -0.370177 0.220001 -0.048731
v -0.389207 0.174248 -0.074290
v -0.389168 0.174383 -0.048731
v -0.385461 0.183287 -0.075961
v -0.090378 0.445831 -0.081970
v -0.113804 0.439962 -0.096172
v -0.115109 0.439635 -0.048731
v 0.348069 -0.083419 -0.746402
v 0.271828 -0.077274 -0.746402
v 0.284651 -0.040592 -0.746402
v -0.102056 0.428690 -0.096172
v -0.113804 0.439962 -0.096172
v -0.090378 0.445831 -0.081970
v -0.021495 0.314945 0.145435
v -0.060543 0.416639 0.145435
v -0.059675 0.307710 0.145435
v -0.291972 0.279265 -0.746402
v -0.344810 0.244802 -0.746402
v -0.309262 0.296772 -0.746402
v -0.185327 0.371096 0.145435
v -0.136044 0.367417 0.145435
v -0.146795 0.389613 0.145435
v -0.379976 0.196464 -0.081970
v -0.398345 0.091665 -0.746402
v -0.378487 0.031788 -0.746402
v -0.402856 0.029952 -0.746402
v -0.127721 0.434862 -0.124998
v -0.139219 0.430510 -0.171605
v -0.161322 0.422144 -0.048731
v -0.076533 0.449299 -0.075961
v -0.315485 0.274909 0.021137
v -0.330109 0.285055 -0.001648
v -0.346018 0.263106 -0.003913
v -0.340709 0.234636 0.091796
v -0.356266 0.244822 0.115584
v -0.346018 0.263106 0.116846
v -0.356266 0.244822 0.115584
v -0.340709 0.234636 0.091796
v -0.356266 0.244822 0.058526
v -0.155750 0.407692 0.059587
v -0.157154 0.410836 0.071156
v -0.146258 0.417523 0.059763
v -0.146258 0.417523 0.059763
v -0.157154 0.410836 0.048593
v -0.340709 0.234636 0.021137
v -0.356266 0.244822 -0.002651
v -0.356266 0.244822 0.058526
v -0.356266 0.244822 -0.002651
v -0.334980 0.230732 0.056467
v -0.370177 0.220001 0.150740
v -0.356266 0.244822 0.115584
v -0.115109 0.439635 0.150740
v -0.136417 0.431492 0.059165
v -0.257948 -0.198144 -0.746402
v -0.214506 -0.135190 -0.746402
v -0.189150 -0.164636 -0.746402
v -0.408630 0.090746 -0.719741
v -0.370728 0.099497 -0.746402
v -0.398345 0.091665 -0.746402
v -0.352282 -0.106485 -0.746402
v -0.348855 -0.169476 -0.746402
v -0.375480 -0.113564 -0.746402
v -0.323031 -0.203415 -0.096172
v -0.324575 -0.224099 -0.081970
v -0.339243 -0.204912 -0.096172
v -0.352282 -0.106485 0.145435
v -0.333679 -0.144975 0.145435
v -0.311441 -0.134311 0.145435
v -0.365310 -0.161370 -0.048731
v -0.353233 -0.181685 -0.171605
v -0.346951 -0.192252 -0.124998
v -0.339243 -0.204912 -0.096172
v -0.340060 -0.203844 -0.048731
v -0.309951 -0.243201 -0.074290
v -0.310049 -0.243100 -0.048731
v -0.315907 -0.235437 -0.075961
v -0.395735 0.151384 -0.081970
v -0.402365 0.128162 -0.096172
v -0.402735 0.126869 -0.048731
v -0.386730 0.132700 -0.096172
v -0.402365 0.128162 -0.096172
v -0.395735 0.151384 -0.081970
v -0.378487 0.031788 0.145435
v -0.350660 0.072629 0.145435
v -0.375257 0.074417 0.145435
v -0.324575 -0.224099 -0.081970
v -0.260767 0.108913 -0.746402
v -0.324231 0.151608 -0.746402
v -0.247943 0.145595 -0.746402
v -0.404907 0.113559 -0.124998
v -0.406887 0.101426 -0.171605
v -0.410693 0.078101 -0.048731
v -0.391816 0.165108 -0.075961
v -0.338000 -0.171007 0.021137
v -0.360266 -0.129025 0.021137
v -0.365310 -0.161370 -0.003913
v -0.365310 -0.161370 0.116846
v -0.360266 -0.129025 0.091796
v -0.338000 -0.171007 0.091796
v -0.376364 -0.136617 -0.001648
v -0.354600 -0.179386 0.115584
v -0.354600 -0.179386 0.115584
v -0.338000 -0.171007 0.091796
v -0.354600 -0.179386 0.058526
v -0.395392 0.075700 0.059587
v -0.398816 0.076056 0.071156
v -0.399160 0.088836 0.059763
v -0.399160 0.088836 0.059763
v -0.398816 0.076056 0.048593
v -0.354600 -0.179386 0.058526
v -0.354600 -0.179386 -0.002651
v -0.338000 -0.171007 0.021137
v -0.354600 -0.179386 -0.002651
v -0.331755 -0.167997 0.056467
v -0.340060 -0.203844 0.150741
v -0.354600 -0.179386 0.115584
v -0.402735 0.126869 0.150740
v -0.406336 0.104343 0.059165
v -0.247349 -0.301772 -0.719741
v -0.235976 -0.264574 -0.746402
v -0.243002 -0.292406 -0.746402
v 0.050202 -0.374723 -0.096172
v 0.067342 -0.386402 -0.081970
v 0.043393 -0.389511 -0.096172
v -0.048368 -0.351589 0.145435
v -0.005732 -0.354724 0.145435
v -0.003849 -0.330134 0.145435
v -0.007350 -0.390315 -0.048731
v 0.016282 -0.390013 -0.171605
v 0.028575 -0.389856 -0.124998
v 0.043393 -0.389511 -0.096172
v 0.042059 -0.389684 -0.048731
v 0.091197 -0.383288 -0.074290
v 0.091061 -0.383322 -0.048731
v 0.081496 -0.384564 -0.075961
v -0.293415 -0.260286 -0.081970
v -0.276619 -0.277640 -0.096172
v -0.275684 -0.278606 -0.048731
v -0.272732 -0.261830 -0.096172
v -0.276619 -0.277640 -0.096172
v -0.293415 -0.260286 -0.081970
v 0.045379 -0.246624 -0.746402
v 0.083559 -0.239389 -0.746402
v 0.078179 -0.315724 -0.746402
v -0.243002 -0.292406 -0.746402
v -0.181218 -0.305147 -0.746402
v -0.190903 -0.327766 -0.746402
v -0.181218 -0.305147 0.145435
v -0.202673 -0.260628 0.145435
v -0.216520 -0.281035 0.145435
v 0.067342 -0.386402 -0.081970
v -0.265244 -0.287142 -0.124998
v -0.255726 -0.294923 -0.171605
v -0.237429 -0.309882 -0.048731
v -0.303341 -0.250030 -0.075961
v -0.032839 -0.369774 0.021137
v -0.034313 -0.387512 -0.001648
v -0.007350 -0.390315 -0.003912
v 0.013608 -0.390047 0.115584
v 0.014651 -0.371482 0.091796
v 0.013608 -0.390047 0.058526
v 0.014651 -0.371482 0.091796
v 0.013608 -0.390047 0.115584
v -0.007350 -0.390315 0.116846
v -0.227699 -0.297831 0.059587
v -0.229720 -0.300619 0.071156
v -0.240960 -0.294526 0.059763
v -0.240960 -0.294526 0.059763
v -0.229720 -0.300619 0.048593
v 0.014651 -0.371482 0.021137
v 0.013608 -0.390047 -0.002651
v 0.013608 -0.390047 0.058526
v 0.013608 -0.390047 -0.002651
v 0.015167 -0.364569 0.056467
v 0.042059 -0.389684 0.150741
v 0.013608 -0.390047 0.115584
v -0.275684 -0.278606 0.150741
v -0.257977 -0.292988 0.059165
v 0.173223 -0.358358 -0.719741
v 0.146694 -0.329910 -0.746402
v 0.167285 -0.349911 -0.746402
v 0.385175 -0.137147 -0.096172
v 0.403860 -0.128143 -0.081970
v 0.394578 -0.150438 -0.096172
v 0.315856 -0.210944 0.145435
v 0.339889 -0.175588 0.145435
v 0.319535 -0.161662 0.145435
v 0.369903 -0.194784 -0.048731
v 0.381458 -0.174168 -0.171605
v 0.387468 -0.163443 -0.124998
v 0.394578 -0.150438 -0.096172
v 0.394061 -0.151679 -0.048731
v 0.412998 -0.106191 -0.074290
v 0.413052 -0.106062 -0.048731
v 0.409345 -0.114966 -0.075961
v 0.114262 -0.377510 -0.081970
v 0.137688 -0.371641 -0.096172
v 0.138993 -0.371314 -0.048731
v 0.167285 -0.349911 -0.746402
v 0.209211 -0.302774 -0.746402
v 0.223957 -0.322472 -0.746402
v 0.125941 -0.360369 -0.096172
v 0.137688 -0.371641 -0.096172
v 0.114262 -0.377510 -0.081970
v 0.209211 -0.302774 0.145435
v 0.159929 -0.299096 0.145435
v 0.170679 -0.321291 0.145435
v 0.403860 -0.128143 -0.081970
v 0.284651 -0.040592 0.145435
v 0.271828 -0.077274 0.145435
v 0.379420 -0.094304 0.145435
v 0.151605 -0.366540 -0.124998
v 0.163103 -0.362189 -0.171605
v 0.185206 -0.353823 -0.048731
v 0.100417 -0.380978 -0.075961
v 0.339369 -0.206588 0.021137
v 0.353993 -0.216734 -0.001648
v 0.369903 -0.194784 -0.003913
v 0.380150 -0.176501 0.115584
v 0.364594 -0.166314 0.091796
v 0.380150 -0.176501 0.058526
v 0.179635 -0.339370 0.059587
v 0.181039 -0.342514 0.071156
v 0.170143 -0.349202 0.059763
v 0.170143 -0.349202 0.059763
v 0.181039 -0.342514 0.048593
v 0.364594 -0.166314 0.021137
v 0.380150 -0.176501 -0.002651
v 0.364594 -0.166314 0.091796
v 0.380150 -0.176501 0.115584
v 0.369903 -0.194784 0.116846
v 0.380150 -0.176501 0.058526
v 0.380150 -0.176501 -0.002651
v 0.358864 -0.162411 0.056467
v 0.394061 -0.151679 0.150740
v 0.380150 -0.176501 0.115584
v 0.138993 -0.371314 0.150741
v 0.160301 -0.363170 0.059165
v 0.432514 -0.022425 -0.719741
v 0.394612 -0.031176 -0.746402
v 0.422229 -0.023344 -0.746402
v 0.376166 0.174806 -0.746402
v 0.372739 0.237797 -0.746402
v 0.399631 0.181976 -0.746402
v 0.346916 0.271736 -0.096172
v 0.348459 0.292420 -0.081970
v 0.363127 0.273234 -0.096172
v 0.376166 0.174806 0.145435
v 0.357563 0.213297 0.145435
v 0.335326 0.202633 0.145435
v 0.389194 0.229691 -0.048731
v 0.377117 0.250006 -0.171605
v 0.370835 0.260574 -0.124998
v 0.339791 0.303759 -0.075961
v 0.419619 -0.083063 -0.081970
v 0.426250 -0.059840 -0.096172
v 0.426619 -0.058548 -0.048731
v 0.410614 -0.064379 -0.096172
v 0.426250 -0.059840 -0.096172
v 0.419619 -0.083063 -0.081970
v -0.048367 -0.351589 -0.746402
v 0.007898 -0.380117 -0.746402
v -0.054884 -0.375316 -0.746402
v 0.422229 -0.023344 -0.746402
v 0.402371 0.036533 -0.746402
v 0.426802 0.039455 -0.746402
v 0.402371 0.036533 0.145435
v 0.374544 -0.004307 0.145435
v 0.399141 -0.006095 0.145435
v 0.428791 -0.045238 -0.124998
v 0.430771 -0.033105 -0.171605
v 0.434578 -0.009780 -0.048731
v 0.415700 -0.096787 -0.075961
v 0.389194 0.229691 0.116846
v 0.361884 0.239328 0.091796
v 0.378484 0.247707 0.115584
v 0.384150 0.197347 0.021137
v 0.400248 0.204939 -0.001648
v 0.389194 0.229691 -0.003913
v 0.378484 0.247707 0.115584
v 0.361884 0.239328 0.091796
v 0.378484 0.247707 0.058526
v 0.419276 -0.007379 0.059587
v 0.422701 -0.007735 0.071156
v 0.423044 -0.020515 0.059763
v 0.423044 -0.020515 0.059763
v 0.422701 -0.007735 0.048593
v 0.361884 0.239328 0.021137
v 0.378484 0.247707 -0.002651
v 0.378484 0.247707 0.058526
v 0.378484 0.247707 -0.002651
v 0.355639 0.236318 0.056467
v 0.363944 0.272165 0.150740
v 0.378484 0.247707 0.115584
v 0.426619 -0.058548 0.150740
v 0.430220 -0.036022 0.059165
v -0.043458 0.454723 -0.081970
v -0.260767 0.108913 0.145435
v -0.247943 0.145595 0.145435
v -0.355536 0.162626 0.145435
v -0.189150 -0.164636 0.145435
v -0.214506 -0.135189 0.145435
v -0.283051 -0.219852 0.145435
v 0.315856 -0.210944 -0.746402
v 0.368694 -0.176481 -0.746402
v 0.333146 -0.228451 -0.746402
v -0.135262 -0.018886 0.136804
v 0.094035 -0.099045 0.136804
v 0.011942 0.034161 0.136804
v 0.015986 0.448438 -0.746402
v 0.004142 0.422290 -0.746402
v 0.018422 0.458472 -0.719741
v 0.372739 0.237797 -0.746402
v 0.344172 0.234981 -0.746402
v 0.382647 0.240705 -0.719741
v 0.368694 -0.176481 -0.746402
v 0.351972 -0.153149 -0.746402
v 0.376167 -0.183607 -0.719741
v 0.007898 -0.380117 -0.746402
v 0.019742 -0.353969 -0.746402
v 0.005462 -0.390151 -0.719741
v -0.348855 -0.169476 -0.746402
v -0.320288 -0.166660 -0.746402
v -0.358763 -0.172384 -0.719741
v -0.344810 0.244802 -0.746402
v -0.328088 0.221470 -0.746402
v -0.352283 0.251928 -0.719741
v 0.378484 0.247707 -0.002651
v 0.361884 0.239328 0.021137
v 0.384150 0.197347 0.091796
v 0.400248 0.204939 0.114581
v 0.058197 0.455833 0.114581
v 0.056723 0.438095 0.091796
v 0.010277 0.458369 -0.002651
v 0.009233 0.439803 0.021137
v -0.340709 0.234636 0.021137
v -0.330109 0.285055 0.114581
v -0.315485 0.274909 0.091796
v -0.356266 0.244822 -0.002651
v -0.376364 -0.136617 0.114581
v -0.354600 -0.179386 -0.002651
v -0.034313 -0.387512 0.114581
v -0.032839 -0.369774 0.091796
v 0.013608 -0.390047 -0.002651
v 0.014651 -0.371482 0.021137
v 0.353993 -0.216734 0.114581
v 0.339369 -0.206588 0.091796
v 0.364594 -0.166314 0.021137
v 0.380150 -0.176501 -0.002651
v 0.159146 0.087207 0.136804
v -0.070151 0.167366 0.136804
v 0.226557 0.328949 -0.746402
v 0.226557 0.328949 0.145435
v 0.205102 0.373468 0.145435
v 0.205102 0.373468 -0.746402
v 0.027733 0.398455 -0.746402
v 0.072252 0.419910 -0.746402
v 0.072252 0.419910 0.145435
v 0.027733 0.398455 0.145435
v 0.213034 0.232957 -0.746402
v 0.180115 0.196098 -0.746402
v 0.180115 0.196099 0.136804
v 0.213034 0.232957 0.145435
v -0.021238 0.397366 -0.746402
v -0.005187 0.361596 -0.746402
v 0.333933 0.311421 0.150740
v 0.018422 0.458472 -0.719741
v 0.015610 0.458437 -0.241358
v 0.080382 0.453526 -0.048731
v 0.080382 0.453526 -0.719741
v 0.168674 0.414994 0.078641
v 0.167351 0.411815 0.057017
v 0.125672 0.426385 0.057295
v 0.126617 0.429696 0.080138
v 0.175250 0.426439 -0.048731
v 0.175250 0.426439 -0.719741
v 0.128605 0.442745 -0.719741
v 0.128605 0.442745 -0.048731
v 0.072861 0.422429 0.150740
v 0.080382 0.453526 0.150740
v 0.031234 0.458636 0.150740
v 0.029733 0.425604 0.150740
v 0.135596 0.174643 0.136804
v 0.169226 0.135588 0.136804
v 0.197053 0.176428 0.136804
v 0.180115 0.196099 0.136804
v -0.109999 0.417034 -0.124998
v -0.127721 0.434862 -0.124998
v -0.061363 0.420212 -0.096172
v -0.067313 0.451609 -0.074290
v -0.057612 0.452885 -0.075961
v -0.041437 0.428196 -0.096172
v -0.015832 0.425025 0.150740
v -0.018175 0.458005 0.150740
v -0.060543 0.416639 0.145435
v -0.015650 0.422467 0.145435
v -0.015832 0.425025 0.150740
v -0.061021 0.419159 0.150740
v 0.029616 0.423045 0.145435
v 0.029733 0.425604 0.150740
v 0.072252 0.419910 0.145435
v 0.072861 0.422429 0.150740
v 0.123393 0.424490 0.150740
v 0.128605 0.442745 0.150740
v 0.229343 0.279608 0.145435
v 0.229343 0.279608 -0.746402
v -0.061021 0.419159 0.150740
v -0.067177 0.451643 0.150740
v -0.260767 0.108913 0.145435
v -0.212387 0.098833 0.136804
v -0.203820 0.123337 0.136804
v -0.247943 0.145595 0.145435
v 0.167953 0.408913 0.150740
v 0.167119 0.406909 0.145435
v 0.205102 0.373468 0.145435
v 0.206195 0.375817 0.150740
v 0.007602 0.458334 -0.171605
v -0.004780 0.428369 -0.171605
v -0.014661 0.435102 -0.124998
v -0.004691 0.458178 -0.124998
v 0.168674 0.414994 0.035917
v 0.126617 0.429696 0.034686
v -0.321994 0.186870 -0.241358
v -0.319193 0.187028 -0.746402
v -0.324231 0.151608 -0.746402
v -0.326896 0.152465 -0.241358
v -0.022776 0.399713 -0.241358
v -0.027154 0.406396 -0.171605
v 0.001823 0.423870 -0.241358
v 0.167119 0.406909 0.145435
v 0.167119 0.406909 -0.746402
v 0.167119 0.406909 -0.746402
v 0.167119 0.406909 0.145435
v 0.122797 0.422403 0.145435
v 0.122797 0.422403 -0.746402
v 0.002745 0.221086 0.136804
v 0.002745 0.221086 -0.746402
v -0.018710 0.265605 -0.746402
v -0.018710 0.265605 0.136804
v 0.039604 0.188166 0.136804
v 0.039604 0.188166 -0.746402
v 0.125854 0.433110 -0.746402
v 0.171399 0.417188 -0.746402
v 0.167119 0.406909 -0.746402
v 0.122797 0.422403 -0.746402
v -0.005187 0.361596 -0.746402
v -0.005187 0.361596 0.145435
v 0.015610 0.458437 -0.241358
v -0.033707 0.416398 -0.124998
v -0.058737 0.406354 -0.124998
v 0.080382 0.453526 0.150740
v 0.058197 0.455833 0.114581
v 0.031234 0.458636 0.116846
v 0.031234 0.458636 0.150740
v 0.018422 0.458472 -0.719741
v 0.080382 0.453526 -0.719741
v 0.078768 0.443637 -0.746402
v 0.015986 0.448438 -0.746402
v -0.400234 -0.069099 -0.719741
v -0.385293 -0.116236 -0.719741
v -0.385459 -0.116251 -0.048731
v -0.400234 -0.069099 -0.048731
v 0.128605 0.442745 -0.719741
v 0.125854 0.433110 -0.746402
v -0.055023 0.386756 -0.241358
v -0.056510 0.394606 -0.171605
v 0.004142 0.422290 -0.746402
v 0.027733 0.398455 -0.746402
v -0.015650 0.422467 0.145435
v -0.005187 0.361596 0.145435
v 0.262658 0.332686 -0.241358
v 0.266848 0.298464 -0.241358
v 0.264184 0.297586 -0.746402
v -0.082553 0.420404 -0.096172
v -0.085430 0.406596 -0.124998
v -0.018710 0.265605 -0.746402
v 0.002745 0.221086 -0.746402
v -0.047893 0.211489 -0.746402
v -0.044214 0.260771 -0.746402
v -0.329971 0.186420 -0.171605
v -0.334439 0.155102 -0.171605
v -0.345726 0.159048 -0.124998
v -0.341910 0.185746 -0.124998
v -0.146709 0.427675 -0.241358
v -0.205193 0.399406 -0.048731
v 0.219686 0.404828 0.092921
v 0.175250 0.426439 0.096389
v 0.175250 0.426439 0.150740
v 0.219686 0.404828 0.150740
v -0.389168 0.174383 0.150740
v 0.167953 0.408913 0.150740
v 0.175250 0.426439 0.150740
v 0.173669 0.426991 0.019981
v 0.128605 0.442745 0.017621
v 0.273410 0.368313 -0.241358
v 0.271233 0.370093 -0.719741
v 0.219686 0.404827 -0.719741
v 0.219686 0.404827 -0.048731
v 0.309803 0.290458 -0.096172
v 0.299191 0.309117 -0.096172
v 0.327225 0.318351 -0.075961
v 0.333835 0.311522 -0.074290
v -0.070151 0.167366 -0.746402
v 0.039604 0.188166 -0.746402
v 0.261313 0.378204 0.039851
v -0.021495 0.314945 -0.746402
v -0.021495 0.314945 0.145435
v 0.206195 0.375817 0.150740
v 0.241908 0.351431 0.150740
v 0.261313 0.378204 0.150740
v 0.219686 0.404828 0.150740
v -0.047893 0.211489 0.136804
v 0.002745 0.221086 0.136804
v -0.018710 0.265605 0.136804
v -0.044214 0.260771 0.136804
v 0.273410 0.368313 -0.241358
v 0.279610 0.363244 -0.171605
v 0.270626 0.332091 -0.171605
v 0.414493 0.086427 0.150740
v 0.404952 0.036761 0.150740
v 0.436821 0.039583 0.150740
v 0.433319 0.088871 0.150740
v 0.277187 0.322590 0.150740
v 0.299568 0.346927 0.150740
v 0.306935 0.288173 0.145435
v 0.308879 0.289847 0.150740
v 0.277187 0.322590 0.150740
v 0.275451 0.320702 0.145435
v 0.241908 0.351431 0.150740
v 0.240404 0.349357 0.145435
v 0.308879 0.289847 0.150740
v 0.333933 0.311421 0.150740
v 0.086255 0.171858 0.136804
v 0.167953 0.408913 0.150740
v 0.175250 0.426439 0.150740
v 0.289128 0.355463 -0.124998
v 0.282550 0.331201 -0.124998
v 0.285794 0.304705 -0.124998
v 0.274437 0.300964 -0.171605
v 0.135596 0.174643 -0.746402
v 0.135596 0.174643 0.136804
v -0.185327 0.371096 0.145435
v -0.233279 0.354922 0.145435
v -0.233279 0.354922 -0.746402
v -0.185327 0.371095 -0.746402
v 0.086255 0.171858 0.136804
v 0.086255 0.171858 -0.746402
v 0.314759 0.254137 -0.171605
v 0.289870 0.273665 -0.171605
v 0.298932 0.281467 -0.124998
v 0.320145 0.264813 -0.124998
v 0.271233 0.370093 -0.719741
v 0.266886 0.360727 -0.746402
v 0.214787 0.396087 -0.746402
v 0.219686 0.404827 -0.719741
v 0.424118 0.137420 -0.719741
v 0.409444 0.184647 -0.719741
v 0.409343 0.184573 -0.048731
v 0.424118 0.137420 -0.048731
v 0.171399 0.417188 -0.746402
v 0.175250 0.426439 -0.719741
v 0.283816 0.268451 -0.241358
v 0.281832 0.266465 -0.746402
v -0.021238 0.397366 -0.746402
v 0.229343 0.279608 0.145435
v 0.275451 0.320702 0.145435
v 0.259860 0.332895 -0.746402
v 0.226557 0.328949 -0.746402
v 0.264184 0.297586 -0.746402
v 0.229343 0.279608 -0.746402
v 0.309897 0.244498 -0.746402
v 0.286945 0.212712 -0.746402
v -0.233279 0.354922 -0.746402
v -0.240042 0.363768 -0.746402
v 0.261313 0.378204 0.082049
v 0.261313 0.378204 0.150740
v -0.283571 0.339486 0.150740
v -0.282302 0.340578 0.097822
v -0.317019 0.303114 0.098998
v -0.317019 0.303114 0.150740
v 0.381210 0.243122 -0.241358
v 0.128605 0.442745 0.017621
v 0.173669 0.426991 0.019981
v -0.268859 0.324285 0.145435
v -0.233279 0.354922 0.145435
v -0.234597 0.356646 0.150740
v -0.270368 0.325844 0.150740
v 0.219686 0.404827 0.026674
v 0.128605 0.442745 0.150740
v 0.130185 0.442193 0.097822
v 0.031234 0.458636 -0.003913
v 0.058197 0.455833 -0.001648
v 0.080382 0.453526 0.098998
v 0.058197 0.455833 0.099113
v 0.080382 0.453526 0.016180
v 0.056207 0.431181 0.056467
v 0.008717 0.432890 0.056467
v 0.056207 0.431181 0.056467
v 0.056723 0.438095 0.091796
v 0.057623 0.446153 0.081027
v 0.057365 0.442686 0.057307
v 0.058197 0.455833 0.015954
v 0.058197 0.455833 0.099113
v 0.080382 0.453526 0.098998
v 0.083137 0.439417 0.080689
v 0.057623 0.446153 0.081027
v 0.057623 0.446153 0.081027
v 0.082583 0.436019 0.057329
v 0.057365 0.442686 0.057307
v 0.057365 0.442686 0.057307
v 0.083137 0.439417 0.034052
v 0.057623 0.446153 0.033635
v 0.057623 0.446153 0.033635
v 0.080382 0.453526 0.016180
v 0.058197 0.455833 0.015954
v 0.130185 0.442193 0.097822
v 0.175250 0.426439 0.096389
v 0.219686 0.404828 0.092921
v 0.208740 0.395508 0.076858
v 0.207057 0.392504 0.057970
v 0.208740 0.395508 0.039911
v 0.219686 0.404827 0.026674
v 0.261313 0.378204 0.082049
v 0.261313 0.378204 0.039851
v 0.281861 0.361309 0.059165
v 0.281861 0.361309 0.059165
v 0.058197 0.455833 0.099113
v 0.058197 0.455833 0.114581
v 0.056723 0.438095 0.021137
v 0.057623 0.446153 0.033635
v -0.136044 0.367417 -0.746402
v -0.136044 0.367417 0.145435
v -0.263061 -0.144391 0.145435
v -0.310545 -0.183888 0.145435
v -0.059675 0.307710 0.145435
v -0.059675 0.307710 -0.746402
v -0.044214 0.260771 -0.746402
v -0.044214 0.260771 0.136804
v -0.319193 0.187028 -0.746402
v -0.280190 0.183044 -0.746402
v -0.203820 0.123337 -0.746402
v -0.212387 0.098833 -0.746402
v -0.067177 0.451643 0.150740
v -0.268859 0.324285 0.145435
v -0.268859 0.324285 -0.746402
v -0.239503 0.360311 0.078641
v -0.237412 0.357576 0.057017
v -0.270870 0.328766 0.057295
v -0.273264 0.331240 0.080138
v -0.246127 0.371728 -0.048731
v -0.246127 0.371728 -0.719741
v -0.283571 0.339486 -0.719741
v -0.283571 0.339486 -0.048731
v -0.293849 0.281052 0.150740
v -0.317019 0.303114 0.150740
v -0.346018 0.263106 0.150740
v -0.318163 0.245290 0.150740
v -0.189150 -0.164636 0.145435
v -0.156231 -0.127777 0.136804
v -0.173169 -0.108107 0.136804
v -0.214506 -0.135189 0.145435
v -0.380607 0.119994 -0.124998
v -0.404907 0.113559 -0.124998
v -0.295651 0.229983 -0.746402
v -0.291972 0.279265 -0.746402
v -0.291972 0.279265 0.145435
v -0.295651 0.229983 0.145435
v -0.317019 0.303114 -0.719741
v -0.317019 0.303114 -0.048731
v -0.340444 0.205540 0.150740
v -0.370177 0.220001 0.150740
v -0.355536 0.162626 0.145435
v -0.338137 0.204419 0.145435
v -0.340444 0.205540 0.150740
v -0.357958 0.163472 0.150740
v -0.316005 0.243909 0.145435
v -0.318163 0.245290 0.150740
v -0.291972 0.279265 0.145435
v -0.293849 0.281052 0.150740
v -0.270368 0.325844 0.150740
v -0.283571 0.339486 0.150740
v -0.091921 0.345159 0.145435
v -0.091921 0.345159 -0.746402
v -0.357958 0.163472 0.150740
v -0.389168 0.174383 0.150740
v 0.071777 -0.143168 0.136804
v 0.021139 -0.152765 0.136804
v 0.042594 -0.197284 0.136804
v 0.068098 -0.192450 0.136804
v -0.357573 0.242489 -0.171605
v -0.337813 0.216783 -0.171605
v -0.348585 0.211592 -0.124998
v -0.363584 0.231765 -0.124998
v -0.239503 0.360311 0.035917
v -0.273264 0.331240 0.034686
v -0.259932 -0.200130 -0.241358
v -0.257948 -0.198144 -0.746402
v -0.240300 -0.229265 -0.746402
v -0.242964 -0.230143 -0.241358
v -0.330616 0.220252 -0.241358
v -0.154538 0.119659 0.136804
v -0.154538 0.119659 -0.746402
v -0.203820 0.123337 -0.746402
v -0.203820 0.123337 0.136804
v -0.070151 0.167366 0.136804
v -0.070151 0.167366 -0.746402
v -0.107600 0.135119 -0.746402
v -0.107600 0.135120 0.136804
v -0.136044 0.367417 -0.746402
v -0.136044 0.367417 0.145435
v -0.276603 0.332286 -0.746402
v -0.268859 0.324285 -0.746402
v -0.280190 0.183044 -0.746402
v -0.280190 0.183044 0.145435
v -0.353658 0.249475 -0.241358
v -0.359041 0.163702 -0.096172
v -0.355992 0.184951 -0.096172
v -0.330109 0.285055 0.114581
v -0.346018 0.263106 0.116846
v -0.346018 0.263106 0.150740
v -0.352283 0.251928 -0.719741
v -0.317019 0.303114 -0.719741
v -0.309262 0.296772 -0.746402
v -0.344810 0.244802 -0.746402
v -0.283571 0.339486 -0.719741
v -0.276603 0.332286 -0.746402
v -0.385461 0.183287 -0.075961
v -0.328088 0.221470 -0.746402
v -0.295651 0.229983 -0.746402
v -0.338137 0.204419 0.145435
v -0.280190 0.183044 0.145435
v -0.121230 0.400550 -0.241358
v -0.089498 0.387068 -0.241358
v -0.090071 0.384321 -0.746402
v -0.369802 0.145447 -0.096172
v -0.359282 0.136052 -0.124998
v -0.342312 0.120895 -0.746402
v -0.309322 0.099711 -0.746402
v -0.320497 -0.169457 -0.241358
v -0.357326 -0.174801 -0.241358
v -0.205193 0.399406 0.092921
v -0.246127 0.371728 0.096389
v -0.246127 0.371728 0.150740
v -0.205193 0.399406 0.150740
v -0.310049 -0.243100 0.150741
v -0.234597 0.356646 0.150740
v -0.246127 0.371728 0.150740
v -0.247396 0.370636 0.019981
v -0.283571 0.339486 0.017621
v -0.149339 0.426679 -0.719741
v -0.205193 0.399406 -0.719741
v -0.076533 0.449299 -0.075961
v -0.090071 0.384321 -0.746402
v -0.091921 0.345159 -0.746402
v -0.111712 -0.106322 -0.746402
v -0.145342 -0.067267 -0.746402
v -0.135262 -0.018886 -0.746402
v -0.062371 -0.103537 -0.746402
v -0.161322 0.422144 0.039851
v -0.247943 0.145595 0.145435
v -0.247943 0.145595 -0.746402
v -0.186815 0.373217 0.150740
v -0.147839 0.391952 0.150740
v -0.161322 0.422144 0.150740
v -0.205193 0.399406 0.150740
v -0.146709 0.427675 -0.241358
v -0.139219 0.430510 -0.171605
v -0.116732 0.407152 -0.171605
v 0.123393 0.424490 0.150740
v 0.122797 0.422403 0.145435
v -0.105223 0.408085 0.150740
v -0.115109 0.439635 0.150740
v -0.105223 0.408085 0.150740
v -0.104456 0.405637 0.145435
v -0.147839 0.391952 0.150740
v -0.146795 0.389613 0.145435
v -0.186815 0.373217 0.150740
v -0.185327 0.371096 0.145435
v -0.212387 0.098833 0.136804
v -0.171546 0.071007 0.136804
v -0.154538 0.119659 0.136804
v -0.203820 0.123337 0.136804
v -0.087869 0.394890 -0.171605
v -0.047893 0.211489 -0.746402
v -0.047893 0.211489 0.136804
v -0.350660 0.072629 0.145435
v -0.350660 0.072629 -0.746402
v -0.309322 0.099711 -0.746402
v -0.309322 0.099711 0.145435
v -0.149339 0.426679 -0.719741
v -0.143401 0.418232 -0.746402
v -0.200073 0.390793 -0.746402
v -0.205193 0.399406 -0.719741
v -0.240042 0.363768 -0.746402
v -0.246127 0.371728 -0.719741
v -0.054295 0.384045 -0.746402
v -0.091921 0.345159 0.145435
v -0.104456 0.405637 0.145435
v -0.122810 0.398231 -0.746402
v -0.136044 0.367417 -0.746402
v -0.161322 0.422144 0.082049
v -0.161322 0.422144 0.150740
v -0.400234 -0.069099 0.150740
v -0.400546 -0.067454 0.097822
v -0.385459 -0.116251 0.098998
v -0.385459 -0.116251 0.150740
v -0.283571 0.339486 0.017621
v -0.247396 0.370636 0.019981
v -0.379713 -0.063958 0.145435
v -0.388456 -0.017826 0.145435
v -0.390608 -0.018106 0.150740
v -0.381819 -0.064485 0.150740
v -0.205193 0.399406 0.026674
v -0.346018 0.263106 -0.003913
v -0.330109 0.285055 -0.001648
v -0.330109 0.285055 0.099114
v -0.317019 0.303114 0.016180
v -0.309755 0.271006 0.056467
v -0.334980 0.230732 0.056467
v -0.309755 0.271006 0.056467
v -0.315485 0.274909 0.091796
v -0.322013 0.279718 0.081027
v -0.319140 0.277761 0.057307
v -0.330109 0.285055 0.015954
v -0.330109 0.285055 0.099114
v -0.317019 0.303114 0.098998
v -0.303423 0.298446 0.080689
v -0.322013 0.279718 0.081027
v -0.322013 0.279718 0.081027
v -0.300757 0.296266 0.057329
v -0.319140 0.277761 0.057307
v -0.319140 0.277761 0.057307
v -0.303423 0.298446 0.034052
v -0.322013 0.279718 0.033635
v -0.322013 0.279718 0.033635
v -0.317019 0.303114 0.016180
v -0.330109 0.285055 0.015954
v -0.282302 0.340578 0.097822
v -0.330109 0.285055 -0.001648
v -0.315485 0.274909 0.021137
v -0.322013 0.279718 0.033635
v -0.330109 0.285055 0.015954
v -0.246127 0.371728 0.096389
v -0.205193 0.399406 0.092921
v -0.202595 0.385267 0.076858
v -0.200835 0.382307 0.057970
v -0.202595 0.385267 0.039911
v -0.205193 0.399406 0.026674
v -0.161322 0.422144 0.082049
v -0.161322 0.422144 0.039851
v -0.136417 0.431492 0.059165
v -0.136417 0.431492 0.059165
v -0.330109 0.285055 0.114581
v -0.330109 0.285055 0.099114
v -0.378487 0.031788 0.145435
v -0.378487 0.031788 -0.746402
v -0.311442 -0.134312 -0.746402
v -0.352282 -0.106485 -0.746402
v -0.352282 -0.106485 0.145435
v -0.311441 -0.134311 0.145435
v -0.260767 0.108913 0.145435
v -0.260767 0.108913 -0.746402
v -0.212387 0.098833 -0.746402
v -0.212387 0.098833 0.136804
v -0.412927 0.028798 -0.048731
v -0.412772 0.027975 0.029916
v -0.410693 0.078101 0.039851
v -0.353658 0.249475 -0.241358
v -0.396235 -0.020522 0.078641
v -0.392821 -0.020078 0.057017
v -0.384600 -0.063459 0.057295
v -0.387940 -0.064296 0.080138
v -0.409435 -0.020550 -0.048731
v -0.409435 -0.020550 -0.719741
v -0.354768 -0.107216 0.150740
v -0.385459 -0.116251 0.150740
v -0.365310 -0.161370 0.150741
v -0.335953 -0.146154 0.150740
v 0.083559 -0.239389 0.145435
v 0.068098 -0.192450 0.136804
v 0.042594 -0.197284 0.136804
v 0.045379 -0.246624 0.145435
v -0.258666 -0.262880 -0.124998
v -0.265244 -0.287142 -0.124998
v -0.048368 -0.351589 0.145435
v -0.048367 -0.351589 -0.746402
v -0.098912 -0.354082 -0.746402
v -0.098912 -0.354082 0.145435
v -0.312670 -0.185325 0.150741
v -0.340060 -0.203844 0.150741
v -0.283051 -0.219852 0.145435
v -0.310545 -0.183888 0.145435
v -0.312670 -0.185325 0.150741
v -0.284995 -0.221526 0.150740
v -0.333679 -0.144975 0.145435
v -0.335953 -0.146154 0.150740
v -0.352282 -0.106485 0.145435
v -0.354768 -0.107216 0.150740
v -0.402856 0.029952 -0.746402
v -0.412967 0.028848 -0.719741
v -0.408630 0.090746 -0.719741
v -0.398345 0.091665 -0.746402
v -0.284995 -0.221526 0.150740
v -0.310049 -0.243100 0.150741
v -0.309322 0.099711 0.145435
v -0.367965 0.119096 0.145435
v -0.396970 0.027833 0.058302
v -0.400389 0.027790 0.042255
v -0.396235 -0.020522 0.035917
v -0.353233 -0.181685 -0.171605
v -0.321091 -0.177425 -0.171605
v -0.321982 -0.189349 -0.124998
v -0.346951 -0.192252 -0.124998
v -0.387940 -0.064296 0.034687
v 0.022061 -0.355549 -0.241358
v 0.008274 -0.390115 -0.241358
v -0.287276 -0.178682 -0.241358
v -0.290875 -0.185816 -0.171605
v -0.388456 -0.017826 -0.746402
v -0.388456 -0.017826 0.145435
v -0.145342 -0.067266 0.136804
v -0.145342 -0.067267 -0.746402
v -0.173169 -0.108107 -0.746402
v -0.173169 -0.108107 0.136804
v -0.144464 0.029669 0.136804
v -0.144464 0.029669 -0.746402
v -0.135262 -0.018886 -0.746402
v -0.135262 -0.018886 0.136804
v -0.062371 -0.103537 0.136804
v -0.062371 -0.103537 -0.746402
v -0.015720 -0.119845 -0.746402
v -0.015720 -0.119845 0.136804
v -0.390515 -0.066664 -0.746402
v -0.399498 -0.019260 -0.746402
v -0.388456 -0.017826 -0.746402
v -0.379713 -0.063958 -0.746402
v -0.296261 -0.196492 -0.124998
v -0.275047 -0.213146 -0.124998
v -0.285736 -0.222349 -0.096172
v -0.302613 -0.209085 -0.096172
v -0.376364 -0.136617 0.114581
v -0.365310 -0.161370 0.116846
v -0.365310 -0.161370 0.150741
v -0.265986 -0.205343 -0.171605
v -0.315907 -0.235437 -0.075961
v -0.320288 -0.166660 -0.746402
v -0.311442 -0.134312 -0.746402
v -0.263061 -0.144391 -0.746402
v -0.286013 -0.176177 -0.746402
v -0.371946 0.102024 -0.241358
v -0.344405 0.122764 -0.241358
v -0.342312 0.120895 -0.746402
v -0.275307 -0.240796 -0.096172
v -0.261910 -0.236384 -0.124998
v 0.029071 -0.293275 0.145435
v 0.039534 -0.354146 0.145435
v -0.173169 -0.108107 -0.746402
v -0.156231 -0.127778 -0.746402
v 0.115806 -0.276838 0.145435
v 0.128340 -0.337316 0.145435
v -0.410693 0.078101 0.082049
v -0.410693 0.078101 0.150740
v 0.091061 -0.383322 0.150741
v -0.381819 -0.064485 0.150740
v -0.390608 -0.018106 0.150740
v -0.409435 -0.020550 0.150740
v -0.400234 -0.069099 0.150740
v -0.409123 -0.022195 0.019981
v -0.400234 -0.069099 0.017621
v -0.408177 0.093522 -0.241358
v -0.408630 0.090746 -0.719741
v -0.412967 0.028848 -0.719741
v -0.357326 -0.174801 -0.241358
v -0.286013 -0.176177 -0.746402
v -0.391816 0.165108 -0.075961
v -0.389207 0.174248 -0.074290
v -0.171546 0.071006 -0.746402
v -0.154538 0.119659 -0.746402
v -0.107600 0.135119 -0.746402
v -0.144464 0.029669 -0.746402
v -0.379713 -0.063958 0.145435
v -0.379713 -0.063958 -0.746402
v -0.381068 0.031560 0.150740
v -0.377805 0.074682 0.150740
v -0.410693 0.078101 0.150740
v -0.412937 0.028739 0.150740
v -0.408177 0.093522 -0.241358
v -0.406887 0.101426 -0.171605
v -0.375415 0.109222 -0.171605
v -0.370468 0.119655 0.150740
v -0.402735 0.126869 0.150740
v -0.370468 0.119655 0.150740
v -0.367965 0.119096 0.145435
v -0.377805 0.074682 0.150740
v -0.375257 0.074417 0.145435
v -0.381068 0.031560 0.150740
v -0.378487 0.031788 0.145435
v -0.263061 -0.144391 -0.746402
v -0.263061 -0.144391 0.145435
v -0.111712 -0.106322 0.136804
v -0.145342 -0.067266 0.136804
v -0.173169 -0.108107 0.136804
v -0.156231 -0.127777 0.136804
v -0.385293 -0.116236 -0.719741
v -0.400234 -0.069099 -0.719741
v -0.390515 -0.066664 -0.746402
v -0.375480 -0.113564 -0.746402
v -0.350364 0.128086 -0.171605
v -0.171546 0.071006 -0.746402
v -0.171546 0.071007 0.136804
v -0.212387 0.098833 0.136804
v -0.212387 0.098833 -0.746402
v -0.214506 -0.135189 0.145435
v -0.214506 -0.135190 -0.746402
v -0.400389 0.027790 0.074899
v -0.396970 0.027833 0.058302
v -0.358763 -0.172384 -0.719741
v -0.348855 -0.169476 -0.746402
v -0.370728 0.099497 -0.746402
v -0.350660 0.072629 -0.746402
v -0.400389 0.027790 0.042255
v -0.412772 0.027975 0.029916
v -0.409435 -0.020550 0.150740
v -0.412937 0.028739 0.150740
v -0.412927 0.028798 0.089219
v -0.409435 -0.020550 0.096389
v -0.352283 0.251928 -0.719741
v -0.400234 -0.069099 0.017621
v -0.409123 -0.022195 0.019981
v -0.098912 -0.354082 0.145435
v -0.143235 -0.338588 0.145435
v -0.144069 -0.340592 0.150741
v -0.099508 -0.356169 0.150741
v -0.365310 -0.161370 -0.003913
v -0.376364 -0.136617 -0.001648
v -0.376364 -0.136617 0.099114
v -0.385459 -0.116251 0.016181
v -0.331755 -0.167997 0.056467
v -0.354021 -0.126015 0.056467
v -0.376364 -0.136617 0.015954
v -0.376364 -0.136617 0.099114
v -0.385459 -0.116251 0.098998
v -0.374618 -0.106811 0.080689
v -0.367694 -0.132275 0.081027
v -0.367694 -0.132275 0.081027
v -0.371398 -0.105592 0.057329
v -0.364563 -0.130765 0.057307
v -0.364563 -0.130765 0.057307
v -0.374618 -0.106811 0.034053
v -0.367694 -0.132274 0.033635
v -0.367694 -0.132274 0.033635
v -0.385459 -0.116251 0.016181
v -0.376364 -0.136617 0.015954
v -0.400546 -0.067454 0.097822
v -0.376364 -0.136617 -0.001648
v -0.360266 -0.129025 0.021137
v -0.367694 -0.132274 0.033635
v -0.376364 -0.136617 0.015954
v -0.409435 -0.020550 0.096389
v -0.409435 -0.020550 -0.719741
v -0.399498 -0.019260 -0.746402
v -0.354021 -0.126015 0.056467
v -0.364563 -0.130765 0.057307
v -0.195802 -0.336506 -0.048731
v -0.249526 -0.299992 -0.241358
v -0.410693 0.078101 0.082049
v -0.406336 0.104343 0.059165
v -0.410693 0.078101 0.039851
v -0.406336 0.104343 0.059165
v -0.360266 -0.129025 0.091796
v -0.367694 -0.132275 0.081027
v -0.376364 -0.136617 0.099114
v -0.376364 -0.136617 0.114581
v -0.202673 -0.260628 -0.746402
v -0.202673 -0.260628 0.145435
v -0.181218 -0.305147 0.145435
v -0.181218 -0.305147 -0.746402
v -0.003849 -0.330134 -0.746402
v -0.003849 -0.330134 0.145435
v -0.189150 -0.164636 0.145435
v -0.189150 -0.164636 -0.746402
v -0.156231 -0.127778 -0.746402
v -0.156231 -0.127777 0.136804
v 0.021139 -0.152765 0.136804
v 0.021139 -0.152765 -0.746402
v 0.042594 -0.197284 -0.746402
v 0.042594 -0.197284 0.136804
v 0.170593 -0.359354 -0.241358
v 0.173223 -0.358358 -0.719741
v 0.229077 -0.331085 -0.719741
v 0.229077 -0.331084 -0.048731
v -0.181218 -0.305147 0.145435
v -0.182311 -0.307496 0.150741
v -0.144790 -0.346673 0.078641
v -0.143467 -0.343494 0.057017
v -0.101788 -0.358064 0.057295
v -0.102733 -0.361375 0.080138
v -0.151365 -0.358118 -0.048731
v -0.151365 -0.358118 -0.719741
v -0.104721 -0.374424 -0.719741
v -0.104721 -0.374424 -0.048731
v -0.048977 -0.354108 0.150741
v -0.056498 -0.385205 0.150741
v -0.007350 -0.390315 0.150741
v -0.005848 -0.357283 0.150741
v 0.284651 -0.040592 0.145435
v 0.236271 -0.030512 0.136804
v 0.227705 -0.055016 0.136804
v 0.271828 -0.077274 0.145435
v 0.133883 -0.348713 -0.124998
v 0.151605 -0.366540 -0.124998
v 0.084971 -0.351943 -0.096172
v 0.091197 -0.383288 -0.074290
v 0.081496 -0.384564 -0.075961
v 0.065321 -0.359875 -0.096172
v -0.104721 -0.374424 -0.719741
v -0.056498 -0.385205 -0.719741
v -0.056498 -0.385205 -0.048731
v -0.104721 -0.374424 -0.048731
v 0.039716 -0.356704 0.150741
v 0.042059 -0.389684 0.150741
v 0.084427 -0.348317 0.145435
v 0.039534 -0.354146 0.145435
v 0.039716 -0.356704 0.150741
v 0.084905 -0.350838 0.150741
v -0.005732 -0.354724 0.145435
v -0.005848 -0.357283 0.150741
v -0.048368 -0.351589 0.145435
v -0.048977 -0.354108 0.150741
v -0.099508 -0.356169 0.150741
v -0.104721 -0.374424 0.150741
v -0.205459 -0.211287 -0.746402
v -0.205459 -0.211287 0.145435
v 0.084905 -0.350838 0.150741
v 0.091061 -0.383322 0.150741
v 0.343077 -0.118707 -0.746402
v 0.304074 -0.114723 -0.746402
v 0.258481 -0.288325 0.150741
v 0.210699 -0.304896 0.150741
v 0.229077 -0.331084 0.150741
v 0.270011 -0.303407 0.150741
v -0.143235 -0.338588 -0.746402
v -0.143235 -0.338588 0.145435
v 0.016282 -0.390013 -0.171605
v 0.028664 -0.360048 -0.171605
v 0.038546 -0.366781 -0.124998
v 0.028575 -0.389856 -0.124998
v -0.144790 -0.346673 0.035917
v -0.102733 -0.361375 0.034687
v 0.354500 -0.151931 -0.241358
v 0.377542 -0.181154 -0.241358
v 0.046660 -0.331391 -0.241358
v 0.051038 -0.338075 -0.171605
v 0.236271 -0.030512 -0.746402
v 0.227705 -0.055016 -0.746402
v -0.015720 -0.119845 0.136804
v -0.015720 -0.119845 -0.746402
v -0.101970 -0.364789 -0.746402
v -0.147514 -0.348868 -0.746402
v -0.143235 -0.338588 -0.746402
v -0.098912 -0.354082 -0.746402
v 0.045379 -0.246624 -0.746402
v 0.045379 -0.246624 0.145435
v 0.057591 -0.348077 -0.124998
v 0.082345 -0.338085 -0.124998
v -0.056498 -0.385205 0.150741
v -0.034313 -0.387512 0.114581
v -0.007350 -0.390315 0.116846
v -0.007350 -0.390315 0.150741
v 0.005462 -0.390151 -0.719741
v -0.056498 -0.385205 -0.719741
v -0.054884 -0.375316 -0.746402
v 0.007898 -0.380117 -0.746402
v -0.104721 -0.374424 -0.719741
v -0.101970 -0.364789 -0.746402
v 0.078631 -0.318487 -0.241358
v 0.080394 -0.326284 -0.171605
v 0.019742 -0.353969 -0.746402
v -0.003849 -0.330134 -0.746402
v 0.029071 -0.293275 -0.746402
v 0.045122 -0.329045 -0.746402
v -0.238774 -0.264365 -0.241358
v 0.106437 -0.352083 -0.096172
v 0.109314 -0.338275 -0.124998
v 0.042594 -0.197284 -0.746402
v 0.068098 -0.192450 -0.746402
v 0.353855 -0.118099 -0.171605
v 0.358230 -0.087045 -0.171605
v 0.369518 -0.090991 -0.124998
v 0.365794 -0.117425 -0.124998
v -0.195802 -0.336506 0.092921
v -0.151365 -0.358118 0.096389
v -0.151365 -0.358118 0.150741
v -0.195802 -0.336506 0.150741
v -0.099508 -0.356169 0.150741
v -0.144069 -0.340592 0.150741
v -0.151365 -0.358118 0.150741
v -0.104721 -0.374424 0.150741
v -0.149785 -0.358670 0.019981
v -0.104721 -0.374424 0.017621
v 0.045122 -0.329045 -0.746402
v 0.078179 -0.315724 -0.746402
v -0.303341 -0.250030 -0.075961
v -0.309951 -0.243201 -0.074290
v -0.240300 -0.229265 -0.746402
v -0.205459 -0.211287 -0.746402
v -0.237429 -0.309882 0.039851
v -0.182311 -0.307496 0.150741
v -0.218024 -0.283110 0.150741
v -0.237429 -0.309882 0.150741
v -0.195802 -0.336506 0.150741
v -0.249526 -0.299992 -0.241358
v -0.255726 -0.294923 -0.171605
v -0.246741 -0.263770 -0.171605
v -0.195802 -0.336506 -0.719741
v -0.253303 -0.254269 0.150741
v -0.275684 -0.278606 0.150741
v -0.253303 -0.254269 0.150741
v -0.251567 -0.252381 0.145435
v -0.218024 -0.283110 0.150741
v -0.216520 -0.281035 0.145435
v 0.029071 -0.293275 -0.746402
v 0.029071 -0.293275 0.145435
v -0.250553 -0.232643 -0.171605
v -0.111712 -0.106322 -0.746402
v -0.111712 -0.106322 0.136804
v -0.247349 -0.301772 -0.719741
v -0.243002 -0.292406 -0.746402
v -0.190903 -0.327766 -0.746402
v -0.195802 -0.336506 -0.719741
v -0.147514 -0.348868 -0.746402
v -0.151365 -0.358118 -0.719741
v -0.205459 -0.211287 0.145435
v -0.251567 -0.252381 0.145435
v -0.235976 -0.264574 -0.746402
v -0.202673 -0.260628 -0.746402
v -0.099508 -0.356169 0.150741
v -0.098912 -0.354082 0.145435
v 0.113383 -0.318747 -0.241358
v 0.113955 -0.316000 -0.746402
v 0.113955 -0.316000 -0.746402
v 0.115806 -0.276838 -0.746402
v -0.237429 -0.309882 0.082049
v -0.237429 -0.309882 0.150741
v 0.307455 -0.271164 0.150740
v 0.306187 -0.272257 0.097822
v 0.340903 -0.234793 0.098998
v 0.340903 -0.234793 0.150740
v -0.247349 -0.301772 -0.719741
v -0.358763 -0.172384 -0.719741
v -0.104721 -0.374424 0.017621
v -0.149785 -0.358670 0.019981
v 0.292743 -0.255964 0.145435
v 0.257163 -0.286601 0.145435
v 0.258481 -0.288325 0.150741
v 0.294253 -0.257523 0.150740
v -0.195802 -0.336506 0.026674
v -0.104721 -0.374424 0.150741
v -0.106301 -0.373871 0.097822
v -0.007350 -0.390315 -0.003912
v -0.034313 -0.387512 -0.001648
v -0.056498 -0.385205 0.098998
v -0.034313 -0.387512 0.099114
v -0.104721 -0.374424 0.017621
v -0.056498 -0.385205 0.016181
v -0.032323 -0.362860 0.056467
v 0.015167 -0.364569 0.056467
v -0.034313 -0.387512 0.099114
v -0.033739 -0.377832 0.081027
v -0.032839 -0.369774 0.091796
v -0.034313 -0.387512 0.114581
v -0.034313 -0.387512 0.015954
v -0.034313 -0.387512 0.099114
v -0.056498 -0.385205 0.098998
v -0.059253 -0.371096 0.080689
v -0.033739 -0.377832 0.081027
v -0.033739 -0.377832 0.081027
v -0.058699 -0.367698 0.057329
v -0.033481 -0.374365 0.057307
v -0.033481 -0.374365 0.057307
v -0.059253 -0.371096 0.034053
v -0.033739 -0.377832 0.033635
v -0.033739 -0.377832 0.033635
v -0.056498 -0.385205 0.016181
v -0.034313 -0.387512 0.015954
v -0.106301 -0.373871 0.097822
v -0.034313 -0.387512 -0.001648
v -0.032839 -0.369774 0.021137
v -0.033739 -0.377832 0.033635
v -0.034313 -0.387512 0.015954
v -0.151365 -0.358118 0.096389
v -0.032323 -0.362860 0.056467
v -0.033481 -0.374365 0.057307
v -0.195802 -0.336506 0.092921
v -0.184856 -0.327187 0.076858
v -0.183173 -0.324183 0.057970
v -0.184856 -0.327187 0.039911
v -0.195802 -0.336506 0.026674
v -0.237429 -0.309882 0.082049
v -0.237429 -0.309882 0.039851
v -0.257977 -0.292988 0.059165
v -0.257977 -0.292988 0.059165
v 0.159929 -0.299096 -0.746402
v 0.159929 -0.299096 0.145435
v 0.209211 -0.302774 0.145435
v 0.209211 -0.302774 -0.746402
v 0.382833 -0.095646 -0.096172
v 0.412998 -0.106191 -0.074290
v 0.409345 -0.114966 -0.075961
v 0.379876 -0.116630 -0.096172
v 0.412340 0.086147 -0.746402
v 0.412340 0.086148 0.145435
v 0.403597 0.132279 0.145435
v 0.403597 0.132279 -0.746402
v 0.178422 -0.051337 0.136804
v 0.178422 -0.051338 -0.746402
v 0.227705 -0.055016 -0.746402
v 0.227705 -0.055016 0.136804
v 0.376167 -0.183607 -0.719741
v 0.377542 -0.181154 -0.241358
v 0.340903 -0.234793 -0.048731
v 0.340903 -0.234793 -0.719741
v 0.315856 -0.210944 0.145435
v 0.315856 -0.210944 -0.746402
v 0.292743 -0.255964 -0.746402
v 0.292743 -0.255964 0.145435
v 0.263387 -0.291990 0.078641
v 0.261296 -0.289255 0.057017
v 0.294754 -0.260445 0.057295
v 0.297149 -0.262919 0.080138
v 0.270011 -0.303407 -0.048731
v 0.270011 -0.303407 -0.719741
v 0.307455 -0.271165 -0.719741
v 0.307455 -0.271165 -0.048731
v 0.317733 -0.212731 0.150740
v 0.340903 -0.234793 0.150740
v 0.369903 -0.194784 0.150740
v 0.342047 -0.176968 0.150740
v 0.195430 -0.002685 0.136804
v 0.178422 -0.051337 0.136804
v 0.227705 -0.055016 0.136804
v 0.236271 -0.030512 0.136804
v 0.404491 -0.051672 -0.124998
v 0.428791 -0.045238 -0.124998
v 0.083559 -0.239389 0.145435
v 0.083559 -0.239389 -0.746402
v 0.068098 -0.192450 -0.746402
v 0.068098 -0.192450 0.136804
v 0.319535 -0.161662 -0.746402
v 0.319535 -0.161662 0.145435
v 0.364328 -0.137219 0.150740
v 0.394061 -0.151679 0.150740
v 0.379420 -0.094304 0.145435
v 0.362022 -0.136097 0.145435
v 0.364328 -0.137219 0.150740
v 0.381842 -0.095151 0.150740
v 0.339889 -0.175588 0.145435
v 0.342047 -0.176968 0.150740
v 0.315856 -0.210944 0.145435
v 0.317733 -0.212731 0.150740
v 0.294253 -0.257523 0.150740
v 0.307455 -0.271164 0.150740
v 0.115806 -0.276838 0.145435
v 0.115806 -0.276838 -0.746402
v 0.381842 -0.095151 0.150740
v 0.413052 -0.106062 0.150740
v 0.131484 -0.066798 -0.746402
v 0.168348 0.038652 -0.746402
v 0.195430 -0.002685 -0.746402
v 0.178422 -0.051338 -0.746402
v 0.257163 -0.286601 -0.746402
v 0.257163 -0.286601 0.145435
v 0.381458 -0.174168 -0.171605
v 0.361697 -0.148462 -0.171605
v 0.372469 -0.143271 -0.124998
v 0.387468 -0.163443 -0.124998
v 0.263387 -0.291990 0.035917
v 0.297149 -0.262919 0.034687
v 0.344381 0.237779 -0.241358
v 0.381210 0.243122 -0.241358
v 0.345878 -0.118549 -0.241358
v 0.366196 -0.052574 -0.746402
v 0.333206 -0.031390 -0.746402
v 0.094035 -0.099045 0.136804
v 0.094035 -0.099045 -0.746402
v 0.131484 -0.066798 -0.746402
v 0.131484 -0.066798 0.136804
v 0.300487 -0.263965 -0.746402
v 0.263926 -0.295447 -0.746402
v 0.257163 -0.286601 -0.746402
v 0.292743 -0.255964 -0.746402
v 0.413052 -0.106062 0.150740
v 0.376167 -0.183607 -0.719741
v 0.340903 -0.234793 -0.719741
v 0.333146 -0.228451 -0.746402
v 0.368694 -0.176481 -0.746402
v 0.307455 -0.271165 -0.719741
v 0.300487 -0.263965 -0.746402
v 0.350688 -0.084409 -0.241358
v 0.351972 -0.153149 -0.746402
v 0.319535 -0.161662 -0.746402
v 0.362022 -0.136097 0.145435
v 0.304074 -0.114723 0.145435
v 0.145115 -0.332228 -0.241358
v 0.393686 -0.077126 -0.096172
v 0.383166 -0.067730 -0.124998
v 0.229077 -0.331084 0.092921
v 0.270011 -0.303407 0.096389
v 0.270011 -0.303407 0.150741
v 0.229077 -0.331084 0.150741
v 0.369903 -0.194784 0.150740
v 0.369903 -0.194784 0.116846
v 0.353993 -0.216734 0.114581
v 0.271280 -0.302314 0.019981
v 0.307455 -0.271165 0.017621
v 0.432061 -0.025201 -0.241358
v 0.436821 0.039583 -0.048731
v 0.343077 -0.118707 -0.746402
v 0.348069 -0.083419 -0.746402
v 0.100417 -0.380978 -0.075961
v 0.071777 -0.143168 -0.746402
v 0.071777 -0.143168 0.136804
v 0.185206 -0.353823 0.039851
v 0.171723 -0.323631 0.150741
v 0.185206 -0.353823 0.150741
v 0.170593 -0.359354 -0.241358
v 0.163103 -0.362189 -0.171605
v 0.140616 -0.338831 -0.171605
v 0.129107 -0.339763 0.150741
v 0.138993 -0.371314 0.150741
v 0.129107 -0.339763 0.150741
v 0.128340 -0.337316 0.145435
v 0.171723 -0.323631 0.150741
v 0.170679 -0.321291 0.145435
v 0.210699 -0.304896 0.150741
v 0.209211 -0.302774 0.145435
v 0.238390 0.203511 0.145435
v 0.213034 0.232957 0.145435
v 0.180115 0.196099 0.136804
v 0.197053 0.176428 0.136804
v 0.304074 -0.114723 -0.746402
v 0.304074 -0.114723 0.145435
v 0.271828 -0.077274 0.145435
v 0.227705 -0.055016 0.136804
v 0.227705 -0.055016 -0.746402
v 0.271828 -0.077274 -0.746402
v 0.111753 -0.326568 -0.171605
v 0.071777 -0.143168 -0.746402
v 0.021139 -0.152765 -0.746402
v 0.173223 -0.358358 -0.719741
v 0.167285 -0.349911 -0.746402
v 0.223957 -0.322472 -0.746402
v 0.229077 -0.331085 -0.719741
v 0.263926 -0.295447 -0.746402
v 0.270011 -0.303407 -0.719741
v 0.368289 -0.054443 -0.241358
v 0.366196 -0.052574 -0.746402
v 0.146694 -0.329910 -0.746402
v 0.159929 -0.299096 -0.746402
v 0.185206 -0.353823 0.082049
v 0.185206 -0.353823 0.150741
v 0.424118 0.137420 0.150740
v 0.424430 0.135775 0.097822
v 0.409343 0.184573 0.098998
v 0.409343 0.184573 0.150740
v 0.307455 -0.271165 0.017621
v 0.271280 -0.302314 0.019981
v 0.403597 0.132279 0.145435
v 0.412340 0.086148 0.145435
v 0.414493 0.086427 0.150740
v 0.405703 0.132807 0.150740
v 0.229077 -0.331084 0.026674
v 0.369903 -0.194784 -0.003913
v 0.353993 -0.216734 -0.001648
v 0.353993 -0.216734 0.099114
v 0.340903 -0.234793 0.016181
v 0.333640 -0.202684 0.056467
v 0.358864 -0.162411 0.056467
v 0.333640 -0.202684 0.056467
v 0.339369 -0.206588 0.091796
v 0.345897 -0.211397 0.081027
v 0.343024 -0.209439 0.057307
v 0.353993 -0.216734 0.015954
v 0.353993 -0.216734 0.099114
v 0.340903 -0.234793 0.098998
v 0.327307 -0.230125 0.080689
v 0.345897 -0.211397 0.081027
v 0.345897 -0.211397 0.081027
v 0.324641 -0.227945 0.057329
v 0.343024 -0.209439 0.057307
v 0.343024 -0.209439 0.057307
v 0.327307 -0.230125 0.034053
v 0.345897 -0.211397 0.033635
v 0.345897 -0.211397 0.033635
v 0.340903 -0.234793 0.016181
v 0.353993 -0.216734 0.015954
v 0.306187 -0.272257 0.097822
v 0.353993 -0.216734 -0.001648
v 0.339369 -0.206588 0.021137
v 0.345897 -0.211397 0.033635
v 0.353993 -0.216734 0.015954
v 0.270011 -0.303407 0.096389
v 0.229077 -0.331084 0.092921
v 0.226479 -0.316946 0.076858
v 0.224719 -0.313986 0.057970
v 0.226479 -0.316946 0.039911
v 0.229077 -0.331084 0.026674
v 0.185206 -0.353823 0.082049
v 0.185206 -0.353823 0.039851
v 0.160301 -0.363170 0.059165
v 0.160301 -0.363170 0.059165
v 0.353993 -0.216734 0.099114
v 0.353993 -0.216734 0.114581
v 0.374544 -0.004308 -0.746402
v 0.374544 -0.004307 0.145435
v 0.402371 0.036533 0.145435
v 0.402371 0.036533 -0.746402
v 0.335326 0.202633 -0.746402
v 0.376166 0.174806 -0.746402
v 0.376166 0.174806 0.145435
v 0.335326 0.202633 0.145435
v 0.284651 -0.040592 0.145435
v 0.284651 -0.040592 -0.746402
v 0.236271 -0.030512 -0.746402
v 0.236271 -0.030512 0.136804
v 0.135596 0.174643 -0.746402
v 0.180115 0.196098 -0.746402
v 0.197053 0.176428 -0.746402
v 0.169226 0.135588 -0.746402
v 0.434578 -0.009780 0.150740
v 0.434578 -0.009780 0.082049
v 0.436821 0.039583 0.092921
v 0.436821 0.039583 0.150740
v 0.420119 0.088843 0.078641
v 0.416705 0.088400 0.057017
v 0.408484 0.131780 0.057295
v 0.411824 0.132617 0.080138
v 0.433319 0.088871 -0.048731
v 0.433319 0.088871 -0.719741
v 0.378652 0.175538 0.150740
v 0.409343 0.184573 0.150740
v 0.389194 0.229691 0.150740
v 0.359838 0.214475 0.150740
v 0.339791 0.303759 -0.075961
v 0.326497 0.277406 -0.096172
v 0.336554 0.253646 0.150740
v 0.363944 0.272165 0.150740
v 0.334430 0.252209 0.145435
v 0.336554 0.253646 0.150740
v 0.357563 0.213297 0.145435
v 0.359838 0.214475 0.150740
v 0.376166 0.174806 0.145435
v 0.378652 0.175538 0.150740
v 0.405703 0.132807 0.150740
v 0.424118 0.137420 0.150740
v 0.333206 -0.031390 0.145435
v 0.333206 -0.031390 -0.746402
v 0.409444 0.184647 -0.719741
v 0.424118 0.137420 -0.719741
v 0.414399 0.134985 -0.746402
v 0.399631 0.181976 -0.746402
v 0.377117 0.250006 -0.171605
v 0.344976 0.245746 -0.171605
v 0.345866 0.257671 -0.124998
v 0.370835 0.260574 -0.124998
v 0.420119 0.088843 0.035917
v 0.411824 0.132617 0.034686
v 0.311160 0.247003 -0.241358
v 0.169226 0.135588 0.136804
v 0.169226 0.135588 -0.746402
v 0.197053 0.176428 -0.746402
v 0.197053 0.176428 0.136804
v 0.168348 0.038652 0.136804
v 0.168348 0.038652 -0.746402
v 0.159146 0.087207 -0.746402
v 0.159146 0.087207 0.136804
v 0.159146 0.087207 -0.746402
v 0.086255 0.171858 -0.746402
v 0.414399 0.134985 -0.746402
v 0.423382 0.087581 -0.746402
v 0.412340 0.086147 -0.746402
v 0.403597 0.132279 -0.746402
v 0.400248 0.204939 0.114581
v 0.389194 0.229691 0.116846
v 0.389194 0.229691 0.150740
v 0.382647 0.240705 -0.719741
v 0.382647 0.240705 -0.719741
v 0.372739 0.237797 -0.746402
v 0.344172 0.234981 -0.746402
v 0.335326 0.202633 -0.746402
v 0.334430 0.252209 0.145435
v 0.286945 0.212713 0.145435
v 0.395831 -0.033703 -0.241358
v 0.433319 0.088871 0.096389
v 0.433319 0.088871 0.150740
v 0.433007 0.090516 0.019981
v 0.424118 0.137420 0.017621
v 0.432514 -0.022425 -0.719741
v 0.436821 0.039582 -0.719741
v 0.195430 -0.002685 -0.746402
v 0.195430 -0.002685 0.136804
v 0.094035 -0.099045 -0.746402
v -0.015720 -0.119845 -0.746402
v 0.434578 -0.009780 0.039851
v 0.401689 -0.006360 0.150740
v 0.434578 -0.009780 0.150740
v 0.432061 -0.025201 -0.241358
v 0.430771 -0.033105 -0.171605
v 0.399299 -0.040901 -0.171605
v 0.394352 -0.051334 0.150740
v 0.426619 -0.058548 0.150740
v 0.394352 -0.051334 0.150740
v 0.391849 -0.050774 0.145435
v 0.401689 -0.006360 0.150740
v 0.399141 -0.006095 0.145435
v 0.404952 0.036761 0.150740
v 0.402371 0.036533 0.145435
v 0.286945 0.212712 -0.746402
v 0.335326 0.202633 -0.746402
v 0.335326 0.202633 0.145435
v 0.286945 0.212713 0.145435
v 0.238390 0.203511 -0.746402
v 0.238390 0.203511 0.145435
v 0.374248 -0.059765 -0.171605
v 0.415700 -0.096787 -0.075961
v 0.432514 -0.022425 -0.719741
v 0.422229 -0.023344 -0.746402
v 0.426802 0.039455 -0.746402
v 0.436821 0.039582 -0.719741
v 0.423382 0.087581 -0.746402
v 0.433319 0.088871 -0.719741
v 0.309897 0.244498 -0.746402
v 0.333206 -0.031390 0.145435
v 0.391849 -0.050774 0.145435
v 0.394612 -0.031176 -0.746402
v 0.374544 -0.004308 -0.746402
v 0.424118 0.137420 0.017621
v 0.433007 0.090516 0.019981
v -0.412927 0.028798 0.089219
v -0.400389 0.027790 0.074899
v 0.436821 0.039583 0.026674
v 0.389194 0.229691 -0.003913
v 0.400248 0.204939 -0.001648
v 0.400248 0.204939 0.099114
v 0.409343 0.184573 0.016180
v 0.377905 0.194336 0.056467
v 0.355639 0.236318 0.056467
v 0.058197 0.455833 0.015954
v 0.058197 0.455833 -0.001648
v 0.400248 0.204939 0.015954
v 0.400248 0.204939 0.099114
v 0.409343 0.184573 0.098998
v 0.398502 0.175132 0.080689
v 0.391578 0.200596 0.081027
v 0.391578 0.200596 0.081027
v 0.395282 0.173913 0.057329
v 0.388447 0.199086 0.057307
v 0.388447 0.199086 0.057307
v 0.398502 0.175132 0.034052
v 0.391578 0.200596 0.033635
v 0.391578 0.200596 0.033635
v 0.409343 0.184573 0.016180
v 0.400248 0.204939 0.015954
v 0.424430 0.135775 0.097822
v 0.400248 0.204939 -0.001648
v 0.384150 0.197347 0.021137
v 0.391578 0.200596 0.033635
v 0.400248 0.204939 0.015954
v 0.433319 0.088871 0.096389
v 0.377905 0.194336 0.056467
v 0.384150 0.197347 0.091796
v 0.391578 0.200596 0.081027
v 0.388447 0.199086 0.057307
v 0.436821 0.039583 0.092921
v 0.423277 0.044402 0.076858
v 0.419834 0.044358 0.057970
v 0.423277 0.044402 0.039911
v 0.436821 0.039583 0.026674
v 0.434578 -0.009780 0.082049
v 0.434578 -0.009780 0.039851
v 0.430220 -0.036022 0.059165
v 0.430220 -0.036022 0.059165
v 0.400248 0.204939 0.099114
v 0.400248 0.204939 0.114581
v 0.167119 0.406909 0.145435
v 0.167953 0.408913 0.150740
v -0.400389 0.027790 0.074899
v -0.412927 0.028798 0.089219
v -0.412772 0.027975 0.029916
v -0.400389 0.027790 0.042255
v -0.396970 0.027833 0.058302
v -0.400389 0.027790 0.074899
v -0.104721 -0.374424 0.150741
v -0.106301 -0.373871 0.097822
v -0.400389 0.027790 0.042255
v -0.396970 0.027833 0.058302
v 0.005462 -0.390151 -0.719741
v 0.008274 -0.390115 -0.241358
v -0.059675 0.307710 0.145435
v -0.044214 0.260771 0.136804
v -0.018710 0.265605 0.136804
v -0.021495 0.314945 0.145435
v 0.039604 0.188166 0.136804
v 0.168348 0.038652 0.136804
v 0.131484 -0.066798 0.136804
v -0.015720 -0.119845 0.136804
v -0.062371 -0.103537 0.136804
v -0.144464 0.029669 0.136804
v -0.107600 0.135120 0.136804
vn -0.0000 -0.0000 -1.0000
vn 0.9600 -0.2792 -0.0199
vn 0.9969 -0.0767 -0.0186
vn 0.9671 -0.2441 -0.0719
vn -0.6316 0.4398 -0.6384
vn -0.4258 0.3760 -0.8230
vn -0.7321 0.3280 -0.5971
vn -0.0000 -0.0000 1.0000
vn 0.0419 0.9991 -0.0021
vn 0.0659 0.9978 -0.0064
vn -0.0142 0.9999 -0.0003
vn -0.0577 0.9983 -0.0020
vn -0.0709 0.9975 -0.0001
vn -0.1873 0.9823 -0.0003
vn -0.1862 0.9825 -0.0000
vn -0.1293 0.9916 -0.0002
vn 0.7186 0.6955 -0.0000
vn 0.6671 0.7450 -0.0020
vn 0.6769 0.7361 -0.0000
vn 0.7681 -0.0495 -0.6385
vn 0.7770 -0.1996 -0.5971
vn 0.5673 0.0288 -0.8230
vn 0.7944 0.6073 -0.0000
vn 0.8284 0.5601 -0.0001
vn 0.8358 0.5491 -0.0020
vn 0.6341 0.7733 -0.0003
vn 0.5701 0.8216 -0.0064
vn 0.5899 0.8075 -0.0020
vn 0.7570 0.6534 -0.0003
vn 0.7578 0.6525 -0.0000
vn 0.0331 0.9078 0.4181
vn 0.0302 0.7878 0.6152
vn 0.0284 0.7873 0.6159
vn 0.9984 -0.0561 -0.0000
vn 0.9984 -0.0574 -0.0007
vn 0.9982 -0.0595 -0.0001
vn 0.3787 0.9255 0.0043
vn 0.2493 0.8431 -0.4765
vn 0.0522 0.9986 0.0129
vn 0.0522 0.9986 0.0130
vn 0.2307 0.8294 0.5087
vn 0.0325 0.9095 -0.4144
vn 0.0270 0.7875 -0.6158
vn 0.0284 0.7873 -0.6159
vn 0.9984 -0.0574 0.0006
vn -0.0128 0.9999 -0.0000
vn 0.9981 -0.0611 0.0001
vn -0.0709 0.9975 -0.0000
vn 0.6769 0.7361 -0.0001
vn 0.6323 0.7748 -0.0000
vn 0.7218 0.6918 -0.0199
vn 0.5649 0.8250 -0.0186
vn 0.6950 0.7155 -0.0719
vn -0.6967 -0.3271 -0.6384
vn -0.5385 -0.1807 -0.8230
vn -0.6501 -0.4700 -0.5971
vn -0.8443 0.5358 -0.0021
vn -0.8312 0.5560 -0.0064
vn -0.8730 0.4877 -0.0003
vn -0.8934 0.4492 -0.0020
vn -0.8993 0.4374 -0.0001
vn -0.9444 0.3289 -0.0003
vn -0.9440 0.3300 -0.0000
vn -0.9234 0.3838 -0.0002
vn -0.2430 0.9700 -0.0000
vn -0.3116 0.9502 -0.0020
vn -0.2990 0.9542 -0.0000
vn 0.4269 0.6404 -0.6385
vn 0.5613 0.5731 -0.5971
vn 0.2587 0.5057 -0.8230
vn -0.9232 0.3843 -0.0000
vn -0.3526 0.9358 -0.0003
vn -0.4264 0.9045 -0.0064
vn -0.4044 0.9146 -0.0020
vn -0.7696 0.4826 0.4181
vn -0.6671 0.4201 0.6152
vn -0.6676 0.4183 0.6159
vn -0.7714 0.4829 -0.4144
vn -0.6685 0.4171 -0.6158
vn -0.6676 0.4183 -0.6159
vn 0.5478 0.8366 -0.0000
vn 0.5489 0.8359 -0.0007
vn 0.5507 0.8347 -0.0001
vn -0.6122 0.7907 0.0044
vn -0.6055 0.6375 -0.4765
vn -0.8387 0.5445 0.0129
vn -0.8387 0.5445 0.0130
vn -0.6030 0.6145 0.5087
vn 0.5489 0.8359 0.0006
vn -0.8723 0.4889 -0.0000
vn 0.5520 0.8339 0.0001
vn -0.8993 0.4374 -0.0000
vn -0.2990 0.9542 -0.0001
vn -0.3548 0.9349 -0.0000
vn -0.2382 0.9710 -0.0199
vn -0.4320 0.9017 -0.0186
vn -0.2721 0.9596 -0.0719
vn -0.0651 -0.7669 -0.6384
vn -0.1127 -0.5567 -0.8230
vn 0.0820 -0.7980 -0.5971
vn -0.8862 -0.4633 -0.0021
vn -0.8971 -0.4418 -0.0064
vn -0.8588 -0.5122 -0.0003
vn -0.8358 -0.5491 -0.0020
vn -0.8284 -0.5601 -0.0001
vn -0.7570 -0.6534 -0.0003
vn -0.7578 -0.6525 -0.0000
vn -0.7941 -0.6078 -0.0002
vn -0.9616 0.2746 -0.0000
vn -0.9787 0.2052 -0.0020
vn -0.9759 0.2182 -0.0000
vn -0.3412 0.6899 -0.6385
vn -0.2157 0.7726 -0.5971
vn -0.3086 0.4769 -0.8230
vn -0.7944 -0.6073 -0.0000
vn -0.9867 0.1625 -0.0003
vn -0.9965 0.0829 -0.0064
vn -0.9943 0.1066 -0.0017
vn -0.8039 -0.4266 0.4144
vn -0.8027 -0.4252 0.4181
vn -0.6960 -0.3690 0.6159
vn -0.6960 -0.3690 -0.6159
vn -0.8027 -0.4252 -0.4181
vn -0.8039 -0.4266 -0.4144
vn -0.6973 -0.3677 0.6152
vn -0.6955 -0.3703 -0.6158
vn -0.4506 0.8927 -0.0000
vn -0.4495 0.8933 -0.0007
vn -0.4475 0.8943 -0.0001
vn -0.9925 -0.1225 0.0043
vn -0.8513 -0.1892 -0.4894
vn -0.8909 -0.4541 0.0129
vn -0.9925 -0.1225 0.0044
vn -0.8909 -0.4541 0.0130
vn -0.8306 -0.1981 0.5204
vn -0.8596 -0.5110 -0.0000
vn -0.4495 0.8933 0.0006
vn -0.4462 0.8950 0.0001
vn -0.8284 -0.5601 -0.0000
vn -0.9759 0.2181 -0.0001
vn -0.9871 0.1602 -0.0000
vn -0.9600 0.2792 -0.0199
vn -0.9969 0.0767 -0.0186
vn -0.9671 0.2441 -0.0719
vn 0.6316 -0.4399 -0.6384
vn 0.4258 -0.3760 -0.8230
vn 0.7321 -0.3280 -0.5971
vn -0.0418 -0.9991 -0.0021
vn -0.0659 -0.9978 -0.0064
vn 0.0142 -0.9999 -0.0003
vn 0.0577 -0.9983 -0.0020
vn 0.0709 -0.9975 -0.0001
vn 0.1873 -0.9823 -0.0003
vn 0.1862 -0.9825 -0.0000
vn 0.1293 -0.9916 -0.0002
vn -0.7186 -0.6955 -0.0000
vn -0.6671 -0.7450 -0.0020
vn -0.6769 -0.7361 -0.0000
vn -0.7681 0.0495 -0.6384
vn -0.7770 0.1995 -0.5971
vn -0.5673 -0.0288 -0.8230
vn 0.1288 -0.9917 -0.0000
vn -0.6341 -0.7733 -0.0003
vn -0.5701 -0.8216 -0.0064
vn -0.5899 -0.8075 -0.0020
vn -0.0331 -0.9078 0.4181
vn -0.0302 -0.7878 0.6152
vn -0.0284 -0.7873 0.6159
vn -0.9984 0.0561 -0.0000
vn -0.9984 0.0574 -0.0007
vn -0.9982 0.0595 -0.0001
vn -0.0325 -0.9095 -0.4144
vn -0.0270 -0.7875 -0.6158
vn -0.0284 -0.7873 -0.6159
vn -0.3787 -0.9255 0.0044
vn -0.2493 -0.8431 -0.4765
vn -0.0522 -0.9986 0.0129
vn -0.0522 -0.9986 0.0130
vn -0.2307 -0.8294 0.5087
vn -0.9984 0.0574 0.0006
vn 0.0128 -0.9999 -0.0000
vn -0.9981 0.0611 0.0001
vn 0.0709 -0.9975 -0.0000
vn -0.6769 -0.7361 -0.0001
vn -0.6323 -0.7748 -0.0000
vn -0.7218 -0.6918 -0.0199
vn -0.5649 -0.8250 -0.0186
vn -0.6950 -0.7155 -0.0719
vn 0.6967 0.3271 -0.6384
vn 0.5385 0.1807 -0.8230
vn 0.6501 0.4700 -0.5971
vn 0.8443 -0.5359 -0.0021
vn 0.8312 -0.5560 -0.0064
vn 0.8730 -0.4877 -0.0003
vn 0.8934 -0.4492 -0.0020
vn 0.8993 -0.4374 -0.0001
vn 0.9436 -0.3311 -0.0003
vn 0.9440 -0.3300 -0.0000
vn 0.9232 -0.3843 -0.0000
vn 0.2430 -0.9700 -0.0000
vn 0.3116 -0.9502 -0.0020
vn 0.2990 -0.9542 -0.0000
vn -0.4269 -0.6404 -0.6385
vn -0.5613 -0.5731 -0.5971
vn -0.2587 -0.5057 -0.8230
vn 0.3526 -0.9358 -0.0003
vn 0.4264 -0.9045 -0.0064
vn 0.4043 -0.9146 -0.0020
vn 0.7696 -0.4826 0.4181
vn 0.6671 -0.4201 0.6152
vn 0.6676 -0.4183 0.6159
vn -0.5478 -0.8366 -0.0000
vn -0.5489 -0.8359 -0.0007
vn -0.5507 -0.8347 -0.0001
vn 0.6122 -0.7907 0.0044
vn 0.6055 -0.6375 -0.4765
vn 0.8387 -0.5445 0.0129
vn 0.8387 -0.5445 0.0130
vn 0.6029 -0.6145 0.5087
vn -0.5489 -0.8359 0.0006
vn 0.7714 -0.4829 -0.4144
vn 0.6684 -0.4171 -0.6158
vn 0.6676 -0.4183 -0.6159
vn 0.8723 -0.4889 -0.0000
vn -0.5520 -0.8339 0.0001
vn 0.8993 -0.4374 -0.0000
vn 0.2990 -0.9542 -0.0001
vn 0.3548 -0.9349 -0.0000
vn 0.2382 -0.9710 -0.0199
vn 0.4320 -0.9017 -0.0186
vn 0.2721 -0.9596 -0.0719
vn 0.0652 0.7670 -0.6384
vn 0.1127 0.5567 -0.8230
vn -0.0820 0.7980 -0.5971
vn 0.8862 0.4633 -0.0021
vn 0.8971 0.4418 -0.0064
vn 0.8588 0.5122 -0.0003
vn 0.7941 0.6078 -0.0002
vn 0.9616 -0.2746 -0.0000
vn 0.9787 -0.2052 -0.0020
vn 0.9759 -0.2182 -0.0000
vn 0.3412 -0.6899 -0.6385
vn 0.2157 -0.7726 -0.5971
vn 0.3086 -0.4769 -0.8230
vn 0.9867 -0.1625 -0.0003
vn 0.9965 -0.0829 -0.0064
vn 0.9942 -0.1071 -0.0020
vn 0.9614 -0.2751 -0.0002
vn 0.6960 0.3690 -0.6159
vn 0.8039 0.4266 -0.4144
vn 0.6955 0.3703 -0.6158
vn 0.8027 0.4252 0.4181
vn 0.6973 0.3677 0.6152
vn 0.6960 0.3690 0.6159
vn 0.4506 -0.8927 -0.0000
vn 0.4495 -0.8933 -0.0007
vn 0.4475 -0.8943 -0.0001
vn 0.9909 0.1348 0.0043
vn 0.8548 0.2056 -0.4764
vn 0.8909 0.4541 0.0129
vn 0.8909 0.4541 0.0130
vn 0.8337 0.2149 0.5087
vn 0.4495 -0.8933 0.0006
vn 0.8596 0.5110 -0.0000
vn 0.4462 -0.8950 0.0001
vn 0.8284 0.5601 -0.0000
vn 0.9759 -0.2181 -0.0001
vn 0.9871 -0.1602 -0.0000
vn -0.1288 0.9917 -0.0000
vn -0.9085 0.4116 -0.0719
vn -0.8276 0.5611 -0.0186
vn -0.9249 0.3797 -0.0199
vn -0.0978 0.9926 -0.0719
vn 0.0721 0.9972 -0.0186
vn -0.1336 0.9908 -0.0199
vn 0.8107 0.5810 -0.0719
vn 0.8997 0.4361 -0.0186
vn 0.7913 0.6111 -0.0199
vn 0.9085 -0.4116 -0.0719
vn 0.8276 -0.5611 -0.0186
vn 0.9249 -0.3797 -0.0199
vn 0.0978 -0.9926 -0.0719
vn -0.0721 -0.9972 -0.0186
vn 0.1336 -0.9908 -0.0199
vn -0.8107 -0.5810 -0.0719
vn -0.8997 -0.4361 -0.0186
vn -0.7913 -0.6111 -0.0199
vn 0.6955 0.3703 0.6158
vn 0.8039 0.4266 0.4144
vn 0.8027 0.4252 -0.4181
vn 0.6973 0.3677 -0.6152
vn 0.0302 0.7878 -0.6152
vn 0.0331 0.9078 -0.4181
vn 0.0270 0.7875 0.6158
vn 0.0325 0.9095 0.4144
vn -0.7714 0.4829 0.4144
vn -0.6671 0.4201 -0.6152
vn -0.7696 0.4826 -0.4181
vn -0.6685 0.4171 0.6158
vn -0.6973 -0.3677 -0.6152
vn -0.6955 -0.3703 0.6158
vn -0.0302 -0.7878 -0.6152
vn -0.0331 -0.9078 -0.4181
vn -0.0270 -0.7875 0.6158
vn -0.0325 -0.9095 0.4144
vn 0.6671 -0.4201 -0.6152
vn 0.7696 -0.4826 -0.4181
vn 0.7714 -0.4829 0.4144
vn 0.6685 -0.4171 0.6158
vn -0.9682 -0.2501 -0.0000
vn -0.7967 -0.6044 -0.0000
vn 0.6016 -0.7988 -0.0000
vn 0.2466 -0.9691 -0.0000
vn -0.8615 0.5078 -0.0000
vn -0.6016 0.7988 -0.0000
vn -0.6098 0.7926 -0.0000
vn -0.8673 0.4978 -0.0000
vn 0.0773 0.9970 0.0002
vn 0.0773 0.9970 -0.0008
vn 0.1548 0.9879 -0.0015
vn 0.1482 0.9890 0.0001
vn 0.3377 0.8543 -0.3952
vn 0.3805 0.9248 0.0035
vn 0.2729 0.9620 0.0007
vn 0.2453 0.8894 -0.3858
vn 0.3847 0.9230 0.0007
vn 0.3843 0.9232 -0.0000
vn 0.2746 0.9616 -0.0000
vn 0.5277 0.7788 -0.3392
vn 0.6712 0.6658 -0.3261
vn -0.1423 0.7563 -0.6386
vn -0.1045 0.5554 -0.8250
vn -0.2751 0.4942 -0.8247
vn -0.4209 0.6443 -0.6385
vn 0.1676 -0.8846 0.4353
vn 0.0638 -0.8981 0.4352
vn 0.1676 -0.8845 0.4353
vn -0.0272 -0.9001 0.4348
vn -0.0275 -0.9001 0.4348
vn -0.0158 -0.9092 0.4161
vn -0.0091 -0.9104 0.4136
vn -0.9902 0.1395 -0.0000
vn 0.1638 -0.0572 0.9848
vn -0.6045 -0.6925 0.3938
vn -0.6045 -0.6925 0.3939
vn -0.5541 -0.7210 0.4161
vn -0.5601 -0.7178 0.4136
vn -0.9106 0.3761 -0.1711
vn -0.8160 0.5499 -0.1782
vn -0.7761 0.5315 -0.3394
vn -0.8682 0.3741 -0.3260
vn 0.3195 0.8473 0.4242
vn 0.2423 0.8844 0.3989
vn -0.9967 -0.0555 -0.0594
vn -0.9984 -0.0557 -0.0056
vn -0.9438 0.3303 -0.0055
vn -0.9421 0.3302 -0.0594
vn -0.5464 0.8354 -0.0594
vn -0.5383 0.8233 -0.1801
vn -0.8303 0.5542 -0.0586
vn -0.6608 -0.7506 -0.0000
vn -0.3300 -0.9440 -0.0000
vn -0.1430 -0.9897 -0.0000
vn 0.7988 0.6016 -0.0000
vn 0.9682 0.2501 -0.0000
vn 0.9708 0.2400 -0.0000
vn 0.5078 0.8615 -0.0000
vn 0.8615 -0.5078 -0.0000
vn -0.9263 0.3725 -0.0562
vn -0.5142 0.7866 -0.3418
vn -0.1741 0.9235 -0.3418
vn 0.1619 0.9868 -0.0008
vn 0.1034 0.9946 -0.0000
vn 0.0458 0.9990 -0.0000
vn 0.0454 0.9990 -0.0000
vn 0.0728 0.9324 -0.3539
vn 0.1391 0.9251 -0.3533
vn 0.1388 0.9252 -0.3532
vn 0.0729 0.9324 -0.3539
vn -0.9698 -0.2438 -0.0001
vn -0.9305 -0.3664 -0.0000
vn -0.9329 -0.3602 -0.0015
vn -0.9700 -0.2430 -0.0000
vn 0.2570 0.9001 -0.3518
vn -0.1851 0.9809 -0.0594
vn -0.1823 0.9666 -0.1801
vn 0.9948 -0.0839 -0.0586
vn 0.9481 0.3123 -0.0594
vn 0.9496 0.3135 -0.0055
vn 0.1570 0.7534 -0.6386
vn 0.1917 0.9200 -0.3418
vn -0.9821 -0.0546 -0.1801
vn -0.9283 0.3254 -0.1801
vn -0.8868 0.3110 -0.3418
vn -0.9383 -0.0520 -0.3418
vn -0.4368 0.8996 -0.0008
vn -0.5060 0.8625 -0.0011
vn 0.4933 0.8698 -0.0000
vn 0.3860 0.9225 -0.0000
vn 0.4889 0.8723 -0.0000
vn 0.2479 0.7291 0.6379
vn 0.1961 0.7668 0.6112
vn 0.5607 0.8280 -0.0008
vn 0.5607 0.8280 0.0002
vn 0.5003 0.8658 0.0001
vn 0.4940 0.8695 -0.0011
vn 0.5821 0.5031 -0.6388
vn 0.7306 0.2414 -0.6387
vn 0.5241 0.2142 -0.8243
vn 0.4285 0.3684 -0.8250
vn 0.5995 0.8004 0.0005
vn 0.9902 -0.1395 -0.0000
vn 0.9885 -0.1510 -0.0000
vn 0.9567 -0.2857 -0.0562
vn 0.9466 -0.2732 -0.1711
vn 0.9809 -0.0783 -0.1783
vn -0.6822 -0.5875 0.4353
vn -0.6822 -0.5874 0.4353
vn -0.6094 -0.6627 0.4352
vn -0.5393 -0.7212 0.4348
vn -0.5396 -0.7210 0.4348
vn 0.9122 -0.2484 -0.3260
vn 0.9382 -0.0676 -0.3393
vn 0.8926 0.2940 -0.3418
vn 0.9343 0.3077 -0.1801
vn -0.2501 0.9682 -0.0000
vn 0.1251 -0.9921 -0.0000
vn 0.4952 -0.8688 -0.0000
vn 0.1395 0.9902 -0.0000
vn 0.4438 0.8778 -0.1801
vn 0.7459 0.6412 -0.1801
vn 0.7130 0.6124 -0.3416
vn 0.4240 0.8388 -0.3416
vn 0.5239 0.7747 -0.3539
vn 0.4679 0.8102 -0.3531
vn 0.4676 0.8103 -0.3533
vn 0.9702 0.2424 -0.0000
vn 0.9305 0.3662 0.0002
vn 0.9331 0.3597 -0.0014
vn 0.9700 0.2430 -0.0000
vn 0.3598 0.8642 -0.3518
vn 0.7570 0.6508 -0.0594
vn 0.7575 0.6528 -0.0055
vn -0.5478 0.8366 -0.0056
vn 0.5995 0.8004 -0.0006
vn 0.5869 0.8097 -0.0000
vn -0.6956 0.7184 -0.0009
vn -0.6932 0.7207 -0.0009
vn -0.7732 0.6341 -0.0009
vn -0.7736 0.6337 -0.0009
vn 0.9017 0.4324 -0.0007
vn 0.2759 0.9612 -0.0000
vn 0.3854 0.9228 0.0005
vn 0.7244 -0.5669 0.3923
vn 0.4531 -0.8005 0.3923
vn 0.4629 -0.7952 0.3918
vn 0.7176 -0.5758 0.3918
vn 0.4941 0.8694 0.0005
vn 0.2743 0.9616 -0.0009
vn 0.2776 0.9607 -0.0009
vn 0.0458 0.9989 -0.0000
vn 0.1625 0.9867 -0.0009
vn 0.1618 0.9868 -0.0000
vn 0.0360 0.9994 -0.0000
vn -0.9948 0.1018 0.0002
vn -0.9958 0.0911 -0.0068
vn -0.9953 0.0969 -0.0058
vn -0.9948 0.1018 -0.0003
vn 0.1525 0.8314 -0.5343
vn 0.1590 0.8147 -0.5577
vn 0.2030 0.9088 -0.3645
vn 0.2046 0.9118 -0.3559
vn 0.2046 0.9119 -0.3558
vn 0.2359 0.9718 0.0003
vn 0.2544 0.9671 0.0002
vn 0.2544 0.9671 0.0003
vn 0.2007 0.9063 0.3720
vn 0.2028 0.9099 0.3618
vn 0.2028 0.9099 0.3620
vn 0.1544 0.8075 0.5693
vn 0.1492 0.8260 0.5435
vn 0.2078 0.7803 -0.5899
vn 0.2831 0.7476 -0.6008
vn 0.3024 0.7031 -0.6436
vn 0.3918 0.8105 -0.4354
vn 0.4639 0.8859 0.0050
vn 0.3550 0.8068 0.4724
vn 0.2356 0.6761 0.6982
vn 0.1665 0.7506 -0.6395
vn 0.1168 0.7172 0.6870
vn -0.0218 0.9994 0.0273
vn -0.0219 0.9994 0.0272
vn -0.9963 0.0860 -0.0078
vn -0.9960 0.0896 0.0064
vn -0.9953 0.0964 0.0055
vn -0.0744 -0.9972 -0.0000
vn -0.8648 -0.5022 -0.0000
vn -0.8705 -0.4921 -0.0000
vn -0.9926 -0.1215 -0.0000
vn -0.9913 -0.1318 -0.0000
vn 0.7856 -0.6187 -0.0000
vn -0.5709 0.7196 -0.3952
vn -0.6106 0.7919 0.0035
vn -0.6967 0.7173 0.0007
vn -0.6476 0.6571 -0.3857
vn -0.6070 0.7947 0.0007
vn -0.6073 0.7944 -0.0000
vn -0.6955 0.7186 -0.0000
vn 0.1315 0.1132 0.9848
vn -0.4108 0.8464 -0.3388
vn -0.2410 0.9141 -0.3261
vn 0.9926 0.1215 -0.0000
vn 0.9626 -0.2710 -0.0000
vn -0.7824 0.6228 0.0001
vn -0.7782 0.6281 -0.0015
vn 0.8499 -0.2971 0.4353
vn 0.8097 -0.3938 0.4352
vn 0.7659 -0.4736 0.4348
vn 0.7658 -0.4739 0.4348
vn 0.7795 -0.4683 0.4161
vn 0.7839 -0.4631 0.4136
vn -0.6159 -0.7878 -0.0000
vn -0.7810 -0.6006 -0.1711
vn -0.8843 -0.4317 -0.1782
vn -0.8485 -0.4062 -0.3393
vn -0.7580 -0.5649 -0.3261
vn -0.5740 0.7004 0.4242
vn -0.6448 0.6520 0.3989
vn -0.7570 -0.6508 -0.0594
vn -0.7577 -0.6525 -0.0055
vn -0.9497 -0.3130 -0.0055
vn -0.9480 -0.3126 -0.0593
vn -0.8950 -0.4421 -0.0586
vn -0.1215 0.9926 -0.0000
vn 0.2676 0.9635 -0.0000
vn 0.2775 0.9607 -0.0000
vn -0.7878 0.6159 -0.0000
vn -0.4921 0.8705 -0.0000
vn -0.4504 -0.8928 -0.0000
vn 0.8705 0.4921 -0.0000
vn -0.7856 -0.6161 -0.0563
vn -0.7261 0.2549 -0.6386
vn -0.7684 -0.0424 -0.6385
vn -0.8097 0.5869 -0.0000
vn -0.8422 0.5391 -0.0000
vn -0.8424 0.5388 -0.0000
vn -0.7711 0.5293 -0.3540
vn -0.7316 0.5830 -0.3533
vn -0.7319 0.5826 -0.3536
vn -0.7711 0.5293 -0.3539
vn -0.6510 0.6726 -0.3518
vn -0.5658 0.0083 -0.8245
vn 0.5700 0.8195 -0.0586
vn 0.2036 0.9773 -0.0594
vn 0.2033 0.9791 -0.0055
vn -0.5740 0.5126 -0.6386
vn -0.7009 0.6260 -0.3418
vn -0.0648 -0.9962 -0.0586
vn 0.1406 -0.9885 -0.0562
vn -0.5066 0.8622 -0.0000
vn -0.6059 0.7955 -0.0000
vn -0.5110 0.8596 -0.0000
vn -0.5076 0.5792 0.6379
vn -0.5661 0.5533 0.6111
vn -0.4366 0.8997 0.0002
vn -0.4997 0.8662 0.0001
vn 0.0769 0.5607 -0.8245
vn -0.3938 0.9192 0.0003
vn 0.6250 0.7806 -0.0000
vn 0.6159 0.7878 -0.0000
vn 0.7258 0.6856 -0.0562
vn 0.7099 0.6832 -0.1711
vn 0.5583 0.8103 -0.1783
vn -0.1398 -0.9094 0.3918
vn -0.1288 -0.9108 0.3923
vn 0.2692 -0.8591 0.4352
vn 0.2692 -0.8592 0.4352
vn 0.3549 -0.8276 0.4348
vn 0.3546 -0.8278 0.4348
vn 0.3416 -0.8439 0.4136
vn 0.3474 -0.8403 0.4161
vn 0.2006 0.9630 -0.1801
vn -0.9635 0.2676 -0.0000
vn 0.7007 -0.7135 -0.0000
vn 0.3743 -0.9273 -0.0000
vn -0.4090 0.8411 -0.3539
vn -0.4677 0.8103 -0.3531
vn -0.4679 0.8101 -0.3533
vn -0.5685 0.7437 -0.3518
vn -0.1861 0.9825 -0.0055
vn -0.3934 0.9193 -0.0006
vn -0.4078 0.9131 -0.0000
vn -0.9700 -0.2432 -0.0009
vn -0.9708 -0.2399 -0.0010
vn -0.9358 -0.3526 -0.0009
vn -0.9355 -0.3532 -0.0008
vn -0.6944 0.7196 -0.0000
vn -0.6065 0.7951 0.0005
vn 0.8531 0.3439 0.3923
vn 0.9198 -0.0079 0.3923
vn 0.9201 0.0033 0.3918
vn 0.8575 0.3336 0.3917
vn -0.5059 0.8626 0.0005
vn -0.8422 0.5392 -0.0000
vn -0.7737 0.6335 -0.0000
vn -0.8475 0.5308 -0.0000
vn -0.5854 -0.8107 0.0002
vn -0.5768 -0.8169 -0.0069
vn -0.5816 -0.8135 -0.0059
vn -0.5856 -0.8106 -0.0003
vn -0.6438 0.5478 -0.5343
vn -0.6260 0.5451 -0.5577
vn -0.6855 0.6303 -0.3645
vn -0.6874 0.6331 -0.3559
vn -0.6874 0.6332 -0.3558
vn -0.7234 0.6904 0.0002
vn -0.7103 0.7039 0.0002
vn -0.7103 0.7039 0.0003
vn -0.6845 0.6269 0.3720
vn -0.6866 0.6306 0.3618
vn -0.6866 0.6305 0.3619
vn -0.6222 0.5374 0.5693
vn -0.6408 0.5422 0.5435
vn -0.5719 0.5701 -0.5898
vn -0.5717 -0.8205 0.0071
vn -0.5756 -0.8177 0.0064
vn -0.5812 -0.8138 0.0055
vn -0.5717 -0.8204 0.0071
vn -0.5059 0.6190 -0.6008
vn -0.4577 0.6134 -0.6436
vn -0.5060 0.7446 -0.4354
vn -0.5353 0.8447 0.0050
vn -0.5212 0.7108 0.4724
vn -0.4676 0.5421 0.6981
vn -0.5668 0.5195 -0.6395
vn -0.5627 0.4598 0.6870
vn -0.8764 0.4808 0.0273
vn -0.8765 0.4807 0.0272
vn -0.5726 -0.8198 -0.0078
vn 0.9218 -0.3878 -0.0000
vn 0.3910 0.9204 -0.0000
vn 0.7160 0.6981 -0.0000
vn 0.0025 -1.0000 -0.0000
vn -0.0091 -1.0000 -0.0000
vn -0.2040 -0.9790 -0.0000
vn -1.0000 -0.0070 -0.0007
vn -1.0000 -0.0076 0.0016
vn -0.9932 0.1166 0.0011
vn -0.8248 0.5655 -0.0008
vn -0.9036 -0.1493 -0.4014
vn -0.9898 -0.1423 0.0037
vn -0.9696 -0.2446 0.0004
vn -0.8929 -0.2323 -0.3857
vn -0.9917 -0.1284 0.0005
vn -0.9916 -0.1290 -0.0000
vn -0.0323 0.1704 0.9848
vn -0.9384 0.0675 -0.3389
vn -0.9121 0.2484 -0.3261
vn -0.2466 0.9691 -0.0000
vn 0.1430 0.9897 -0.0000
vn 0.6822 0.5875 0.4353
vn 0.7459 0.5043 0.4352
vn 0.7931 0.4265 0.4348
vn 0.7933 0.4262 0.4348
vn 0.7953 0.4409 0.4161
vn 0.7930 0.4473 0.4136
vn -0.9350 0.0024 -0.3547
vn -0.9351 -0.0010 -0.3545
vn -0.9328 0.0668 -0.3542
vn -0.9992 -0.0385 0.0042
vn -0.8699 -0.0947 0.4840
vn -0.8883 -0.1628 0.4295
vn 0.1296 -0.9767 -0.1711
vn -0.0680 -0.9816 -0.1784
vn -0.0724 -0.9379 -0.3392
vn 0.1101 -0.9389 -0.3260
vn -0.8871 -0.2324 0.3989
vn 0.8303 -0.5542 -0.0586
vn 0.9263 -0.3726 -0.0561
vn -0.4503 -0.8909 -0.0594
vn -0.4438 -0.8778 -0.1801
vn 1.0000 -0.0055 -0.0000
vn -0.9204 0.3910 -0.0000
vn -0.7007 0.7135 -0.0000
vn -0.6932 0.7207 -0.0000
vn -0.9273 -0.3743 -0.0000
vn -1.0000 0.0091 -0.0000
vn -0.1395 -0.9902 -0.0000
vn -0.4241 -0.8386 -0.3418
vn -0.7127 -0.6125 -0.3418
vn -0.5838 -0.5014 -0.6386
vn -0.3475 -0.6867 -0.6385
vn -0.9131 -0.4078 -0.0000
vn -0.8880 -0.4598 -0.0000
vn -0.8878 -0.4602 -0.0000
vn -0.7459 -0.6412 -0.1801
vn -0.2902 -0.4856 -0.8246
vn -0.4248 0.9034 -0.0585
vn -0.7445 0.6650 -0.0594
vn -0.7460 0.6659 -0.0055
vn -0.7309 -0.2408 -0.6386
vn -0.8926 -0.2940 -0.3418
vn -0.9931 0.1175 -0.0006
vn -0.9946 0.1034 -0.0000
vn -0.7504 -0.1687 0.6391
vn -0.7622 -0.2136 0.6111
vn -0.9974 0.0718 -0.0008
vn -0.9974 0.0719 0.0003
vn -1.0000 0.0004 0.0002
vn -0.9026 -0.4304 -0.0009
vn -0.4506 -0.8927 -0.0056
vn -0.4471 0.3470 -0.8245
vn -0.5329 0.1878 -0.8251
vn 0.9286 0.3710 -0.0000
vn -0.2308 0.9714 -0.0562
vn -0.2368 0.9564 -0.1711
vn -0.4227 0.8886 -0.1783
vn 0.8787 -0.1964 0.4352
vn 0.8942 -0.1064 0.4348
vn 0.8942 -0.1068 0.4348
vn 0.9017 -0.1261 0.4136
vn 0.9014 -0.1194 0.4161
vn 0.0091 1.0000 -0.0000
vn -0.8703 -0.3416 -0.3547
vn -0.9071 -0.2295 -0.3530
vn -0.9072 -0.2294 -0.3526
vn -0.8690 -0.3447 -0.3549
vn -0.7336 0.6552 -0.1801
vn -0.7135 -0.7007 -0.0000
vn -0.5631 -0.8264 -0.0000
vn -0.3635 0.9316 -0.0000
vn -0.3743 0.9273 -0.0000
vn -0.8912 -0.0648 -0.4489
vn -0.9992 -0.0385 0.0041
vn -0.8448 -0.4008 -0.3544
vn -0.8698 -0.0947 0.4842
vn -0.6986 -0.1361 0.7025
vn -0.9917 -0.1287 -0.0001
vn -0.9999 -0.0128 -0.0001
vn -1.0000 -0.0074 -0.0001
vn -0.9921 -0.1255 -0.0000
vn -0.8248 0.5654 0.0002
vn -0.9704 -0.2416 -0.0000
vn -0.9920 -0.1260 0.0012
vn 0.3055 0.8739 0.3781
vn 0.4667 0.7926 0.3923
vn 0.4572 0.7984 0.3918
vn -0.9355 -0.3533 -0.0000
vn -0.8834 -0.4685 -0.0000
vn -0.7963 -0.2836 -0.5343
vn -0.7851 -0.2696 -0.5577
vn -0.8885 -0.2786 -0.3645
vn -0.8920 -0.2787 -0.3559
vn -0.8920 -0.2787 -0.3558
vn -0.9596 -0.2813 0.0002
vn -0.9647 -0.2632 0.0002
vn -0.9647 -0.2632 0.0003
vn -0.8852 -0.2793 0.3720
vn -0.8894 -0.2793 0.3618
vn -0.8894 -0.2793 0.3619
vn -0.7765 -0.2701 0.5693
vn -0.7900 -0.2838 0.5435
vn -0.7797 -0.2102 -0.5899
vn 0.4247 -0.9053 0.0071
vn 0.4203 -0.9074 0.0064
vn 0.4142 -0.9102 0.0055
vn -0.7826 -0.1492 -0.6044
vn -0.9279 -0.1200 -0.3529
vn -0.9280 -0.1202 -0.3526
vn 0.4093 -0.9124 0.0002
vn 0.4093 -0.9124 -0.0003
vn -0.4940 -0.8694 -0.0011
vn -0.5607 -0.8280 -0.0008
vn -0.7269 -0.2109 -0.6536
vn -0.8546 -0.5186 0.0273
vn -0.6756 -0.2374 0.6980
vn -0.8545 -0.5187 0.0272
vn 0.4190 -0.9080 -0.0069
vn 0.4137 -0.9104 -0.0058
vn 0.4236 -0.9058 -0.0078
vn 0.7967 0.6044 -0.0000
vn 0.8673 -0.4978 -0.0000
vn 0.6098 -0.7926 -0.0000
vn -0.7988 -0.6016 -0.0000
vn -0.9708 -0.2400 -0.0000
vn 0.4368 -0.8996 -0.0008
vn 0.4367 -0.8996 0.0002
vn 0.4998 -0.8661 0.0001
vn 0.5060 -0.8625 -0.0011
vn 0.5541 0.7210 0.4161
vn 0.5601 0.7178 0.4136
vn -0.3377 -0.8543 -0.3952
vn -0.3805 -0.9248 0.0036
vn -0.2729 -0.9620 0.0006
vn -0.2453 -0.8894 -0.3857
vn -0.3845 -0.9231 0.0005
vn -0.3843 -0.9232 -0.0000
vn -0.1638 0.0572 0.9848
vn -0.5277 -0.7789 -0.3389
vn -0.6712 -0.6658 -0.3261
vn 0.1443 -0.7559 -0.6386
vn 0.1047 -0.5553 -0.8250
vn 0.2758 -0.4936 -0.8248
vn 0.4217 -0.6437 -0.6386
vn -0.2182 -0.9759 -0.0000
vn -0.1482 -0.9890 0.0001
vn -0.1548 -0.9879 -0.0015
vn -0.1676 0.8846 0.4353
vn -0.0638 0.8981 0.4352
vn -0.1676 0.8845 0.4353
vn 0.0272 0.9001 0.4348
vn 0.0275 0.9001 0.4348
vn 0.0158 0.9092 0.4161
vn 0.0091 0.9104 0.4136
vn 0.5048 0.8633 -0.0000
vn 0.9106 -0.3762 -0.1711
vn 0.8159 -0.5500 -0.1782
vn 0.7760 -0.5316 -0.3393
vn 0.8682 -0.3740 -0.3261
vn -0.3195 -0.8473 0.4242
vn -0.2423 -0.8844 0.3989
vn 0.8951 0.4420 -0.0586
vn 0.7858 0.6159 -0.0562
vn 0.5469 -0.8351 -0.0595
vn 0.5385 -0.8232 -0.1799
vn -0.6661 -0.7458 -0.0000
vn -0.9885 0.1510 -0.0000
vn 0.5150 -0.7861 -0.3418
vn 0.1759 -0.9232 -0.3418
vn -0.1620 -0.9868 -0.0009
vn -0.1034 -0.9946 -0.0000
vn -0.0458 -0.9990 -0.0000
vn -0.0454 -0.9990 -0.0000
vn -0.0729 -0.9324 -0.3539
vn -0.1391 -0.9251 -0.3533
vn -0.1387 -0.9251 -0.3534
vn -0.2570 -0.9001 -0.3518
vn 0.1869 -0.9806 -0.0594
vn 0.1822 -0.9667 -0.1799
vn -0.9948 0.0839 -0.0586
vn -0.1561 -0.7536 -0.6386
vn -0.1909 -0.9201 -0.3420
vn 0.9821 0.0554 -0.1801
vn 0.9288 -0.3238 -0.1801
vn 0.8875 -0.3092 -0.3418
vn 0.9383 0.0530 -0.3418
vn -0.4933 -0.8698 -0.0000
vn -0.3860 -0.9225 -0.0000
vn -0.4889 -0.8723 -0.0000
vn -0.2479 -0.7291 0.6379
vn -0.1962 -0.7669 0.6111
vn 0.5478 -0.8366 -0.0056
vn 0.1871 -0.9823 -0.0055
vn -0.5240 -0.2137 -0.8245
vn -0.4291 -0.3676 -0.8251
vn -0.5995 -0.8004 0.0005
vn -0.9567 0.2857 -0.0561
vn -0.9466 0.2732 -0.1711
vn -0.9808 0.0784 -0.1783
vn -0.5003 -0.8659 0.0001
vn 0.6094 0.6627 0.4352
vn 0.5393 0.7212 0.4348
vn 0.5396 0.7210 0.4348
vn -0.9343 -0.3077 -0.1801
vn 0.2501 -0.9682 -0.0000
vn -0.5239 -0.7747 -0.3539
vn -0.4679 -0.8102 -0.3532
vn -0.4676 -0.8102 -0.3534
vn -0.3598 -0.8642 -0.3518
vn -0.0414 0.9182 0.3939
vn -0.2029 -0.9774 -0.0592
vn -0.2033 -0.9791 -0.0056
vn -0.5995 -0.8004 -0.0006
vn -0.5869 -0.8097 -0.0000
vn 0.6956 -0.7184 -0.0009
vn 0.6932 -0.7208 -0.0010
vn 0.7732 -0.6341 -0.0009
vn 0.7736 -0.6336 -0.0008
vn -0.5607 -0.8280 0.0002
vn -0.9027 -0.4303 0.0001
vn -0.3854 -0.9228 0.0005
vn -0.7244 0.5669 0.3923
vn -0.4531 0.8005 0.3923
vn -0.4629 0.7952 0.3918
vn -0.7176 0.5758 0.3918
vn -0.4940 -0.8695 0.0004
vn -0.1625 -0.9867 -0.0009
vn -0.1618 -0.9868 -0.0000
vn -0.0360 -0.9994 -0.0000
vn 0.9963 -0.0860 -0.0077
vn 0.9953 -0.0969 -0.0058
vn 0.9958 -0.0911 -0.0068
vn 0.9963 -0.0860 -0.0078
vn -0.1525 -0.8314 -0.5343
vn -0.1590 -0.8147 -0.5577
vn -0.2030 -0.9088 -0.3645
vn -0.2046 -0.9118 -0.3559
vn -0.2046 -0.9119 -0.3558
vn -0.2357 -0.9718 0.0003
vn -0.2544 -0.9671 0.0002
vn -0.2544 -0.9671 0.0003
vn -0.2007 -0.9063 0.3720
vn -0.2028 -0.9099 0.3618
vn -0.2028 -0.9099 0.3620
vn -0.1543 -0.8075 0.5693
vn -0.1492 -0.8260 0.5435
vn -0.2078 -0.7803 -0.5899
vn 0.9964 -0.0849 0.0071
vn 0.9960 -0.0897 0.0064
vn 0.9953 -0.0964 0.0055
vn -0.2831 -0.7476 -0.6008
vn 0.9948 -0.1016 0.0002
vn 0.9948 -0.1017 -0.0002
vn -0.3024 -0.7030 -0.6437
vn -0.3918 -0.8105 -0.4354
vn -0.4639 -0.8859 0.0050
vn -0.3550 -0.8068 0.4724
vn -0.2357 -0.6761 0.6982
vn -0.1665 -0.7506 -0.6395
vn -0.1168 -0.7172 0.6870
vn 0.0218 -0.9994 0.0273
vn 0.0219 -0.9994 0.0272
vn -0.1251 0.9921 -0.0000
vn 0.7268 -0.2530 -0.6386
vn 0.5338 -0.1856 -0.8250
vn 0.5659 -0.0071 -0.8245
vn 0.7683 0.0434 -0.6386
vn -1.0000 0.0055 -0.0000
vn -0.9286 -0.3710 -0.0000
vn 0.1215 -0.9926 -0.0000
vn 0.8248 -0.5654 0.0002
vn 0.8248 -0.5655 -0.0008
vn 0.7782 -0.6280 -0.0015
vn 0.7823 -0.6229 0.0001
vn -0.9626 0.2710 -0.0000
vn -0.7856 0.6187 -0.0000
vn 0.5709 -0.7196 -0.3952
vn 0.6106 -0.7919 0.0036
vn 0.6966 -0.7174 0.0005
vn 0.6476 -0.6571 -0.3857
vn 0.6070 -0.7947 0.0007
vn 0.6073 -0.7944 -0.0000
vn 0.6955 -0.7186 -0.0000
vn 0.4106 -0.8464 -0.3391
vn 0.2410 -0.9141 -0.3260
vn 0.8648 0.5022 -0.0000
vn 0.9913 0.1318 -0.0000
vn -0.8499 0.2971 0.4353
vn -0.8097 0.3938 0.4352
vn -0.7659 0.4736 0.4348
vn -0.7658 0.4739 0.4348
vn -0.7795 0.4683 0.4161
vn -0.7839 0.4631 0.4136
vn -0.4952 0.8688 -0.0000
vn 0.7811 0.6005 -0.1711
vn 0.8843 0.4317 -0.1782
vn 0.8484 0.4063 -0.3393
vn 0.7580 0.5649 -0.3261
vn 0.5740 -0.7004 0.4242
vn 0.6448 -0.6520 0.3989
vn 0.0647 0.9962 -0.0586
vn -0.1405 0.9885 -0.0562
vn 0.9967 0.0563 -0.0594
vn 0.7878 -0.6159 -0.0000
vn 0.4921 -0.8705 -0.0000
vn 0.7711 -0.5293 -0.3539
vn 0.7316 -0.5830 -0.3533
vn 0.7319 -0.5828 -0.3532
vn 0.7711 -0.5293 -0.3540
vn 0.6510 -0.6726 -0.3518
vn 0.9426 -0.3287 -0.0593
vn -0.5700 -0.8195 -0.0586
vn 0.5746 -0.5119 -0.6386
vn 0.7015 -0.6253 -0.3418
vn 0.5066 -0.8622 -0.0000
vn 0.6059 -0.7955 -0.0000
vn 0.5110 -0.8596 -0.0000
vn 0.8424 -0.5388 -0.0000
vn 0.8422 -0.5392 -0.0000
vn 0.8097 -0.5869 -0.0000
vn 0.5075 -0.5793 0.6379
vn 0.5660 -0.5533 0.6111
vn 0.9974 -0.0715 -0.0008
vn 1.0000 0.0069 -0.0011
vn 0.9984 0.0561 -0.0056
vn 0.9441 -0.3296 -0.0056
vn -0.0766 -0.5610 -0.8242
vn 0.9635 -0.2676 -0.0000
vn 0.3938 -0.9192 0.0003
vn -0.7258 -0.6857 -0.0561
vn -0.7098 -0.6833 -0.1711
vn -0.5583 -0.8103 -0.1783
vn -0.2692 0.8591 0.4352
vn -0.2692 0.8592 0.4352
vn -0.3549 0.8276 0.4348
vn -0.3546 0.8278 0.4348
vn -0.3416 0.8439 0.4136
vn -0.3474 0.8403 0.4161
vn -0.1315 -0.1132 0.9848
vn -0.6250 -0.7806 -0.0000
vn -0.2002 -0.9631 -0.1801
vn 0.4090 -0.8411 -0.3539
vn 0.4676 -0.8103 -0.3533
vn 0.4679 -0.8101 -0.3534
vn 0.5685 -0.7437 -0.3518
vn 0.7450 -0.6644 -0.0594
vn 0.7463 -0.6656 -0.0056
vn 0.3934 -0.9193 -0.0006
vn 0.4078 -0.9131 -0.0000
vn 0.9700 0.2432 -0.0009
vn 0.9708 0.2400 -0.0009
vn 0.9358 0.3526 -0.0009
vn 0.9356 0.3532 -0.0008
vn 0.6944 -0.7196 -0.0000
vn 0.6065 -0.7951 0.0005
vn -0.8531 -0.3439 0.3923
vn -0.9198 0.0079 0.3923
vn -0.9201 -0.0033 0.3918
vn -0.8575 -0.3336 0.3918
vn 0.5057 -0.8627 0.0006
vn 0.7737 -0.6335 -0.0000
vn 0.8475 -0.5308 -0.0000
vn 0.5854 0.8107 0.0002
vn 0.5768 0.8168 -0.0069
vn 0.5816 0.8135 -0.0058
vn 0.5856 0.8106 -0.0003
vn 0.6438 -0.5478 -0.5343
vn 0.6260 -0.5451 -0.5577
vn 0.6855 -0.6303 -0.3645
vn 0.6874 -0.6331 -0.3559
vn 0.6874 -0.6332 -0.3558
vn 0.7234 -0.6904 0.0002
vn 0.7103 -0.7039 0.0002
vn 0.7103 -0.7039 0.0003
vn 0.6845 -0.6269 0.3720
vn 0.6866 -0.6306 0.3618
vn 0.6866 -0.6305 0.3619
vn 0.6221 -0.5374 0.5693
vn 0.6408 -0.5423 0.5435
vn 0.5719 -0.5701 -0.5899
vn 0.5717 0.8204 0.0071
vn 0.5756 0.8177 0.0064
vn 0.5811 0.8138 0.0055
vn 0.5059 -0.6190 -0.6008
vn 0.4577 -0.6134 -0.6437
vn 0.5060 -0.7446 -0.4354
vn 0.5353 -0.8447 0.0050
vn 0.5212 -0.7108 0.4724
vn 0.4677 -0.5421 0.6982
vn 0.5668 -0.5195 -0.6395
vn 0.5627 -0.4598 0.6870
vn 0.8764 -0.4808 0.0273
vn 0.8765 -0.4807 0.0272
vn 0.5726 0.8198 -0.0077
vn 0.5726 0.8198 -0.0078
vn -0.9218 0.3878 -0.0000
vn -0.7160 -0.6981 -0.0000
vn -0.0025 1.0000 -0.0000
vn 0.3815 0.9244 -0.0000
vn 0.9946 -0.1037 -0.0002
vn 0.9929 -0.1189 -0.0006
vn 1.0000 0.0077 -0.0000
vn 0.9999 0.0128 -0.0000
vn 0.9087 0.1347 -0.3952
vn 0.9911 0.1328 0.0035
vn 0.9696 0.2447 0.0007
vn 0.8929 0.2323 -0.3857
vn 0.9917 0.1287 0.0004
vn 0.9917 0.1288 -0.0000
vn 0.2894 0.4859 -0.8247
vn 0.3466 0.6871 -0.6386
vn -0.7459 -0.5043 0.4352
vn -0.7931 -0.4265 0.4348
vn -0.7933 -0.4262 0.4348
vn -0.7953 -0.4409 0.4161
vn -0.7930 -0.4473 0.4136
vn 0.8707 0.3410 -0.3545
vn 0.9077 0.2270 -0.3530
vn 0.9075 0.2271 -0.3533
vn 0.8693 0.3441 -0.3548
vn -0.1295 0.9767 -0.1711
vn 0.0683 0.9816 -0.1782
vn 0.0724 0.9379 -0.3393
vn -0.1102 0.9389 -0.3261
vn 0.8936 0.1469 0.4242
vn 0.8871 0.2324 0.3989
vn 0.4503 0.8909 -0.0594
vn 0.9204 -0.3910 -0.0000
vn 0.6932 -0.7207 -0.0000
vn 0.9273 0.3743 -0.0000
vn 1.0000 -0.0091 -0.0000
vn 0.9131 0.4078 -0.0000
vn 0.8880 0.4598 -0.0000
vn 0.8878 0.4602 -0.0000
vn 0.9016 0.4327 0.0003
vn 0.8431 0.4046 -0.3543
vn 0.8431 0.4046 -0.3542
vn 0.4247 -0.9034 -0.0586
vn 0.9919 0.1269 -0.0000
vn 0.7554 0.1500 0.6379
vn 0.7622 0.2136 0.6111
vn 0.9974 -0.0716 0.0002
vn 1.0000 -0.0002 0.0001
vn 0.7135 0.7007 -0.0000
vn 0.9929 -0.1187 0.0004
vn 0.2308 -0.9714 -0.0562
vn 0.2368 -0.9564 -0.1711
vn 0.4227 -0.8886 -0.1782
vn -0.8787 0.1964 0.4352
vn -0.8942 0.1064 0.4348
vn -0.8942 0.1068 0.4348
vn -0.9017 0.1261 0.4136
vn -0.9014 0.1194 0.4161
vn 0.3635 -0.9316 -0.0000
vn 0.7342 -0.6546 -0.1801
vn 0.4478 -0.3454 -0.8247
vn 0.9329 -0.0664 -0.3540
vn 0.9355 -0.0001 -0.3532
vn 0.9355 0.0002 -0.3533
vn 0.9283 0.1205 -0.3518
vn 0.4506 0.8927 -0.0056
vn 0.9704 0.2416 -0.0000
vn 0.9918 0.1277 0.0005
vn -0.7501 -0.0909 -0.6550
vn -0.8911 -0.0648 -0.4491
vn 1.0000 0.0067 0.0006
vn 0.9355 0.3533 -0.0000
vn 0.8834 0.4685 -0.0000
vn -0.9964 0.0849 0.0071
vn 0.7963 0.2836 -0.5343
vn 0.7851 0.2696 -0.5577
vn 0.8885 0.2786 -0.3645
vn 0.8920 0.2787 -0.3559
vn 0.8920 0.2787 -0.3558
vn 0.9596 0.2813 0.0002
vn 0.9647 0.2632 0.0002
vn 0.9647 0.2632 0.0003
vn 0.8852 0.2793 0.3720
vn 0.8894 0.2793 0.3618
vn 0.8894 0.2793 0.3619
vn 0.7765 0.2701 0.5693
vn 0.7900 0.2838 0.5435
vn 0.7797 0.2102 -0.5899
vn -0.4247 0.9053 0.0071
vn -0.4203 0.9073 0.0064
vn -0.4142 0.9102 0.0055
vn 0.7890 0.1286 -0.6008
vn -0.4094 0.9123 0.0002
vn -0.4190 0.9080 -0.0069
vn -0.4137 0.9104 -0.0059
vn -0.4093 0.9124 -0.0003
vn 0.7600 0.0897 -0.6437
vn 0.8978 0.0660 -0.4354
vn 0.9991 0.0412 0.0050
vn 0.8762 0.0960 0.4724
vn 0.7033 0.1339 0.6982
vn 0.7332 0.2311 -0.6395
vn 0.6795 0.2574 0.6870
vn 0.8546 0.5186 0.0273
vn 0.8545 0.5187 0.0272
vn -0.4237 0.9058 -0.0077
vn -0.4236 0.9058 -0.0078
vn -0.3055 -0.8739 0.3781
vn -0.6986 -0.1360 0.7025
vn -0.9993 -0.0385 0.0041
vn -0.8912 -0.0648 -0.4490
vn -0.2200 -0.9755 -0.0018
vn -0.2201 -0.9755 -0.0019
vn -0.8699 -0.0947 0.4841
vn -0.9992 -0.0385 0.0043
vn -0.0772 -0.9970 0.0002
vn -0.0773 -0.9970 -0.0008
vn 0.0323 -0.1704 0.9848
vt 0.073035 0.868854
vt 0.083763 0.871661
vt 0.083763 0.866027
vt 0.217996 0.109939
vt 0.214032 0.104302
vt 0.214075 0.108497
vt 0.821935 0.090006
vt 0.825515 0.091727
vt 0.823048 0.087702
vt 0.098349 0.634210
vt 0.104337 0.635808
vt 0.105269 0.632356
vt 0.085027 0.913975
vt 0.081544 0.905519
vt 0.078583 0.907509
vt 0.571865 0.790000
vt 0.589678 0.786584
vt 0.582923 0.784797
vt 0.578744 0.782646
vt 0.571866 0.782838
vt 0.575572 0.775653
vt 0.571866 0.775674
vt 0.575815 0.777072
vt 0.576699 0.836671
vt 0.578756 0.833167
vt 0.571877 0.832978
vt 0.098857 0.913560
vt 0.106652 0.905672
vt 0.101773 0.902855
vt 0.308982 0.099419
vt 0.310123 0.101713
vt 0.312547 0.097654
vt 0.071342 0.887848
vt 0.065760 0.880604
vt 0.068138 0.889417
vt 0.532770 0.472359
vt 0.525849 0.470504
vt 0.526781 0.473956
vt 0.576702 0.843608
vt 0.571884 0.847305
vt 0.578761 0.847110
vt 0.510949 0.459938
vt 0.513766 0.475477
vt 0.516582 0.459938
vt 0.582933 0.831014
vt 0.589688 0.829224
vt 0.571873 0.825816
vt 0.575587 0.840120
vt 0.575829 0.838741
vt 0.571881 0.840142
vt 0.993827 0.932185
vt 0.993949 0.927995
vt 0.990027 0.927573
vt 0.218132 0.717080
vt 0.215436 0.720529
vt 0.218132 0.725352
vt 0.156361 0.015256
vt 0.156233 0.013685
vt 0.154566 0.015262
vt 0.156276 0.016753
vt 0.986938 0.942625
vt 0.986992 0.947002
vt 0.990027 0.947237
vt 0.215436 0.730773
vt 0.218132 0.734222
vt 0.556314 0.786970
vt 0.565186 0.786964
vt 0.214431 0.725651
vt 0.542942 0.782843
vt 0.548039 0.786967
vt 0.542959 0.832991
vt 0.556234 0.829678
vt 0.730999 0.112429
vt 0.727044 0.106781
vt 0.727056 0.110981
vt 0.414945 0.087547
vt 0.418525 0.089274
vt 0.416062 0.085243
vt 0.005077 0.926757
vt 0.003480 0.932746
vt 0.006932 0.933678
vt 0.070935 0.234446
vt 0.065301 0.234446
vt 0.068118 0.249986
vt 0.065760 0.857085
vt 0.071342 0.849840
vt 0.068138 0.848271
vt 0.571865 0.725522
vt 0.589682 0.722110
vt 0.582926 0.720321
vt 0.578748 0.718168
vt 0.571868 0.718359
vt 0.575577 0.711173
vt 0.571870 0.711193
vt 0.575819 0.712593
vt 0.576685 0.772204
vt 0.578744 0.768700
vt 0.571864 0.768509
vt 0.150484 0.913550
vt 0.147551 0.902855
vt 0.142672 0.905672
vt 0.822012 0.101879
vt 0.823155 0.104173
vt 0.825575 0.100109
vt 0.114536 0.621789
vt 0.117353 0.637329
vt 0.120170 0.621789
vt 0.081544 0.832170
vt 0.085027 0.823713
vt 0.078583 0.830180
vt 0.136357 0.634210
vt 0.129436 0.632356
vt 0.130368 0.635808
vt 0.576690 0.714664
vt 0.105395 0.811954
vt 0.114460 0.813166
vt 0.114064 0.809645
vt 0.582922 0.766548
vt 0.589679 0.764759
vt 0.571862 0.761345
vt 0.575814 0.774274
vt 0.992260 0.958005
vt 0.992382 0.953815
vt 0.988461 0.953393
vt 0.985371 0.968444
vt 0.985425 0.972821
vt 0.988461 0.973057
vt 0.023146 0.922149
vt 0.020450 0.925598
vt 0.023146 0.930422
vt 0.891669 0.063788
vt 0.891782 0.065361
vt 0.893465 0.063800
vt 0.891768 0.062291
vt 0.020450 0.935842
vt 0.023146 0.939291
vt 0.556312 0.722486
vt 0.565185 0.722483
vt 0.019445 0.930720
vt 0.542938 0.718355
vt 0.548035 0.722481
vt 0.542940 0.768512
vt 0.556219 0.765203
vt 0.150467 0.824129
vt 0.142672 0.832016
vt 0.147551 0.834833
vt 0.324017 0.109939
vt 0.320053 0.104302
vt 0.320096 0.108497
vt 0.134864 0.813166
vt 0.143929 0.811954
vt 0.135246 0.809671
vt 0.096895 0.087516
vt 0.100475 0.089237
vt 0.098008 0.085213
vt 0.109027 0.994923
vt 0.115016 0.996520
vt 0.115948 0.993068
vt 0.571884 0.661032
vt 0.589706 0.657625
vt 0.582949 0.655834
vt 0.578771 0.653679
vt 0.571890 0.653868
vt 0.575602 0.646682
vt 0.571894 0.646700
vt 0.575844 0.648102
vt 0.576691 0.707724
vt 0.578751 0.704220
vt 0.571870 0.704026
vt 0.415004 0.099422
vt 0.416143 0.101716
vt 0.418568 0.097659
vt 0.005077 0.964765
vt 0.006932 0.957845
vt 0.003480 0.958777
vt 0.576714 0.650173
vt 0.106652 0.832016
vt 0.098857 0.824129
vt 0.101773 0.834833
vt 0.582931 0.702068
vt 0.589690 0.700282
vt 0.571870 0.696861
vt 0.575820 0.709794
vt 0.917207 0.328317
vt 0.924097 0.328317
vt 0.920297 0.323705
vt 0.920297 0.343369
vt 0.924097 0.338757
vt 0.917207 0.338757
vt 0.924218 0.324128
vt 0.917262 0.343134
vt 0.351990 0.777695
vt 0.349294 0.781144
vt 0.351990 0.785967
vt 0.957667 0.641063
vt 0.956129 0.641153
vt 0.957636 0.642819
vt 0.959128 0.641173
vt 0.556329 0.657991
vt 0.565205 0.657990
vt 0.349294 0.791388
vt 0.351990 0.794837
vt 0.348289 0.786266
vt 0.542954 0.653854
vt 0.548051 0.657983
vt 0.542940 0.704021
vt 0.556223 0.700715
vt 0.005959 0.109939
vt 0.002005 0.104291
vt 0.002016 0.108491
vt 0.908165 0.204256
vt 0.906445 0.207836
vt 0.910468 0.205369
vt 0.049114 0.246867
vt 0.055103 0.248465
vt 0.056035 0.245013
vt 0.571985 0.983361
vt 0.589788 0.979922
vt 0.583032 0.978145
vt 0.578853 0.976001
vt 0.571978 0.976201
vt 0.575675 0.969016
vt 0.571971 0.969040
vt 0.575919 0.970434
vt 0.576718 0.643232
vt 0.578779 0.639728
vt 0.571897 0.639532
vt 0.096972 0.099389
vt 0.098116 0.101683
vt 0.100535 0.097619
vt 0.165561 0.866027
vt 0.165561 0.871661
vt 0.176289 0.868834
vt 0.164297 0.823713
vt 0.167780 0.832170
vt 0.170740 0.830180
vt 0.147036 0.994923
vt 0.140115 0.993068
vt 0.141047 0.996520
vt 0.576791 0.972502
vt 0.582961 0.637578
vt 0.589722 0.635794
vt 0.571899 0.632365
vt 0.575845 0.645303
vt 0.146040 0.580577
vt 0.141850 0.580456
vt 0.141428 0.584377
vt 0.145175 0.970073
vt 0.142479 0.973522
vt 0.145175 0.978346
vt 0.156479 0.587467
vt 0.160856 0.587412
vt 0.161091 0.584377
vt 0.008674 0.856844
vt 0.010246 0.856717
vt 0.008669 0.855050
vt 0.007178 0.856759
vt 0.142479 0.983766
vt 0.145175 0.987215
vt 0.556438 0.980341
vt 0.565304 0.980332
vt 0.141474 0.978644
vt 0.543070 0.976232
vt 0.548169 0.980350
vt 0.542961 0.639518
vt 0.556247 0.636215
vt 0.885746 0.113318
vt 0.891395 0.109364
vt 0.887195 0.109374
vt 0.202898 0.087522
vt 0.206478 0.089243
vt 0.204012 0.085219
vt 0.039366 0.618027
vt 0.037769 0.624016
vt 0.041220 0.624948
vt 0.571924 0.918918
vt 0.589728 0.915492
vt 0.582974 0.913710
vt 0.578796 0.911563
vt 0.571921 0.911759
vt 0.575621 0.904615
vt 0.571916 0.904597
vt 0.575865 0.905993
vt 0.576784 0.965568
vt 0.578838 0.962064
vt 0.571962 0.961879
vt 0.183564 0.880604
vt 0.177982 0.887848
vt 0.181185 0.889417
vt 0.896292 0.204331
vt 0.893998 0.205474
vt 0.898063 0.207893
vt 0.087123 0.246867
vt 0.080202 0.245013
vt 0.081134 0.248465
vt 0.576737 0.908062
vt 0.051787 0.639848
vt 0.051787 0.634215
vt 0.036247 0.637031
vt 0.583012 0.959910
vt 0.589764 0.958116
vt 0.571953 0.954720
vt 0.575916 0.967638
vt 0.878790 0.621125
vt 0.878911 0.616935
vt 0.874990 0.616513
vt 0.193064 0.875698
vt 0.190368 0.879147
vt 0.193064 0.883971
vt 0.981260 0.345458
vt 0.982833 0.345345
vt 0.981272 0.343662
vt 0.979763 0.345359
vt 0.190368 0.889391
vt 0.193064 0.892840
vt 0.871900 0.631564
vt 0.871955 0.635941
vt 0.874990 0.636177
vt 0.556378 0.915898
vt 0.565246 0.915887
vt 0.189364 0.884269
vt 0.543008 0.911781
vt 0.548106 0.915901
vt 0.543055 0.961909
vt 0.556323 0.958590
vt 0.111961 0.109939
vt 0.108007 0.104291
vt 0.108018 0.108491
vt 0.114460 0.924523
vt 0.105395 0.925735
vt 0.114072 0.928059
vt 0.308925 0.087543
vt 0.312505 0.089269
vt 0.310041 0.085239
vt 0.494761 0.472359
vt 0.500750 0.473956
vt 0.501682 0.470504
vt 0.571885 0.854466
vt 0.589694 0.851044
vt 0.582939 0.849260
vt 0.575830 0.841539
vt 0.576732 0.901126
vt 0.578787 0.897622
vt 0.571910 0.897435
vt 0.202972 0.099396
vt 0.204116 0.101690
vt 0.206535 0.097627
vt 0.177982 0.849840
vt 0.183564 0.857085
vt 0.181185 0.848271
vt 0.143929 0.925735
vt 0.134864 0.924523
vt 0.135107 0.928082
vt 0.039366 0.656036
vt 0.041220 0.649115
vt 0.037769 0.650047
vt 0.582963 0.895468
vt 0.589716 0.893677
vt 0.571904 0.890274
vt 0.575863 0.903196
vt 0.150533 0.701141
vt 0.145921 0.704231
vt 0.150298 0.704176
vt 0.135482 0.697341
vt 0.131292 0.697220
vt 0.130870 0.701141
vt 0.058012 0.843849
vt 0.055316 0.847298
vt 0.058012 0.852121
vt 0.362934 0.018326
vt 0.362807 0.016754
vt 0.361140 0.018331
vt 0.362850 0.019823
vt 0.055316 0.857542
vt 0.058012 0.860991
vt 0.556336 0.851440
vt 0.565206 0.851432
vt 0.054311 0.852420
vt 0.542965 0.847318
vt 0.548063 0.851440
vt 0.542997 0.897456
vt 0.556269 0.894140
vt 0.576686 0.779142
vt 0.017498 0.948578
vt 0.017498 0.942944
vt 0.001958 0.945761
vt 0.130848 0.982502
vt 0.125215 0.982502
vt 0.128031 0.998042
vt 0.167780 0.905519
vt 0.164297 0.913975
vt 0.170740 0.907509
vt 0.722891 0.134567
vt 0.705283 0.104069
vt 0.701701 0.126469
vt 0.727019 0.081730
vt 0.727009 0.085923
vt 0.730926 0.080258
vt 0.213983 0.079248
vt 0.213974 0.083441
vt 0.217892 0.077775
vt 0.107983 0.079241
vt 0.107972 0.083433
vt 0.111890 0.077768
vt 0.916445 0.109339
vt 0.912253 0.109329
vt 0.917918 0.113247
vt 0.001979 0.079241
vt 0.001970 0.083433
vt 0.005887 0.077768
vt 0.320004 0.079248
vt 0.319994 0.083441
vt 0.323912 0.077775
vt 0.131105 0.704176
vt 0.135482 0.704231
vt 0.145921 0.697341
vt 0.150111 0.697220
vt 0.993949 0.946815
vt 0.993827 0.942625
vt 0.986992 0.927808
vt 0.986938 0.932185
vt 0.985371 0.958005
vt 0.992382 0.972634
vt 0.992260 0.968444
vt 0.985425 0.953628
vt 0.924218 0.342947
vt 0.917262 0.323941
vt 0.160669 0.580456
vt 0.156479 0.580577
vt 0.141663 0.587412
vt 0.146040 0.587467
vt 0.878911 0.635754
vt 0.878790 0.631564
vt 0.871900 0.621125
vt 0.871955 0.616748
vt 0.680510 0.118371
vt 0.698118 0.148869
vt 0.850744 0.998047
vt 0.850744 0.920468
vt 0.846445 0.920468
vt 0.846445 0.998047
vt 0.898032 0.998047
vt 0.902331 0.998047
vt 0.902331 0.920468
vt 0.898032 0.920468
vt 0.859342 0.998047
vt 0.863641 0.998047
vt 0.863641 0.921219
vt 0.859342 0.920468
vt 0.072030 0.873923
vt 0.077558 0.875244
vt 0.542962 0.840155
vt 0.669143 0.788130
vt 0.599791 0.787739
vt 0.571868 0.797162
vt 0.669145 0.797141
vt 0.170032 0.012208
vt 0.170070 0.015457
vt 0.176651 0.015380
vt 0.176644 0.011941
vt 0.571871 0.811490
vt 0.669149 0.811468
vt 0.669147 0.804304
vt 0.571869 0.804326
vt 0.194988 0.245942
vt 0.194988 0.249992
vt 0.201796 0.249992
vt 0.201796 0.245942
vt 0.674826 0.130205
vt 0.674826 0.122733
vt 0.667906 0.124587
vt 0.667906 0.128351
vt 0.817512 0.103316
vt 0.818693 0.106969
vt 0.820884 0.095969
vt 0.826700 0.095926
vt 0.826399 0.094204
vt 0.821126 0.092955
vt 0.207894 0.245942
vt 0.207894 0.249992
vt 0.592531 0.237004
vt 0.598643 0.237004
vt 0.598643 0.236219
vt 0.592531 0.236219
vt 0.604756 0.237004
vt 0.604756 0.236219
vt 0.611581 0.237004
vt 0.611581 0.236219
vt 0.186864 0.245942
vt 0.186864 0.249992
vt 0.855043 0.920468
vt 0.855043 0.998047
vt 0.213991 0.245942
vt 0.213991 0.249992
vt 0.253223 0.700294
vt 0.246011 0.701229
vt 0.246011 0.704992
vt 0.253223 0.705927
vt 0.965335 0.101193
vt 0.964468 0.101193
vt 0.964468 0.108629
vt 0.965335 0.108629
vt 0.811451 0.082538
vt 0.810603 0.087293
vt 0.817425 0.088624
vt 0.818562 0.084964
vt 0.170082 0.018622
vt 0.176677 0.018782
vt 0.393348 0.088710
vt 0.319978 0.088646
vt 0.319978 0.093880
vt 0.393291 0.093601
vt 0.800347 0.091188
vt 0.810125 0.091681
vt 0.800549 0.086282
vt 0.842043 0.920468
vt 0.842043 0.998047
vt 0.910817 0.998047
vt 0.910817 0.920468
vt 0.906733 0.920468
vt 0.906733 0.998047
vt 0.880836 0.921219
vt 0.880836 0.998047
vt 0.885135 0.998047
vt 0.885135 0.921219
vt 0.876537 0.921219
vt 0.876537 0.998047
vt 0.070909 0.895840
vt 0.074406 0.901898
vt 0.075755 0.901011
vt 0.072351 0.895116
vt 0.893733 0.998047
vt 0.893733 0.920468
vt 0.800902 0.080844
vt 0.816729 0.092315
vt 0.816518 0.095993
vt 0.542946 0.797170
vt 0.548187 0.793934
vt 0.547856 0.790005
vt 0.542943 0.790006
vt 0.245266 0.938479
vt 0.236291 0.937667
vt 0.236037 0.941789
vt 0.245128 0.942622
vt 0.669195 0.675400
vt 0.669197 0.668229
vt 0.571883 0.668197
vt 0.571880 0.675363
vt 0.229133 0.937374
vt 0.229048 0.941503
vt 0.800292 0.096079
vt 0.809980 0.096030
vt 0.069164 0.878211
vt 0.073196 0.880928
vt 0.110801 0.636947
vt 0.110953 0.627994
vt 0.287613 0.103358
vt 0.287368 0.098451
vt 0.213974 0.099096
vt 0.821167 0.098938
vt 0.816774 0.099627
vt 0.090866 0.870726
vt 0.097787 0.872580
vt 0.097787 0.865108
vt 0.090866 0.866963
vt 0.403128 0.089209
vt 0.402980 0.093559
vt 0.409518 0.093529
vt 0.409734 0.089850
vt 0.599794 0.763602
vt 0.571864 0.754181
vt 0.551336 0.818659
vt 0.550831 0.811495
vt 0.542950 0.811498
vt 0.542953 0.818662
vt 0.542939 0.711188
vt 0.178958 0.245942
vt 0.178958 0.249992
vt 0.170036 0.021616
vt 0.176943 0.021932
vt 0.599800 0.828064
vt 0.669152 0.827642
vt 0.669150 0.818631
vt 0.571873 0.818653
vt 0.307865 0.093463
vt 0.308140 0.096476
vt 0.313403 0.095162
vt 0.313682 0.093476
vt 0.103471 0.860747
vt 0.103471 0.876942
vt 0.559033 0.825820
vt 0.889434 0.998047
vt 0.889434 0.920468
vt 0.951088 0.172155
vt 0.951088 0.183210
vt 0.954655 0.183210
vt 0.954655 0.172155
vt 0.691499 0.151611
vt 0.685028 0.147875
vt 0.683174 0.154796
vt 0.686433 0.156677
vt 0.288013 0.108797
vt 0.298560 0.107005
vt 0.297666 0.102253
vt 0.951088 0.238591
vt 0.951088 0.248144
vt 0.954655 0.248144
vt 0.954655 0.238591
vt 0.951088 0.190323
vt 0.954655 0.190323
vt 0.964468 0.128311
vt 0.965335 0.128311
vt 0.965335 0.122773
vt 0.964468 0.122773
vt 0.965335 0.117236
vt 0.964468 0.117236
vt 0.951088 0.197435
vt 0.954655 0.197435
vt 0.680510 0.134567
vt 0.951088 0.162602
vt 0.954655 0.162602
vt 0.305659 0.104504
vt 0.304482 0.100851
vt 0.303747 0.097164
vt 0.297145 0.097866
vt 0.867939 0.998047
vt 0.867940 0.921219
vt 0.906518 0.668977
vt 0.902116 0.668977
vt 0.902116 0.746556
vt 0.906518 0.746556
vt 0.872238 0.921219
vt 0.872238 0.998047
vt 0.297108 0.089209
vt 0.296959 0.093558
vt 0.303498 0.093527
vt 0.303715 0.089850
vt 0.205836 0.938479
vt 0.205974 0.942622
vt 0.215064 0.941789
vt 0.214811 0.937667
vt 0.669153 0.868738
vt 0.669149 0.861570
vt 0.571890 0.861626
vt 0.571894 0.868789
vt 0.222053 0.941503
vt 0.221969 0.937374
vt 0.287270 0.093600
vt 0.213957 0.093860
vt 0.726993 0.091126
vt 0.520165 0.466143
vt 0.520318 0.475096
vt 0.088801 0.912223
vt 0.088464 0.907373
vt 0.093948 0.911886
vt 0.095568 0.906438
vt 0.102744 0.916964
vt 0.106652 0.912837
vt 0.072351 0.842573
vt 0.070909 0.841848
vt 0.552915 0.825822
vt 0.542956 0.825827
vt 0.542937 0.739850
vt 0.550612 0.740092
vt 0.550441 0.732684
vt 0.542938 0.732684
vt 0.599805 0.852196
vt 0.562250 0.804328
vt 0.561909 0.811250
vt 0.554876 0.237004
vt 0.562801 0.237004
vt 0.562801 0.236219
vt 0.554876 0.236219
vt 0.560941 0.818656
vt 0.542948 0.804334
vt 0.550621 0.804573
vt 0.565371 0.790001
vt 0.565042 0.793930
vt 0.550448 0.797167
vt 0.550430 0.793932
vt 0.562457 0.797164
vt 0.993789 0.937405
vt 0.986899 0.937405
vt 0.477053 0.801520
vt 0.478058 0.806642
vt 0.479233 0.805081
vt 0.478730 0.801642
vt 0.562489 0.793929
vt 0.187352 0.008863
vt 0.184089 0.008633
vt 0.183203 0.011912
vt 0.187053 0.011852
vt 0.183161 0.015350
vt 0.186962 0.015348
vt 0.183220 0.018770
vt 0.187055 0.018829
vt 0.184117 0.021976
vt 0.187352 0.021746
vt 0.176637 0.008715
vt 0.169706 0.008990
vt 0.162603 0.009648
vt 0.163512 0.012611
vt 0.163584 0.015385
vt 0.163573 0.018041
vt 0.162693 0.020706
vt 0.155592 0.011513
vt 0.155635 0.018723
vt 0.152135 0.015353
vt 0.480638 0.807704
vt 0.480638 0.809946
vt 0.478058 0.796398
vt 0.479233 0.798210
vt 0.910817 0.746556
vt 0.910817 0.668977
vt 0.121632 0.988707
vt 0.121479 0.997660
vt 0.850641 0.668977
vt 0.850641 0.746556
vt 0.854940 0.746556
vt 0.854940 0.669727
vt 0.093948 0.825803
vt 0.095568 0.831251
vt 0.106134 0.840518
vt 0.109394 0.838636
vt 0.542941 0.775678
vt 0.898032 0.668977
vt 0.898032 0.746556
vt 0.877974 0.066721
vt 0.877958 0.063474
vt 0.871377 0.063511
vt 0.871368 0.066948
vt 0.571864 0.747016
vt 0.669161 0.747024
vt 0.669162 0.739859
vt 0.571865 0.739851
vt 0.259678 0.245942
vt 0.259678 0.249992
vt 0.266486 0.249992
vt 0.266486 0.245942
vt 0.505997 0.744982
vt 0.498784 0.745918
vt 0.498784 0.749681
vt 0.505997 0.750616
vt 0.410503 0.100852
vt 0.411679 0.104505
vt 0.889331 0.746556
vt 0.893630 0.746556
vt 0.893629 0.668977
vt 0.889331 0.668977
vt 0.669162 0.732694
vt 0.571865 0.732686
vt 0.272585 0.245942
vt 0.272585 0.249992
vt 0.527680 0.237004
vt 0.533793 0.237004
vt 0.533793 0.236219
vt 0.527680 0.236219
vt 0.539907 0.237004
vt 0.539907 0.236219
vt 0.546732 0.237004
vt 0.546732 0.236219
vt 0.251554 0.245942
vt 0.251554 0.249992
vt 0.846342 0.668977
vt 0.846342 0.746556
vt 0.278683 0.245942
vt 0.278683 0.249992
vt 0.711903 0.101327
vt 0.718374 0.105063
vt 0.720228 0.098142
vt 0.716969 0.096260
vt 0.404461 0.080062
vt 0.403610 0.084820
vt 0.410434 0.086158
vt 0.411576 0.082497
vt 0.877967 0.060308
vt 0.871368 0.060108
vt 0.075252 0.093589
vt 0.001953 0.093849
vt 0.001970 0.099083
vt 0.075352 0.098441
vt 0.393552 0.083802
vt 0.872135 0.669727
vt 0.872135 0.746556
vt 0.876434 0.746556
vt 0.876434 0.669727
vt 0.863537 0.669727
vt 0.863537 0.746556
vt 0.867836 0.746556
vt 0.867836 0.669727
vt 0.842043 0.746556
vt 0.842043 0.668977
vt 0.074406 0.835791
vt 0.075755 0.836678
vt 0.885032 0.746556
vt 0.885032 0.668977
vt 0.393906 0.078362
vt 0.413885 0.093511
vt 0.414131 0.090496
vt 0.548181 0.729449
vt 0.547850 0.725519
vt 0.542937 0.725519
vt 0.468373 0.006709
vt 0.477348 0.007520
vt 0.477601 0.003399
vt 0.468511 0.002566
vt 0.484506 0.007813
vt 0.484591 0.003685
vt 0.419405 0.091756
vt 0.088801 0.825465
vt 0.088464 0.830316
vt 0.002340 0.939209
vt 0.011293 0.939362
vt 0.800638 0.105838
vt 0.800392 0.100930
vt 0.727010 0.101573
vt 0.414163 0.096480
vt 0.409770 0.097163
vt 0.102744 0.820724
vt 0.106652 0.824852
vt 0.075509 0.083792
vt 0.075862 0.078354
vt 0.551323 0.754180
vt 0.550820 0.747015
vt 0.542938 0.747015
vt 0.542938 0.754181
vt 0.542958 0.646686
vt 0.243648 0.245942
vt 0.243648 0.249992
vt 0.878033 0.057309
vt 0.871117 0.056953
vt 0.669160 0.763201
vt 0.669161 0.754189
vt 0.826425 0.097615
vt 0.072030 0.863766
vt 0.077558 0.862445
vt 0.141335 0.847438
vt 0.134864 0.843702
vt 0.128244 0.846444
vt 0.142270 0.854542
vt 0.559019 0.761345
vt 0.880733 0.668977
vt 0.880733 0.746556
vt 0.235514 0.245942
vt 0.226100 0.245942
vt 0.226100 0.249992
vt 0.235514 0.249992
vt 0.801041 0.111279
vt 0.811593 0.109479
vt 0.810695 0.104725
vt 0.619725 0.236219
vt 0.619725 0.237004
vt 0.220046 0.245942
vt 0.220046 0.249992
vt 0.586462 0.236219
vt 0.586462 0.237004
vt 0.580392 0.236219
vt 0.580392 0.237004
vt 0.570956 0.236219
vt 0.570956 0.237004
vt 0.720228 0.154796
vt 0.718374 0.147875
vt 0.711903 0.151611
vt 0.716969 0.156677
vt 0.810170 0.100338
vt 0.859239 0.746556
vt 0.859239 0.669727
vt 0.854940 0.914216
vt 0.854940 0.836638
vt 0.850641 0.836638
vt 0.850641 0.914217
vt 0.507803 0.006709
vt 0.507665 0.002566
vt 0.498575 0.003399
vt 0.498828 0.007520
vt 0.491586 0.003685
vt 0.491670 0.007813
vt 0.726993 0.096339
vt 0.123752 0.627994
vt 0.123905 0.636947
vt 0.069164 0.859478
vt 0.073196 0.856761
vt 0.552900 0.761346
vt 0.542939 0.761347
vt 0.542947 0.675353
vt 0.550623 0.675598
vt 0.550454 0.668188
vt 0.542949 0.668186
vt 0.562243 0.739850
vt 0.561900 0.746773
vt 0.489956 0.237004
vt 0.497882 0.237004
vt 0.497882 0.236219
vt 0.489956 0.236219
vt 0.560929 0.754180
vt 0.565369 0.725521
vt 0.565039 0.729451
vt 0.550424 0.729448
vt 0.562452 0.732684
vt 0.992222 0.963225
vt 0.985332 0.963225
vt 0.782124 0.695059
vt 0.783129 0.700181
vt 0.784305 0.698620
vt 0.783801 0.695181
vt 0.562486 0.729449
vt 0.860688 0.069989
vt 0.863930 0.070220
vt 0.864819 0.066953
vt 0.860976 0.067013
vt 0.864867 0.063518
vt 0.861060 0.063515
vt 0.864818 0.060095
vt 0.860976 0.060025
vt 0.863931 0.056880
vt 0.860688 0.057101
vt 0.871359 0.070167
vt 0.785709 0.686633
vt 0.783129 0.689937
vt 0.784305 0.691749
vt 0.785710 0.689185
vt 0.878277 0.069938
vt 0.885377 0.069338
vt 0.884493 0.066369
vt 0.884445 0.063595
vt 0.884477 0.060937
vt 0.885379 0.058276
vt 0.892403 0.067538
vt 0.892429 0.060325
vt 0.895899 0.063733
vt 0.785709 0.703485
vt 0.785710 0.701243
vt 0.859238 0.914216
vt 0.859239 0.836638
vt 0.876426 0.836638
vt 0.872127 0.836638
vt 0.872127 0.914217
vt 0.876426 0.914216
vt 0.846342 0.914217
vt 0.846342 0.836638
vt 0.842043 0.836638
vt 0.842043 0.913466
vt 0.571875 0.689704
vt 0.560468 0.689581
vt 0.559025 0.696857
vt 0.599797 0.723269
vt 0.954876 0.627366
vt 0.958117 0.627373
vt 0.958124 0.620788
vt 0.954682 0.620762
vt 0.571877 0.682530
vt 0.669192 0.682566
vt 0.324454 0.245942
vt 0.324454 0.249992
vt 0.331262 0.249992
vt 0.331262 0.245942
vt 0.392709 0.509491
vt 0.385496 0.510426
vt 0.385496 0.514189
vt 0.392709 0.515124
vt 0.092472 0.100826
vt 0.093653 0.104479
vt 0.489467 0.663742
vt 0.489467 0.586163
vt 0.485065 0.586163
vt 0.485065 0.663742
vt 0.337360 0.245942
vt 0.337360 0.249992
vt 0.462748 0.237004
vt 0.468860 0.237004
vt 0.468860 0.236219
vt 0.462748 0.236219
vt 0.474973 0.237004
vt 0.474973 0.236219
vt 0.481798 0.237004
vt 0.481798 0.236219
vt 0.936107 0.511203
vt 0.931971 0.511316
vt 0.932787 0.520275
vt 0.936930 0.520136
vt 0.343457 0.245942
vt 0.343457 0.249992
vt 0.011293 0.952160
vt 0.002340 0.952313
vt 0.957888 0.634455
vt 0.960268 0.634511
vt 0.961281 0.627408
vt 0.086411 0.080048
vt 0.085564 0.084803
vt 0.092385 0.086134
vt 0.093522 0.082475
vt 0.961536 0.620799
vt 0.911889 0.182869
vt 0.917327 0.183223
vt 0.075307 0.088698
vt 0.085086 0.089191
vt 0.863640 0.836638
vt 0.863640 0.914216
vt 0.893621 0.913466
vt 0.893621 0.836638
vt 0.889323 0.836638
vt 0.889323 0.913466
vt 0.902219 0.913466
vt 0.902219 0.836638
vt 0.897920 0.836638
vt 0.897920 0.913466
vt 0.450785 0.662991
vt 0.450785 0.586163
vt 0.446486 0.586163
vt 0.446486 0.662991
vt 0.128159 0.808795
vt 0.121164 0.808795
vt 0.121258 0.810407
vt 0.128065 0.810407
vt 0.091690 0.089825
vt 0.091479 0.093503
vt 0.095845 0.093480
vt 0.096086 0.090465
vt 0.548194 0.664953
vt 0.547865 0.661022
vt 0.542951 0.661020
vt 0.084941 0.093540
vt 0.101360 0.091715
vt 0.144299 0.816099
vt 0.139930 0.818232
vt 0.142672 0.824852
vt 0.146580 0.820724
vt 0.393633 0.103358
vt 0.393389 0.098452
vt 0.319995 0.099096
vt 0.096127 0.096448
vt 0.091734 0.097138
vt 0.061719 0.240651
vt 0.061566 0.249604
vt 0.139930 0.838636
vt 0.143189 0.840518
vt 0.074518 0.240651
vt 0.074671 0.249604
vt 0.552904 0.696856
vt 0.542941 0.696854
vt 0.543063 0.969070
vt 0.316315 0.245942
vt 0.308409 0.245942
vt 0.308409 0.249992
vt 0.316315 0.249992
vt 0.964283 0.627517
vt 0.964709 0.620571
vt 0.599807 0.699127
vt 0.669186 0.698748
vt 0.669189 0.689749
vt 0.599822 0.658788
vt 0.001953 0.088636
vt 0.419424 0.095168
vt 0.419703 0.093480
vt 0.114460 0.843702
vt 0.107989 0.847438
vt 0.107054 0.854542
vt 0.121079 0.846444
vt 0.867725 0.914216
vt 0.867725 0.836638
vt 0.300085 0.245942
vt 0.290790 0.245942
vt 0.290790 0.249992
vt 0.300085 0.249992
vt 0.394033 0.108798
vt 0.404581 0.107006
vt 0.403687 0.102253
vt 0.284737 0.245942
vt 0.284737 0.249992
vt 0.521612 0.236219
vt 0.521612 0.237004
vt 0.515543 0.236219
vt 0.515543 0.237004
vt 0.506226 0.236219
vt 0.506226 0.237004
vt 0.880725 0.836638
vt 0.880725 0.914217
vt 0.728576 0.122733
vt 0.728576 0.130205
vt 0.735496 0.128351
vt 0.735496 0.124587
vt 0.931980 0.489816
vt 0.931679 0.496979
vt 0.935807 0.497063
vt 0.936116 0.489929
vt 0.403166 0.097867
vt 0.906518 0.836638
vt 0.906518 0.913466
vt 0.910817 0.913466
vt 0.910817 0.836638
vt 0.885024 0.914217
vt 0.885024 0.836638
vt 0.955433 0.634476
vt 0.932787 0.480849
vt 0.936930 0.480988
vt 0.105025 0.816099
vt 0.109394 0.818232
vt 0.962773 0.634766
vt 0.542945 0.682520
vt 0.542943 0.689687
vt 0.551866 0.689698
vt 0.550828 0.682522
vt 0.669163 0.723681
vt 0.562256 0.675360
vt 0.561911 0.682284
vt 0.425093 0.237004
vt 0.433019 0.237004
vt 0.433019 0.236219
vt 0.425093 0.236219
vt 0.565387 0.661029
vt 0.565056 0.664960
vt 0.550438 0.664952
vt 0.562468 0.668193
vt 0.917169 0.333537
vt 0.924058 0.333537
vt 0.562502 0.664957
vt 0.951674 0.610058
vt 0.951433 0.613302
vt 0.954702 0.614203
vt 0.954653 0.610356
vt 0.958144 0.614261
vt 0.958152 0.610448
vt 0.961580 0.614220
vt 0.961654 0.610356
vt 0.964820 0.613336
vt 0.964602 0.610058
vt 0.951460 0.620740
vt 0.732501 0.371592
vt 0.729921 0.374895
vt 0.731096 0.376707
vt 0.732501 0.374144
vt 0.951662 0.627662
vt 0.931679 0.504142
vt 0.935807 0.504058
vt 0.728916 0.380018
vt 0.730593 0.380139
vt 0.571906 0.625198
vt 0.599842 0.634643
vt 0.953981 0.641721
vt 0.957676 0.645211
vt 0.961058 0.641820
vt 0.729921 0.385140
vt 0.731096 0.383579
vt 0.732501 0.386201
vt 0.732501 0.388444
vt 0.472280 0.586163
vt 0.472280 0.663742
vt 0.476579 0.663742
vt 0.476579 0.586163
vt 0.493766 0.586163
vt 0.493766 0.663742
vt 0.463682 0.663742
vt 0.463682 0.586163
vt 0.459383 0.586163
vt 0.459383 0.662991
vt 0.510962 0.662991
vt 0.510962 0.586163
vt 0.506663 0.586163
vt 0.506663 0.662991
vt 0.599871 0.956951
vt 0.669196 0.956487
vt 0.669189 0.947480
vt 0.571949 0.947560
vt 0.441173 0.237004
vt 0.441173 0.236219
vt 0.011722 0.870515
vt 0.008474 0.870553
vt 0.008550 0.877134
vt 0.011989 0.877127
vt 0.571912 0.618030
vt 0.669250 0.618106
vt 0.669255 0.610938
vt 0.571917 0.610862
vt 0.951088 0.371710
vt 0.954655 0.371710
vt 0.954655 0.363713
vt 0.951088 0.363713
vt 0.400828 0.194837
vt 0.393615 0.195773
vt 0.393615 0.199536
vt 0.400828 0.200471
vt 0.894853 0.199830
vt 0.891201 0.201012
vt 0.902247 0.203204
vt 0.902245 0.209020
vt 0.903968 0.208720
vt 0.905217 0.203448
vt 0.669255 0.997524
vt 0.669244 0.990363
vt 0.571999 0.990522
vt 0.572010 0.997683
vt 0.951088 0.356559
vt 0.954655 0.356559
vt 0.964468 0.246621
vt 0.964468 0.252190
vt 0.965335 0.252190
vt 0.965335 0.246621
vt 0.964468 0.257760
vt 0.965335 0.257760
vt 0.964468 0.263985
vt 0.965335 0.263985
vt 0.951088 0.381250
vt 0.954655 0.381250
vt 0.467981 0.586163
vt 0.467981 0.663742
vt 0.951088 0.349405
vt 0.954655 0.349405
vt 0.155376 0.911886
vt 0.153756 0.906438
vt 0.951088 0.314563
vt 0.951088 0.324116
vt 0.954655 0.324116
vt 0.954655 0.314563
vt 0.480981 0.586163
vt 0.480981 0.663742
vt 0.915632 0.193772
vt 0.910877 0.192924
vt 0.909545 0.199746
vt 0.913205 0.200883
vt 0.005309 0.870566
vt 0.005148 0.877160
vt 0.181513 0.083796
vt 0.181866 0.078358
vt 0.906982 0.182667
vt 0.906489 0.192446
vt 0.139930 0.899053
vt 0.143189 0.897171
vt 0.515260 0.662991
vt 0.515260 0.586163
vt 0.178415 0.841848
vt 0.174917 0.835791
vt 0.173569 0.836678
vt 0.176972 0.842573
vt 0.502364 0.586163
vt 0.502364 0.663742
vt 0.905852 0.199051
vt 0.902217 0.198838
vt 0.543085 0.990554
vt 0.548322 0.987316
vt 0.547989 0.983388
vt 0.543077 0.983393
vt 0.385568 0.590530
vt 0.394543 0.591342
vt 0.394796 0.587221
vt 0.385706 0.586387
vt 0.401701 0.591635
vt 0.401785 0.587507
vt 0.902131 0.182611
vt 0.902142 0.192302
vt 0.180159 0.859478
vt 0.176127 0.856761
vt 0.171766 0.862445
vt 0.177294 0.863766
vt 0.075599 0.103348
vt 0.899234 0.203484
vt 0.898540 0.199092
vt 0.158457 0.866963
vt 0.158457 0.870726
vt 0.191088 0.089197
vt 0.190944 0.093506
vt 0.197483 0.093470
vt 0.197693 0.089832
vt 0.551356 0.625185
vt 0.550856 0.618017
vt 0.542971 0.618014
vt 0.542968 0.625182
vt 0.381020 0.245942
vt 0.373114 0.245942
vt 0.373114 0.249992
vt 0.381020 0.249992
vt 0.002314 0.870520
vt 0.001998 0.877426
vt 0.907050 0.109312
vt 0.901837 0.109312
vt 0.101386 0.095125
vt 0.101660 0.093437
vt 0.155376 0.825803
vt 0.153756 0.831251
vt 0.559051 0.632357
vt 0.364980 0.245942
vt 0.355566 0.245942
vt 0.355566 0.249992
vt 0.364980 0.249992
vt 0.076001 0.108790
vt 0.086554 0.106990
vt 0.085656 0.102236
vt 0.669244 0.625274
vt 0.349512 0.245942
vt 0.349512 0.249992
vt 0.456679 0.236219
vt 0.456679 0.237004
vt 0.450609 0.236219
vt 0.450609 0.237004
vt 0.498065 0.586163
vt 0.498065 0.663742
vt 0.085131 0.097849
vt 0.455084 0.586163
vt 0.455084 0.662991
vt 0.424998 0.590530
vt 0.424860 0.586387
vt 0.415769 0.587221
vt 0.416023 0.591342
vt 0.408780 0.587507
vt 0.408865 0.591635
vt 0.134431 0.988707
vt 0.134583 0.997660
vt 0.160522 0.825465
vt 0.160859 0.830316
vt 0.965335 0.271413
vt 0.964468 0.271413
vt 0.897241 0.182710
vt 0.896603 0.109330
vt 0.177294 0.873923
vt 0.171766 0.875244
vt 0.552929 0.632354
vt 0.542965 0.632350
vt 0.543027 0.933263
vt 0.550697 0.933498
vt 0.550520 0.926095
vt 0.543021 0.926102
vt 0.669237 0.634291
vt 0.669201 0.659222
vt 0.562291 0.610856
vt 0.561944 0.617781
vt 0.964468 0.212268
vt 0.964468 0.219496
vt 0.965335 0.219496
vt 0.965335 0.212268
vt 0.560967 0.625190
vt 0.542975 0.610845
vt 0.550651 0.611092
vt 0.565491 0.983371
vt 0.565169 0.987301
vt 0.550583 0.990546
vt 0.550563 0.987314
vt 0.562394 0.997699
vt 0.562591 0.990538
vt 0.151259 0.580616
vt 0.151259 0.587505
vt 0.091207 0.813317
vt 0.088584 0.814722
vt 0.090146 0.815897
vt 0.093450 0.813317
vt 0.562618 0.987305
vt 0.015068 0.887835
vt 0.015297 0.884572
vt 0.012018 0.883686
vt 0.012079 0.887537
vt 0.008580 0.883645
vt 0.008583 0.887445
vt 0.005160 0.883703
vt 0.005101 0.887538
vt 0.001954 0.884600
vt 0.002184 0.887835
vt 0.015215 0.877120
vt 0.076597 0.813317
vt 0.079901 0.815897
vt 0.081713 0.814722
vt 0.079149 0.813317
vt 0.014941 0.870190
vt 0.085023 0.816902
vt 0.085145 0.815226
vt 0.014282 0.863086
vt 0.011319 0.863996
vt 0.008546 0.864067
vt 0.005890 0.864057
vt 0.003224 0.863177
vt 0.012417 0.856075
vt 0.005208 0.856118
vt 0.008577 0.852618
vt 0.876426 0.830386
vt 0.876426 0.752807
vt 0.872127 0.752807
vt 0.872127 0.830386
vt 0.201846 0.093444
vt 0.207661 0.093403
vt 0.207363 0.091721
vt 0.202089 0.090471
vt 0.648869 0.108158
vt 0.648869 0.185737
vt 0.652953 0.185737
vt 0.652953 0.108158
vt 0.906518 0.753558
vt 0.906518 0.830386
vt 0.910817 0.830386
vt 0.910817 0.753558
vt 0.669164 0.916990
vt 0.599838 0.916641
vt 0.571931 0.926078
vt 0.669171 0.925998
vt 0.859238 0.752807
vt 0.859238 0.830386
vt 0.863640 0.830386
vt 0.863641 0.752807
vt 0.984194 0.359153
vt 0.980946 0.359169
vt 0.980984 0.365750
vt 0.984420 0.365760
vt 0.571943 0.940399
vt 0.669183 0.940319
vt 0.669177 0.933158
vt 0.571937 0.933239
vt 0.951088 0.295738
vt 0.954655 0.295738
vt 0.954655 0.287742
vt 0.951088 0.287742
vt 0.685028 0.105063
vt 0.691499 0.101327
vt 0.686433 0.096260
vt 0.683174 0.098142
vt 0.198473 0.100834
vt 0.199653 0.104487
vt 0.885024 0.752807
vt 0.885024 0.830386
vt 0.889323 0.830386
vt 0.889323 0.753558
vt 0.854940 0.830386
vt 0.854940 0.752807
vt 0.951088 0.280592
vt 0.954655 0.280592
vt 0.964468 0.187483
vt 0.964468 0.193049
vt 0.965335 0.193049
vt 0.965335 0.187483
vt 0.964468 0.198615
vt 0.965335 0.198615
vt 0.964468 0.204840
vt 0.965335 0.204840
vt 0.951088 0.305278
vt 0.954655 0.305278
vt 0.880725 0.752807
vt 0.880725 0.830386
vt 0.951088 0.273442
vt 0.954655 0.273442
vt 0.142270 0.883147
vt 0.128244 0.891245
vt 0.134864 0.893987
vt 0.141335 0.890250
vt 0.867725 0.830386
vt 0.867725 0.752807
vt 0.192415 0.080054
vt 0.191567 0.084809
vt 0.198389 0.086140
vt 0.199526 0.082481
vt 0.977780 0.359160
vt 0.977581 0.365760
vt 0.287531 0.083802
vt 0.287886 0.078362
vt 0.181310 0.088703
vt 0.146580 0.916964
vt 0.142672 0.912837
vt 0.897920 0.753558
vt 0.897920 0.830386
vt 0.902219 0.830386
vt 0.902219 0.753558
vt 0.174917 0.901898
vt 0.178415 0.895840
vt 0.176972 0.895116
vt 0.173569 0.901011
vt 0.543003 0.904619
vt 0.403001 0.073295
vt 0.411976 0.074107
vt 0.412229 0.069986
vt 0.403138 0.069152
vt 0.419134 0.074400
vt 0.419218 0.070272
vt 0.181254 0.093554
vt 0.160522 0.912223
vt 0.160859 0.907373
vt 0.036629 0.630479
vt 0.045582 0.630632
vt 0.892333 0.182957
vt 0.202126 0.096455
vt 0.197735 0.097147
vt 0.551420 0.947578
vt 0.550911 0.940417
vt 0.543034 0.940425
vt 0.543041 0.947586
vt 0.543013 0.918942
vt 0.547924 0.918937
vt 0.548258 0.922865
vt 0.974782 0.359094
vt 0.974425 0.366010
vt 0.599826 0.892514
vt 0.571901 0.883113
vt 0.107956 0.088636
vt 0.107956 0.093849
vt 0.900557 0.208744
vt 0.893621 0.830386
vt 0.893621 0.753558
vt 0.559118 0.954732
vt 0.951088 0.335171
vt 0.954655 0.335171
vt 0.886891 0.183359
vt 0.888691 0.193912
vt 0.893445 0.193014
vt 0.951088 0.342288
vt 0.954655 0.342288
vt 0.965335 0.241080
vt 0.964468 0.241080
vt 0.965335 0.235540
vt 0.964468 0.235540
vt 0.965335 0.226933
vt 0.964468 0.226933
vt 0.539022 0.469388
vt 0.539022 0.475021
vt 0.546235 0.474086
vt 0.546235 0.470323
vt 0.850641 0.830386
vt 0.850641 0.752807
vt 0.846342 0.752807
vt 0.842043 0.753558
vt 0.842043 0.830386
vt 0.846342 0.830386
vt 0.897833 0.192490
vt 0.151536 0.872580
vt 0.151536 0.865108
vt 0.442430 0.073295
vt 0.442293 0.069152
vt 0.433202 0.069986
vt 0.433455 0.074107
vt 0.426213 0.070272
vt 0.426298 0.074400
vt 0.181354 0.098445
vt 0.107973 0.099083
vt 0.180159 0.878211
vt 0.176127 0.880928
vt 0.553003 0.954738
vt 0.543048 0.954748
vt 0.542978 0.868805
vt 0.550649 0.869042
vt 0.550474 0.861637
vt 0.542974 0.861642
vt 0.562321 0.933247
vt 0.561985 0.940166
vt 0.964468 0.153123
vt 0.964468 0.160351
vt 0.965335 0.160351
vt 0.965335 0.153123
vt 0.561021 0.947569
vt 0.565432 0.918923
vt 0.565106 0.922851
vt 0.550500 0.922862
vt 0.562524 0.926085
vt 0.878751 0.626345
vt 0.871862 0.626345
vt 0.675141 0.478979
vt 0.676146 0.484102
vt 0.677322 0.482540
vt 0.676818 0.479101
vt 0.562554 0.922852
vt 0.987462 0.376440
vt 0.987693 0.373197
vt 0.984426 0.372308
vt 0.984485 0.376151
vt 0.980990 0.372260
vt 0.980988 0.376067
vt 0.977568 0.372309
vt 0.977498 0.376152
vt 0.974352 0.373197
vt 0.974573 0.376440
vt 0.987639 0.365769
vt 0.678726 0.470553
vt 0.676146 0.473857
vt 0.677322 0.475669
vt 0.678727 0.473105
vt 0.987410 0.358851
vt 0.986810 0.351750
vt 0.983842 0.352634
vt 0.981067 0.352682
vt 0.978410 0.352650
vt 0.975749 0.351748
vt 0.985011 0.344724
vt 0.977798 0.344698
vt 0.981206 0.341228
vt 0.678727 0.485163
vt 0.678726 0.487405
vt 0.640168 0.108158
vt 0.640168 0.185737
vt 0.644467 0.185737
vt 0.644467 0.108158
vt 0.661654 0.108158
vt 0.657355 0.108158
vt 0.657355 0.185737
vt 0.661654 0.185737
vt 0.631570 0.185737
vt 0.631570 0.108158
vt 0.627271 0.108158
vt 0.627271 0.184986
vt 0.107989 0.890250
vt 0.106135 0.897171
vt 0.109394 0.899053
vt 0.114460 0.893987
vt 0.542992 0.890293
vt 0.552949 0.890286
vt 0.551369 0.883125
vt 0.542987 0.883131
vt 0.376605 0.015278
vt 0.376644 0.018526
vt 0.383225 0.018450
vt 0.383218 0.015011
vt 0.571898 0.875951
vt 0.669156 0.875901
vt 0.951088 0.219749
vt 0.954655 0.219749
vt 0.954655 0.211753
vt 0.951088 0.211753
vt 0.313386 0.091751
vt 0.308113 0.090492
vt 0.951088 0.204594
vt 0.954655 0.204594
vt 0.964468 0.133884
vt 0.965335 0.133884
vt 0.964468 0.139457
vt 0.965335 0.139457
vt 0.964468 0.145682
vt 0.965335 0.145682
vt 0.951088 0.229307
vt 0.954655 0.229307
vt 0.635869 0.185737
vt 0.635869 0.108158
vt 0.778498 0.967490
vt 0.778211 0.974654
vt 0.782339 0.974738
vt 0.782633 0.967603
vt 0.298440 0.080062
vt 0.297590 0.084819
vt 0.304413 0.086157
vt 0.305554 0.082496
vt 0.376656 0.021691
vt 0.383251 0.021852
vt 0.287327 0.088709
vt 0.610076 0.184986
vt 0.610076 0.108158
vt 0.605777 0.108158
vt 0.605777 0.184986
vt 0.618673 0.184986
vt 0.618673 0.108158
vt 0.614374 0.108158
vt 0.614374 0.184986
vt 0.121079 0.891245
vt 0.107054 0.883147
vt 0.121164 0.928894
vt 0.128159 0.928894
vt 0.128065 0.927282
vt 0.121258 0.927282
vt 0.548213 0.858406
vt 0.547880 0.854477
vt 0.542969 0.854480
vt 0.669144 0.852564
vt 0.779318 0.958519
vt 0.783461 0.958658
vt 0.105025 0.921590
vt 0.109394 0.919456
vt 0.507213 0.475096
vt 0.507366 0.466143
vt 0.181600 0.103353
vt 0.550861 0.875962
vt 0.542982 0.875968
vt 0.376610 0.024686
vt 0.383516 0.025002
vt 0.669165 0.892072
vt 0.669160 0.883063
vt 0.622972 0.108158
vt 0.622972 0.184986
vt 0.145852 0.876942
vt 0.145852 0.860747
vt 0.559066 0.890282
vt 0.951088 0.259200
vt 0.954655 0.259200
vt 0.182002 0.108794
vt 0.192555 0.106995
vt 0.191657 0.102242
vt 0.951088 0.266321
vt 0.954655 0.266321
vt 0.965335 0.181939
vt 0.964468 0.181939
vt 0.965335 0.176395
vt 0.964468 0.176395
vt 0.965335 0.167788
vt 0.964468 0.167788
vt 0.597179 0.108158
vt 0.592880 0.108158
vt 0.592880 0.185737
vt 0.597179 0.185737
vt 0.601478 0.108158
vt 0.601478 0.185737
vt 0.191134 0.097855
vt 0.207386 0.095132
vt 0.779318 0.997950
vt 0.783461 0.997812
vt 0.782627 0.988722
vt 0.778505 0.988976
vt 0.782340 0.981733
vt 0.778212 0.981818
vt 0.213957 0.088646
vt 0.045582 0.643431
vt 0.036629 0.643584
vt 0.144299 0.921590
vt 0.139930 0.919456
vt 0.562276 0.868794
vt 0.561937 0.875714
vt 0.952713 0.634783
vt 0.560971 0.883119
vt 0.565392 0.854468
vt 0.565064 0.858397
vt 0.550456 0.858403
vt 0.562481 0.861631
vt 0.140701 0.697380
vt 0.140701 0.704270
vt 0.480638 0.795646
vt 0.480638 0.793094
vt 0.562512 0.858397
vt 0.393926 0.011932
vt 0.390662 0.011703
vt 0.389776 0.014982
vt 0.393627 0.014921
vt 0.389735 0.018420
vt 0.393536 0.018417
vt 0.389793 0.021840
vt 0.393629 0.021899
vt 0.390691 0.025046
vt 0.393926 0.024816
vt 0.383210 0.011785
vt 0.772635 0.446371
vt 0.770055 0.449675
vt 0.771231 0.451487
vt 0.772636 0.448923
vt 0.376280 0.012060
vt 0.769050 0.454797
vt 0.770055 0.459919
vt 0.771231 0.458358
vt 0.770727 0.454919
vt 0.369177 0.012718
vt 0.370086 0.015681
vt 0.370157 0.018455
vt 0.370147 0.021111
vt 0.369267 0.023776
vt 0.362166 0.014583
vt 0.362208 0.021792
vt 0.358708 0.018423
vt 0.772636 0.460980
vt 0.772635 0.463223
vt 0.627650 0.237004
vt 0.627650 0.236219
vt 0.543092 0.997715
vt 0.550761 0.997948
vt 0.669229 0.981355
vt 0.599899 0.981062
vt 0.333848 0.381654
vt 0.341061 0.380719
vt 0.341061 0.376956
vt 0.333848 0.376020
vt 0.684093 0.140772
vt 0.684093 0.112166
vt 0.698118 0.104069
vt 0.719309 0.112166
vt 0.722891 0.118371
vt 0.719309 0.140772
vt 0.705283 0.148869
s 0
usemtl M_WP_Revolver
f 4839/4839/2999 4840/4840/2999 4841/4841/2999
s 1
f 4842/4842/3000 4843/4843/3001 4844/4844/3002
f 4845/4845/3003 4846/4846/3004 4847/4847/3005
s 0
f 4848/4848/3006 4849/4849/3006 4850/4850/3006
f 4851/4851/2999 4852/4852/2999 4853/4853/2999
s 1
f 4854/4854/3007 4855/4855/3008 4856/4856/3009
f 4857/4857/3010 4858/4858/3011 4856/4856/3009
f 4859/4859/3012 4860/4860/3013 4861/4861/3014
f 4862/4862/3015 4863/4863/3016 4864/4864/3017
s 0
f 4865/4865/2999 4866/4866/2999 4867/4867/2999
s 1
f 4868/4868/3018 4869/4869/3019 4870/4870/3020
s 0
f 4871/4871/2999 4872/4872/2999 4873/4873/2999
f 4874/4874/3006 4875/4875/3006 4876/4876/3006
s 1
f 4877/4877/3021 4878/4878/3022 4879/4879/3023
s 0
f 4880/4880/3006 4881/4881/3006 4882/4882/3006
s 1
f 4883/4883/3024 4884/4884/3025 4885/4885/3026
f 4863/4863/3016 4883/4883/3024 4864/4864/3017
f 4886/4886/3027 4887/4887/3015 4888/4888/3028
f 4889/4889/3029 4890/4890/3030 4891/4891/3031
f 4892/4892/3032 4893/4893/3033 4894/4894/3034
f 4895/4895/3035 4896/4896/3036 4897/4897/3037
f 4895/4895/3035 4898/4897/3038 4899/4898/3039
f 4900/4899/3040 4901/4900/3041 4902/4901/3042
f 4894/4894/3034 4903/4902/3043 4904/4903/3032
f 4858/4858/3011 4905/4904/3044 4906/4905/3044
f 4903/4902/3043 4894/4894/3034 4907/4906/3045
f 4894/4894/3034 4893/4893/3033 4907/4906/3045
f 4905/4904/3044 4908/4907/3046 4909/4908/3044
f 4908/4907/3046 4905/4904/3044 4858/4858/3011
f 4910/4909/3047 4864/4864/3017 4911/4910/3048
f 4858/4858/3011 4854/4854/3007 4856/4856/3009
f 4864/4864/3017 4883/4883/3024 4885/4885/3026
f 4912/4911/3049 4913/4912/3050 4914/4913/3051
f 4915/4914/3052 4916/4915/3053 4917/4916/3054
s 0
f 4918/4917/3006 4919/4918/3006 4920/4919/3006
f 4921/4920/3006 4922/4921/3006 4923/4922/3006
f 4924/4923/2999 4925/4924/2999 4926/4925/2999
s 1
f 4927/4926/3055 4928/4927/3056 4929/4928/3057
f 4930/4929/3058 4931/4930/3059 4929/4928/3057
f 4932/4931/3060 4933/4932/3061 4934/4933/3062
f 4935/4934/3063 4936/4935/3064 4937/4936/3065
s 0
f 4938/4937/2999 4939/4938/2999 4940/4939/2999
s 1
f 4941/4940/3066 4942/4941/3067 4943/4942/3068
s 0
f 4944/4943/3006 4945/4944/3006 4946/4945/3006
f 4947/4946/2999 4948/4947/2999 4949/4948/2999
f 4950/4949/3006 4951/4950/3006 4952/4951/3006
s 1
f 4953/4952/3069 4931/4930/3059 4930/4929/3058
s 0
f 4954/4953/2999 4955/4954/2999 4956/4955/2999
s 1
f 4957/4956/3070 4958/4957/3071 4959/4958/3072
f 4936/4935/3064 4957/4956/3070 4937/4936/3065
f 4859/4859/3012 4960/4959/3063 4860/4860/3013
f 4961/4960/3073 4962/4961/3074 4963/4962/3075
f 4964/4963/3076 4965/4964/3077 4966/4965/3078
f 4967/4966/3079 4968/4967/3080 4969/4968/3081
f 4970/4969/3082 4971/4970/3083 4972/4971/3084
f 4970/4969/3082 4973/4971/3085 4974/4972/3086
f 4969/4968/3081 4975/4973/3087 4976/4974/3079
f 4931/4930/3059 4977/4975/3088 4978/4976/3088
f 4975/4973/3087 4969/4968/3081 4979/4977/3089
f 4969/4968/3081 4968/4967/3080 4979/4977/3089
f 4977/4975/3088 4980/4978/3090 4981/4979/3088
f 4980/4978/3090 4977/4975/3088 4931/4930/3059
f 4982/4980/3091 4937/4936/3065 4983/4981/3092
f 4931/4930/3059 4927/4926/3055 4929/4928/3057
f 4937/4936/3065 4957/4956/3070 4959/4958/3072
s 0
f 4984/4982/2999 4985/4983/2999 4986/4984/2999
s 1
f 4987/4985/3093 4988/4986/3094 4989/4987/3095
s 0
f 4990/4988/2999 4991/4989/2999 4992/4990/2999
s 1
f 4993/4991/3096 4994/4992/3097 4995/4993/3098
s 0
f 4996/4994/3006 4997/4995/3006 4998/4996/3006
s 1
f 4999/4997/3099 5000/4998/3100 5001/4999/3101
f 5002/5000/3102 5003/5001/3103 5001/4999/3101
f 5004/5002/3104 5005/5003/3105 5006/5004/3106
f 5007/5005/3107 5008/5006/3108 5009/5007/3109
f 5010/5008/3110 5011/5009/3111 5012/5010/3112
s 0
f 5013/5011/3006 5014/5012/3006 5015/5013/3006
s 1
f 5016/5014/3113 5003/5001/3103 5002/5000/3102
s 0
f 5017/5015/2999 5018/5016/2999 5019/5017/2999
s 1
f 5020/5018/3114 5021/5019/3115 5022/5020/3116
f 5008/5006/3108 5020/5018/3114 5009/5007/3109
f 4932/4931/3060 5023/5021/3107 4933/4932/3061
f 5024/5022/3117 5025/5023/3118 5026/5024/3119
f 5027/5025/3120 5028/5026/3121 5029/5027/3122
f 5026/5024/3119 5025/5023/3118 5030/5028/3123
f 5031/5029/3124 5027/5025/3120 5029/5027/3122
f 5032/5030/3125 5033/5031/3126 5034/5032/3127
f 5035/5033/3128 5036/5034/3129 5037/5035/3130
f 5035/5033/3131 5038/5035/3132 5039/5036/3133
f 5003/5001/3103 5040/5037/3134 5041/5038/3134
f 5034/5032/3127 5042/5039/3135 5043/5040/3125
f 5042/5039/3135 5034/5032/3127 5044/5041/3136
f 5034/5032/3127 5033/5031/3126 5044/5041/3136
f 5040/5037/3134 5045/5042/3137 5046/5043/3134
f 5045/5042/3137 5040/5037/3134 5003/5001/3103
f 5047/5044/3138 5009/5007/3109 5048/5045/3139
f 5003/5001/3103 4999/4997/3099 5001/4999/3101
f 5009/5007/3109 5020/5018/3114 5022/5020/3116
f 5049/5046/3140 5050/5047/3141 5051/5048/3142
f 5052/5049/3143 5053/5050/3144 5054/5051/3145
s 0
f 5055/5052/3006 5056/5053/3006 5057/5054/3006
s 1
f 5058/5055/3146 5059/5056/3147 5060/5057/3148
f 5061/5058/3149 5062/5059/3150 5060/5057/3148
f 5063/5060/3151 5064/5061/3152 5065/5062/3153
f 5066/5063/3154 5067/5064/3155 5068/5065/3156
f 5069/5066/3157 5070/5067/3158 5071/5068/3159
s 0
f 5072/5069/2999 5073/5070/2999 5074/5071/2999
f 5075/5072/2999 5076/5073/2999 5077/5074/2999
f 5078/5075/3006 5079/5076/3006 5080/5077/3006
s 1
f 5081/5078/3160 5062/5059/3150 5061/5058/3149
f 5082/5079/3161 5083/5080/3162 5084/5081/3163
f 5067/5064/3155 5082/5079/3161 5068/5065/3156
f 5004/5002/3104 5085/5082/3154 5005/5003/3105
f 5086/5083/3164 5087/5084/3165 5088/5085/3166
f 5089/5086/3167 5090/5087/3168 5091/5088/3169
f 5092/5089/3170 5093/5090/3171 5094/5091/3172
f 5095/5092/3173 5096/5093/3174 5097/5094/3175
f 5095/5092/3173 5098/5094/3176 5099/5095/3177
f 5091/5088/3169 5100/5096/3178 5101/5097/3167
f 5062/5059/3150 5102/5098/3179 5103/5099/3179
f 5100/5096/3178 5091/5088/3169 5104/5100/3180
f 5091/5088/3169 5090/5087/3168 5104/5100/3180
f 5102/5098/3179 5105/5101/3181 5106/5102/3179
f 5105/5101/3181 5102/5098/3179 5062/5059/3150
f 5107/5103/3182 5068/5065/3156 5108/5104/3183
f 5062/5059/3150 5058/5055/3146 5060/5057/3148
f 5068/5065/3156 5082/5079/3161 5084/5081/3163
f 5109/5105/3184 5110/5106/3185 5111/5107/3186
f 5112/5108/3187 5113/5109/3188 5114/5110/3189
s 0
f 5115/5111/3006 5116/5112/3006 5117/5113/3006
s 1
f 5118/5114/3190 5119/5115/3191 5120/5116/3192
f 5121/5117/3193 5122/5118/3194 5120/5116/3192
f 5123/5119/3195 5124/5120/3196 5125/5121/3197
f 5126/5122/3198 5127/5123/3199 5128/5124/3200
s 0
f 5129/5125/2999 5130/5126/2999 5131/5127/2999
s 1
f 5132/5128/3201 5133/5129/3202 5134/5130/3203
s 0
f 5135/5131/3006 5136/5132/3006 5137/5133/3006
s 1
f 5138/5134/3197 5122/5118/3194 5121/5117/3193
s 0
f 5139/5135/3006 5140/5136/3006 5141/5137/3006
s 1
f 5142/5138/3204 5143/5139/3205 5144/5140/3206
f 5127/5123/3199 5142/5138/3204 5128/5124/3200
f 5063/5060/3151 5145/5141/3198 5064/5061/3152
f 5146/5142/3207 5147/5143/3208 5148/5144/3209
f 5149/5145/3210 5150/5146/3211 5151/5147/3212
f 5152/5148/3213 5153/5149/3214 5154/5150/3215
f 5152/5148/3213 5155/5150/3216 5156/5151/3217
f 5151/5147/3212 5157/5152/3218 5158/5153/3210
f 5159/5154/3219 5160/5155/3220 5161/5156/3221
f 5122/5118/3194 5162/5157/3222 5163/5158/3222
f 5157/5152/3218 5151/5147/3212 5164/5159/3223
f 5151/5147/3212 5150/5146/3211 5164/5159/3223
f 5162/5157/3222 5165/5160/3224 5166/5161/3222
f 5165/5160/3224 5162/5157/3222 5122/5118/3194
f 5167/5162/3225 5128/5124/3200 5168/5163/3226
f 5122/5118/3194 5118/5114/3190 5120/5116/3192
f 5128/5124/3200 5142/5138/3204 5144/5140/3206
f 5169/5164/3227 5170/5165/3228 5171/5166/3229
s 0
f 5172/5167/2999 5173/5168/2999 5174/5169/2999
s 1
f 5175/5170/3230 5176/5171/3231 5177/5172/3232
s 0
f 5178/5173/3006 5179/5174/3006 5180/5175/3006
s 1
f 5181/5176/3233 5182/5177/3234 5183/5178/3235
f 4879/4879/3023 4878/4878/3022 5183/5178/3235
f 4886/4886/3027 4888/4888/3028 5184/5179/3236
f 5185/5180/3237 5186/5181/3238 5187/5182/3239
f 5188/5183/3240 5189/5184/3241 5190/5185/3242
s 0
f 5191/5186/2999 5192/5187/2999 5193/5188/2999
f 5194/5189/2999 5195/5190/2999 5196/5191/2999
f 5197/5192/3006 5198/5193/3006 5199/5194/3006
s 1
f 5200/5195/3243 5201/5196/3244 5202/5197/3245
f 5186/5181/3238 5200/5195/3243 5187/5182/3239
f 5123/5119/3195 5203/5198/3246 5124/5120/3196
f 5204/5199/3247 5205/5200/3248 5206/5201/3249
f 5207/5202/3250 5208/5203/3251 5209/5204/3252
f 5210/5205/3253 5211/5206/3254 5212/5207/3255
f 5213/5208/3256 5214/5209/3257 5215/5210/3258
f 5213/5208/3256 5216/5210/3259 5217/5211/3260
f 5212/5207/3255 5218/5212/3261 5219/5213/3253
f 4878/4878/3022 5220/5214/3262 5221/5215/3262
f 5218/5212/3261 5212/5207/3255 5222/5216/3263
f 5212/5207/3255 5211/5206/3254 5222/5216/3263
f 5220/5214/3262 5223/5217/3264 5224/5218/3262
f 5223/5217/3264 5220/5214/3262 4878/4878/3022
f 5225/5219/3265 5187/5182/3239 5226/5220/3266
f 4878/4878/3022 5181/5176/3233 5183/5178/3235
f 5187/5182/3239 5200/5195/3243 5202/5197/3245
f 5227/5221/3267 4858/4858/3011 4857/4857/3010
s 0
f 5228/5222/3006 5229/5223/3006 5230/5224/3006
f 5231/5225/3006 5232/5226/3006 5233/5227/3006
f 5234/5228/2999 5235/5229/2999 5236/5230/2999
f 5237/5231/3006 5238/5232/3006 5239/5233/3006
s 1
f 5240/5234/3268 5241/5235/3269 5242/5236/3270
f 5243/5237/3271 5244/5238/3272 5245/5239/3273
f 5246/5240/3274 5247/5241/3275 5248/5242/3276
f 5249/5243/3277 5250/5244/3278 5251/5245/3279
f 5252/5246/3280 5253/5247/3281 5254/5248/3282
f 5255/5249/3283 5256/5250/3284 5257/5251/3285
f 5258/5252/3286 5259/5253/3287 5209/5204/3252
f 5259/5253/3287 5207/5202/3250 5209/5204/3252
f 5260/5254/3288 5205/5200/3248 5204/5199/3247
f 5261/5255/3289 5260/5254/3288 5204/5199/3247
f 5262/5256/3290 5263/5257/3291 4902/4901/3042
f 5263/5257/3291 4900/4899/3040 4902/4901/3042
f 5264/5258/3292 5265/5259/3293 4891/4891/3031
f 5265/5259/3293 4889/4889/3029 4891/4891/3031
f 5266/5260/3294 4961/4960/3073 4963/4962/3075
f 5267/5261/3295 5268/5262/3296 4966/4965/3078
f 5268/5262/3296 4964/4963/3076 4966/4965/3078
f 5269/5263/3297 5266/5260/3294 4963/4962/3075
f 5027/5025/3120 5270/5264/3298 5028/5026/3121
f 5271/5265/3299 5024/5022/3117 5026/5024/3119
f 5272/5266/3300 5273/5267/3301 5094/5091/3172
f 5273/5267/3301 5092/5089/3170 5094/5091/3172
f 5274/5268/3302 5275/5269/3303 5088/5085/3166
f 5275/5269/3303 5086/5083/3164 5088/5085/3166
f 5276/5270/3304 5277/5271/3305 5161/5156/3221
f 5277/5271/3305 5159/5154/3219 5161/5156/3221
f 5278/5272/3306 5146/5142/3207 5148/5144/3209
f 5279/5273/3307 5278/5272/3306 5148/5144/3209
s 0
f 5280/5274/3006 5281/5275/3006 5239/5233/3006
f 5238/5232/3006 5280/5274/3006 5239/5233/3006
f 5281/5275/3006 5237/5231/3006 5239/5233/3006
s 1
f 5282/5276/3308 5283/5277/3308 5284/5278/3309
f 5282/5276/3308 5284/5278/3309 5285/5279/3309
f 5286/5280/3310 5287/5281/3311 5288/5282/3311
f 5286/5280/3310 5288/5282/3311 5289/5283/3310
f 5290/5284/3312 5291/5285/3313 5292/5286/3314
f 5290/5284/3312 5292/5286/3314 5293/5287/3315
s 0
f 4839/4839/2999 5294/5288/2999 5295/5289/2999
f 4839/4839/2999 5295/5289/2999 4840/4840/2999
s 1
f 4864/4864/3017 4910/4909/3047 5296/5290/3028
f 4864/4864/3017 5296/5290/3028 4888/4888/3028
f 5297/5291/3316 5298/5292/3317 5299/5293/3318
f 5297/5291/3316 5299/5293/3318 5300/5294/3319
f 5301/5295/3320 5302/5296/3321 5303/5297/3322
f 5301/5295/3320 5303/5297/3322 5304/5298/3323
f 5305/5299/3324 5306/5300/3325 5307/5301/3326
f 5305/5299/3324 5307/5301/3326 5308/5302/3326
s 0
f 5309/5303/3006 5310/5304/3006 5311/5305/3006
f 5309/5303/3006 5311/5305/3006 5312/5306/3006
f 5313/5307/3006 5314/5308/3006 5315/5309/3006
f 5313/5307/3006 5315/5309/3006 5316/5310/3006
s 1
f 5317/5311/3327 5318/5312/3328 4942/4941/3067
f 5317/5311/3327 4942/4941/3067 4941/4940/3066
f 5319/5313/3329 5320/5314/3330 5321/5315/3331
f 5319/5313/3329 5321/5315/3331 5322/5316/3332
f 5307/5301/3326 5300/5294/3319 5299/5293/3318
f 5307/5301/3326 5299/5293/3318 5308/5302/3326
s 0
f 5323/5317/3006 5312/5306/3006 5311/5305/3006
f 5323/5317/3006 5311/5305/3006 5324/5318/3006
s 1
f 5325/5319/3333 5326/5320/3334 5327/5321/3334
f 5325/5319/3333 5327/5321/3334 5328/5322/3335
f 5326/5320/3334 5329/5323/3336 5330/5324/3337
f 5326/5320/3334 5330/5324/3337 5327/5321/3334
f 5329/5323/3336 5331/5325/3338 5332/5326/3339
f 5329/5323/3336 5332/5326/3339 5330/5324/3337
s 0
f 5333/5327/3006 5334/5328/3006 5310/5304/3006
f 5333/5327/3006 5310/5304/3006 5309/5303/3006
s 1
f 5290/5284/3312 5293/5287/3315 5335/5329/3340
f 5290/5284/3312 5335/5329/3340 5336/5330/3340
s 0
f 5337/5331/3006 5323/5317/3006 5324/5318/3006
f 5337/5331/3006 5324/5318/3006 5338/5332/3006
f 5339/5333/3341 5340/5334/3341 5341/5335/3341
f 5339/5333/3341 5341/5335/3341 5342/5336/3341
s 1
f 5343/5337/3342 5344/5338/3343 5345/5339/3344
f 5343/5337/3342 5345/5339/3344 5346/5340/3345
f 5347/5341/3346 5348/5342/3347 5349/5343/3348
f 5347/5341/3346 5349/5343/3348 5350/5344/3349
f 5302/5296/3321 5351/5345/3350 5352/5346/3351
f 5302/5296/3321 5352/5346/3351 5303/5297/3322
f 5353/5347/3352 5354/5348/3353 5355/5349/3354
f 5353/5347/3352 5355/5349/3354 5356/5350/3355
f 5357/5351/3356 5358/5352/3357 5348/5342/3347
f 5357/5351/3356 5348/5342/3347 5359/5353/3358
f 5284/5278/3309 5360/5354/3359 5361/5355/3359
f 5284/5278/3309 5361/5355/3359 5285/5279/3309
f 5362/5356/3360 5363/5357/3360 5364/5358/3361
f 5362/5356/3360 5364/5358/3361 5365/5359/3361
f 5366/5360/3362 5367/5361/3362 5368/5362/3363
f 5366/5360/3362 5368/5362/3363 5369/5363/3364
f 5366/5360/3362 5370/5364/3365 5371/5365/3365
f 5366/5360/3362 5371/5365/3365 5367/5361/3362
s 0
f 5372/5366/2999 5373/5367/2999 5374/5368/2999
f 5372/5366/2999 5374/5368/2999 5375/5369/2999
s 1
f 5376/5370/3366 5286/5280/3310 5289/5283/3310
f 5376/5370/3366 5289/5283/3310 5377/5371/3366
f 5378/5372/3367 5359/5353/3358 5348/5342/3347
f 5378/5372/3367 5348/5342/3347 5347/5341/3346
f 5358/5352/3357 5379/5373/3368 5349/5343/3348
f 5358/5352/3357 5349/5343/3348 5348/5342/3347
f 5379/5373/3368 5380/5374/3369 5319/5313/3329
f 5379/5373/3368 5319/5313/3329 5322/5316/3332
s 0
f 5375/5369/2999 4871/4871/2999 4873/4873/2999
f 5375/5369/2999 4873/4873/2999 5372/5366/2999
s 1
f 5381/5375/3370 5382/5376/3371 5383/5377/3372
f 5381/5375/3370 5383/5377/3372 5384/5378/3373
f 5385/5379/3374 5386/5380/3375 5387/5381/3376
f 5385/5379/3374 5387/5381/3376 5388/5382/3377
f 5389/5383/3378 5390/5384/3379 5391/5385/3380
f 5389/5383/3378 5391/5385/3380 5392/5386/3381
f 5386/5380/3375 5393/5387/3382 5394/5388/3382
f 5386/5380/3375 5394/5388/3382 5387/5381/3376
f 5357/5351/3356 5395/5389/3383 5396/5390/3384
f 5357/5351/3356 5396/5390/3384 5358/5352/3357
f 4845/4845/3003 4847/4847/3005 5350/5344/3349
f 4845/4845/3003 5350/5344/3349 5349/5343/3348
f 5322/5316/3332 5321/5315/3331 4846/4846/3004
f 5322/5316/3332 4846/4846/3004 4845/4845/3003
s 0
f 5397/5391/2999 5398/5392/2999 5295/5289/2999
f 5397/5391/2999 5295/5289/2999 5294/5288/2999
f 4850/4850/3006 4849/4849/3006 5399/5393/3006
f 4850/4850/3006 5399/5393/3006 5400/5394/3006
s 1
f 4843/4843/3001 5401/5395/3385 5402/5396/3386
f 4843/4843/3001 5402/5396/3386 5403/5397/3387
s 0
f 5397/5391/2999 4872/4872/2999 4871/4871/2999
f 5397/5391/2999 4871/4871/2999 5398/5392/2999
s 1
f 5404/5398/3388 5319/5313/3329 5380/5374/3369
f 5404/5398/3388 5380/5374/3369 5405/5399/3389
f 5379/5373/3368 5322/5316/3332 4845/4845/3003
f 5379/5373/3368 4845/4845/3003 5349/5343/3348
s 0
f 5406/5400/2999 5407/5401/2999 5408/5402/2999
f 5406/5400/2999 5408/5402/2999 5409/5403/2999
s 1
f 5410/5404/3390 5411/5405/3391 5412/5406/3392
f 5410/5404/3390 5412/5406/3392 5413/5407/3393
f 5414/5408/3394 5415/5409/3395 4959/4958/3072
f 5414/5408/3394 4959/4958/3072 4958/4957/3071
f 5416/5410/3396 5417/5411/3397 5418/5412/3325
f 5416/5410/3396 5418/5412/3325 5419/5413/3398
f 4908/4907/3046 5384/5378/3373 5383/5377/3372
f 4908/4907/3046 5383/5377/3372 4909/4908/3044
f 4931/4930/3059 4933/4932/3061 5420/5414/3061
f 4931/4930/3059 5420/5414/3061 4980/4978/3090
s 0
f 5333/5327/3006 5421/5415/3006 5422/5416/3006
f 5333/5327/3006 5422/5416/3006 5334/5328/3006
s 1
f 5351/5345/3350 5423/5417/3399 5424/5418/3400
f 5351/5345/3350 5424/5418/3400 5352/5346/3351
f 5425/5419/3401 5426/5420/3402 5427/5421/3403
f 5425/5419/3401 5427/5421/3403 5428/5422/3404
f 4861/4861/3014 4860/4860/3013 4858/4858/3011
f 4861/4861/3014 4858/4858/3011 5227/5221/3267
f 4854/4854/3007 5299/5293/3318 5298/5292/3317
f 4854/4854/3007 5298/5292/3317 4855/4855/3008
f 5429/5423/3405 5430/5424/3406 5431/5425/3407
f 5429/5423/3405 5431/5425/3407 5432/5426/3408
s 0
f 5433/5427/2999 5408/5402/2999 5407/5401/2999
f 5433/5427/2999 5407/5401/2999 5434/5428/2999
s 1
f 4864/4864/3017 4885/4885/3026 5435/5429/3409
f 4864/4864/3017 5435/5429/3409 4911/4910/3048
f 5369/5363/3364 5368/5362/3363 5436/5430/3410
f 5369/5363/3364 5436/5430/3410 5437/5431/3411
s 0
f 5438/5432/3006 5439/5433/3006 5440/5434/3006
f 5438/5432/3006 5440/5434/3006 5441/5435/3006
f 5442/5436/3006 5443/5437/3006 5444/5438/3006
f 5442/5436/3006 5444/5438/3006 5445/5439/3006
s 1
f 5446/5440/3412 5447/5441/3413 5448/5442/3414
f 5446/5440/3412 5448/5442/3414 5401/5395/3385
s 0
f 5449/5443/3006 5450/5444/3006 5451/5445/3006
f 5449/5443/3006 5451/5445/3006 5452/5446/3006
s 1
f 5288/5282/3311 5287/5281/3311 5365/5359/3361
f 5288/5282/3311 5365/5359/3361 5364/5358/3361
f 5306/5300/3325 5305/5299/3324 5428/5422/3404
f 5306/5300/3325 5428/5422/3404 5427/5421/3403
s 0
f 5453/5447/3006 5454/5448/3006 5440/5434/3006
f 5453/5447/3006 5440/5434/3006 5439/5433/3006
s 1
f 5455/5449/3415 5456/5450/3416 5457/5451/3417
f 5455/5449/3415 5457/5451/3417 5458/5452/3417
f 5458/5452/3417 5457/5451/3417 5459/5453/3418
f 5458/5452/3417 5459/5453/3418 5460/5454/3419
f 5460/5454/3419 5459/5453/3418 5346/5340/3345
f 5460/5454/3419 5346/5340/3345 5345/5339/3344
s 0
f 5461/5455/3006 5462/5456/3006 5454/5448/3006
f 5461/5455/3006 5454/5448/3006 5453/5447/3006
f 5463/5457/3006 5280/5274/3006 5314/5308/3006
f 5463/5457/3006 5314/5308/3006 5313/5307/3006
f 5464/5458/3006 5438/5432/3006 5441/5435/3006
f 5464/5458/3006 5441/5435/3006 5465/5459/3006
s 1
f 5447/5441/3413 5466/5460/3420 5467/5461/3421
f 5447/5441/3413 5467/5461/3421 5448/5442/3414
f 5468/5462/3422 5467/5461/3421 4868/4868/3018
f 5468/5462/3422 4868/4868/3018 5430/5424/3406
f 5402/5396/3386 5401/5395/3385 5448/5442/3414
f 5402/5396/3386 5448/5442/3414 5469/5463/3423
f 5282/5276/3308 5336/5330/3340 5335/5329/3340
f 5282/5276/3308 5335/5329/3340 5283/5277/3308
f 5470/5464/3424 5471/5465/3424 5292/5286/3314
f 5470/5464/3424 5292/5286/3314 5291/5285/3313
f 5472/5466/3425 5473/5467/3426 5474/5468/3426
f 5472/5466/3425 5474/5468/3426 5475/5469/3425
f 5476/5470/3427 5477/5471/3427 5371/5365/3365
f 5476/5470/3427 5371/5365/3365 5370/5364/3365
f 5437/5431/3411 5436/5430/3410 5376/5370/3366
f 5437/5431/3411 5376/5370/3366 5377/5371/3366
f 5478/5472/3428 5479/5473/3429 5480/5474/3430
f 5478/5472/3428 5480/5474/3430 5481/5475/3431
f 5468/5462/3422 5480/5474/3430 5479/5473/3429
f 5468/5462/3422 5479/5473/3429 5469/5463/3423
f 5482/5476/3432 5483/5477/3432 5484/5478/3433
f 5482/5476/3432 5484/5478/3433 5485/5479/3434
f 5486/5480/3435 5487/5481/3436 5488/5482/3437
f 5486/5480/3435 5488/5482/3437 5489/5483/3438
f 5485/5479/3434 5484/5478/3433 5490/5484/3439
f 5485/5479/3434 5490/5484/3439 5491/5485/3439
f 5469/5463/3423 5448/5442/3414 5467/5461/3421
f 5469/5463/3423 5467/5461/3421 5468/5462/3422
f 5492/5486/3440 5493/5487/3441 5403/5397/3387
f 5492/5486/3440 5403/5397/3387 5402/5396/3386
f 5430/5424/3406 4868/4868/3018 4870/4870/3020
f 5430/5424/3406 4870/4870/3020 5431/5425/3407
f 5357/5351/3356 5359/5353/3358 5241/5235/3269
f 5357/5351/3356 5241/5235/3269 5494/5488/3442
s 0
f 4875/4875/3006 5495/5489/3006 5496/5490/3006
f 4875/4875/3006 5496/5490/3006 4876/4876/3006
f 5497/5491/2999 5498/5492/2999 4852/4852/2999
f 5497/5491/2999 4852/4852/2999 4851/4851/2999
f 5498/5492/2999 5497/5491/2999 5499/5493/2999
f 5498/5492/2999 5499/5493/2999 5500/5494/2999
f 5501/5495/2999 5502/5496/2999 4866/4866/2999
f 5501/5495/2999 4866/4866/2999 4865/4865/2999
s 1
f 5479/5473/3429 5492/5486/3440 5402/5396/3386
f 5479/5473/3429 5402/5396/3386 5469/5463/3423
s 0
f 4925/4924/2999 5503/5497/2999 5504/5498/2999
f 4925/4924/2999 5504/5498/2999 4926/4925/2999
s 1
f 5241/5235/3269 5359/5353/3358 5378/5372/3367
f 5241/5235/3269 5378/5372/3367 5242/5236/3270
f 4910/4909/3047 4911/4910/3048 5505/5499/3443
f 4910/4909/3047 5505/5499/3443 5506/5500/3444
f 5507/5501/3445 5508/5502/3446 5509/5503/3447
f 5507/5501/3445 5509/5503/3447 5510/5504/3448
f 5506/5500/3444 5505/5499/3443 5416/5410/3396
f 5506/5500/3444 5416/5410/3396 5419/5413/3398
f 5181/5176/3233 5488/5482/3437 5511/5505/3449
f 5181/5176/3233 5511/5505/3449 5182/5177/3234
f 4887/4887/3015 4862/4862/3015 4864/4864/3017
f 4887/4887/3015 4864/4864/3017 4888/4888/3028
f 5305/5299/3324 5308/5302/3326 5512/5506/3450
f 5305/5299/3324 5512/5506/3450 5513/5507/3451
f 5514/5508/3452 5515/5509/3453 5516/5510/3454
f 5514/5508/3452 5516/5510/3454 5517/5511/3455
f 5435/5429/3409 4885/4885/3026 5428/5422/3404
f 5435/5429/3409 5428/5422/3404 5518/5512/3456
f 5428/5422/3404 5305/5299/3324 5513/5507/3451
f 5428/5422/3404 5513/5507/3451 5518/5512/3456
f 5519/5513/3457 5418/5412/3325 5417/5411/3397
f 5519/5513/3457 5417/5411/3397 5520/5514/3458
f 5299/5293/3318 4854/4854/3007 5521/5515/3459
f 5299/5293/3318 5521/5515/3459 5522/5516/3371
f 5382/5376/3371 5381/5375/3370 5523/5517/3460
f 5382/5376/3371 5523/5517/3460 5524/5518/3371
f 5512/5506/3450 5308/5302/3326 5299/5293/3318
f 5512/5506/3450 5299/5293/3318 5525/5519/3461
f 5263/5257/3291 5526/5520/3462 5527/5521/3462
f 5263/5257/3291 5527/5521/3462 4900/4899/3040
f 5527/5521/3462 5526/5520/3462 4889/4889/3029
f 5527/5521/3462 4889/4889/3029 5265/5259/3293
f 5528/5522/3463 5529/5523/3464 5530/5524/3465
f 5528/5522/3463 5530/5524/3465 5531/5525/3466
f 5525/5519/3461 5299/5293/3318 5522/5516/3371
f 5525/5519/3461 5522/5516/3371 5532/5526/3371
f 5533/5527/3467 5534/5528/3468 5535/5529/3469
f 5533/5527/3467 5535/5529/3469 5536/5530/3470
f 5537/5530/3471 5535/5529/3469 5538/5531/3472
f 5537/5530/3471 5538/5531/3472 5539/5532/3473
f 5540/5532/3474 5538/5531/3472 5541/5533/3475
f 5540/5532/3474 5541/5533/3475 5542/5534/3476
f 5543/5534/3477 5541/5533/3475 5544/5535/3478
f 5543/5534/3477 5544/5535/3478 5545/5536/3479
f 5546/5537/3480 5304/5298/3323 5535/5529/3469
f 5546/5537/3480 5535/5529/3469 5534/5528/3468
f 5304/5298/3323 5303/5297/3322 5538/5531/3472
f 5304/5298/3323 5538/5531/3472 5535/5529/3469
f 5541/5533/3475 5538/5531/3472 5303/5297/3322
f 5541/5533/3475 5303/5297/3322 5352/5346/3351
f 5544/5535/3478 5541/5533/3475 5352/5346/3351
f 5544/5535/3478 5352/5346/3351 5424/5418/3400
f 5547/5538/3481 5301/5295/3320 5304/5298/3323
f 5547/5538/3481 5304/5298/3323 5546/5537/3480
f 5491/5485/3439 5490/5484/3439 5394/5388/3382
f 5491/5485/3439 5394/5388/3382 5393/5387/3382
f 5301/5295/3320 5547/5538/3481 5548/5539/3482
f 5301/5295/3320 5548/5539/3482 5549/5540/3483
f 5302/5296/3321 5301/5295/3320 5549/5540/3483
f 5302/5296/3321 5549/5540/3483 5550/5541/3484
f 5550/5541/3484 5551/5542/3485 5351/5345/3350
f 5550/5541/3484 5351/5345/3350 5302/5296/3321
f 5551/5542/3485 5552/5543/3486 5423/5417/3399
f 5551/5542/3485 5423/5417/3399 5351/5345/3350
f 5549/5540/3483 5548/5539/3482 5553/5544/3487
f 5549/5540/3483 5553/5544/3487 4896/4896/3036
f 5550/5541/3484 5549/5540/3483 4896/4896/3036
f 5550/5541/3484 4896/4896/3036 4895/4895/3035
f 4895/4895/3035 4899/4898/3039 5551/5542/3485
f 4895/4895/3035 5551/5542/3485 5550/5541/3484
f 4899/4898/3039 5554/5545/3488 5552/5543/3486
f 4899/4898/3039 5552/5543/3486 5551/5542/3485
f 4896/4896/3036 5553/5544/3487 5555/5546/3489
f 4896/4896/3036 5555/5546/3489 4897/4897/3037
f 5554/5545/3488 4899/4898/3039 4898/4897/3038
f 5554/5545/3488 4898/4897/3038 5556/5546/3490
f 5557/5547/3491 5530/5524/3465 5529/5523/3464
f 5557/5547/3491 5529/5523/3464 5558/5548/3491
f 4854/4854/3007 4858/4858/3011 4906/4905/3044
f 4854/4854/3007 4906/4905/3044 5521/5515/3459
f 5559/5549/3492 5528/5522/3463 5531/5525/3466
f 5559/5549/3492 5531/5525/3466 5560/5550/3493
f 5561/5551/3494 5562/5552/3494 5472/5466/3425
f 5561/5551/3494 5472/5466/3425 5475/5469/3425
s 0
f 5233/5227/3006 5232/5226/3006 5563/5553/3006
f 5233/5227/3006 5563/5553/3006 5564/5554/3006
s 1
f 5565/5555/3495 5566/5556/3496 5567/5557/3497
f 5565/5555/3495 5567/5557/3497 5568/5558/3498
s 0
f 5018/5016/2999 5569/5559/2999 5570/5560/2999
f 5018/5016/2999 5570/5560/2999 5019/5017/2999
f 5571/5561/2999 5572/5562/2999 5017/5015/2999
f 5571/5561/2999 5017/5015/2999 5019/5017/2999
s 1
f 4937/4936/3065 4982/4980/3091 5573/5563/3013
f 4937/4936/3065 5573/5563/3013 4860/4860/3013
f 5474/5468/3426 5473/5467/3426 5574/5564/3499
f 5474/5468/3426 5574/5564/3499 5575/5565/3499
f 5576/5566/3500 5577/5567/3501 5578/5568/3502
f 5576/5566/3500 5578/5568/3502 5579/5569/3503
f 5580/5570/3504 5581/5571/3505 5582/5572/3506
f 5580/5570/3504 5582/5572/3506 5583/5573/3506
s 0
f 5584/5574/3006 5585/5575/3006 5586/5576/3006
f 5584/5574/3006 5586/5576/3006 5587/5577/3006
f 5588/5578/3507 5589/5579/3507 5590/5580/3507
f 5588/5578/3507 5590/5580/3507 5591/5581/3507
s 1
f 5592/5582/3508 5593/5583/3509 5011/5009/3111
f 5592/5582/3508 5011/5009/3111 5010/5008/3110
f 5594/5584/3510 5595/5585/3511 5596/5586/3511
f 5594/5584/3510 5596/5586/3511 5597/5587/3510
f 5582/5572/3506 5598/5588/3512 5599/5589/3513
f 5582/5572/3506 5599/5589/3513 5583/5573/3506
s 0
f 5600/5590/3006 5587/5577/3006 5586/5576/3006
f 5600/5590/3006 5586/5576/3006 5601/5591/3006
s 1
f 5602/5592/3514 5603/5593/3515 5604/5594/3515
f 5602/5592/3514 5604/5594/3515 5605/5595/3514
f 5603/5593/3515 5606/5596/3516 5607/5597/3517
f 5603/5593/3515 5607/5597/3517 5604/5594/3515
f 5606/5596/3516 5608/5598/3518 5609/5599/3519
f 5606/5596/3516 5609/5599/3519 5607/5597/3517
s 0
f 5610/5600/3006 5611/5601/3006 5585/5575/3006
f 5610/5600/3006 5585/5575/3006 5584/5574/3006
s 1
f 5566/5556/3496 5565/5555/3495 5612/5602/3520
f 5566/5556/3496 5612/5602/3520 5613/5603/3520
s 0
f 5614/5604/3006 5600/5590/3006 5601/5591/3006
f 5614/5604/3006 5601/5591/3006 5615/5605/3006
f 5616/5606/3006 5617/5607/3006 5618/5608/3006
f 5616/5606/3006 5618/5608/3006 5619/5609/3006
s 1
f 5620/5610/3521 5621/5611/3522 5622/5612/3523
f 5620/5610/3521 5622/5612/3523 5623/5613/3524
f 5577/5567/3501 5624/5614/3525 5625/5615/3526
f 5577/5567/3501 5625/5615/3526 5578/5568/3502
f 5626/5616/3527 5627/5617/3528 5628/5618/3529
f 5626/5616/3527 5628/5618/3529 5629/5619/3530
f 5353/5347/3352 5410/5404/3390 5621/5611/3522
f 5353/5347/3352 5621/5611/3522 5630/5620/3531
f 5631/5621/3532 5632/5622/3532 5633/5623/3533
f 5631/5621/3532 5633/5623/3533 5634/5624/3534
f 5635/5625/3535 5636/5626/3535 5637/5627/3536
f 5635/5625/3535 5637/5627/3536 5638/5628/3536
f 5639/5629/3537 5613/5603/3520 5612/5602/3520
f 5639/5629/3537 5612/5602/3520 5640/5630/3537
f 5631/5621/3532 5638/5628/3536 5637/5627/3536
f 5631/5621/3532 5637/5627/3536 5632/5622/3532
s 0
f 5641/5631/2999 5504/5498/2999 5503/5497/2999
f 5641/5631/2999 5503/5497/2999 5642/5632/2999
s 1
f 5643/5633/3538 5594/5584/3510 5597/5587/3510
f 5643/5633/3538 5597/5587/3510 5644/5634/3538
f 5645/5635/3539 5630/5620/3531 5621/5611/3522
f 5645/5635/3539 5621/5611/3522 5620/5610/3521
f 5410/5404/3390 5413/5407/3393 5622/5612/3523
f 5410/5404/3390 5622/5612/3523 5621/5611/3522
f 5413/5407/3393 5412/5406/3392 5646/5636/3540
f 5413/5407/3393 5646/5636/3540 5647/5637/3541
s 0
f 5642/5632/2999 4947/4946/2999 4949/4948/2999
f 5642/5632/2999 4949/4948/2999 5641/5631/2999
s 1
f 5510/5504/3448 5648/5638/3542 5649/5639/3543
f 5510/5504/3448 5649/5639/3543 5650/5640/3544
f 5651/5641/3545 5652/5642/3546 5653/5643/3547
f 5651/5641/3545 5653/5643/3547 5654/5644/3548
f 5652/5642/3546 5655/5645/3549 5656/5646/3549
f 5652/5642/3546 5656/5646/3549 5653/5643/3547
f 5353/5347/3352 5356/5350/3355 5411/5405/3391
f 5353/5347/3352 5411/5405/3391 5410/5404/3390
f 4915/4914/3052 4917/4916/3054 5623/5613/3524
f 4915/4914/3052 5623/5613/3524 5622/5612/3523
f 5647/5637/3541 5657/5647/3550 4916/4915/3053
f 5647/5637/3541 4916/4915/3053 4915/4914/3052
s 0
f 5658/5648/2999 5659/5649/2999 5570/5560/2999
f 5658/5648/2999 5570/5560/2999 5569/5559/2999
f 4920/4919/3006 4919/4918/3006 5660/5650/3006
f 4920/4919/3006 5660/5650/3006 5661/5651/3006
s 1
f 4913/4912/3050 5662/5652/3551 5663/5653/3552
f 4913/4912/3050 5663/5653/3552 5664/5654/3553
s 0
f 5658/5648/2999 4948/4947/2999 4947/4946/2999
f 5658/5648/2999 4947/4946/2999 5659/5649/2999
s 1
f 5665/5655/3554 5646/5636/3540 5412/5406/3392
f 5665/5655/3554 5412/5406/3392 5666/5656/3555
f 5413/5407/3393 5647/5637/3541 4915/4914/3052
f 5413/5407/3393 4915/4914/3052 5622/5612/3523
s 0
f 5667/5657/2999 5018/5016/2999 5017/5015/2999
f 5667/5657/2999 5017/5015/2999 5668/5658/2999
s 1
f 5253/5247/3281 5669/5659/3556 5670/5660/3557
f 5253/5247/3281 5670/5660/3557 5254/5248/3282
f 5671/5661/3558 5672/5662/3559 5673/5663/3505
f 5671/5661/3558 5673/5663/3505 5674/5664/3560
f 4980/4978/3090 5650/5640/3544 5649/5639/3543
f 4980/4978/3090 5649/5639/3543 4981/4979/3088
f 5003/5001/3103 5005/5003/3105 5675/5665/3105
f 5003/5001/3103 5675/5665/3105 5045/5042/3137
s 0
f 5610/5600/3006 5676/5666/3006 5677/5667/3006
f 5610/5600/3006 5677/5667/3006 5611/5601/3006
s 1
f 5624/5614/3525 5678/5668/3561 5679/5669/3562
f 5624/5614/3525 5679/5669/3562 5625/5615/3526
f 5414/5408/3394 5680/5670/3563 5681/5671/3564
f 5414/5408/3394 5681/5671/3564 5415/5409/3395
f 4934/4933/3062 4933/4932/3061 4931/4930/3059
f 4934/4933/3062 4931/4930/3059 4953/4952/3069
f 5319/5313/3329 5404/5398/3388 5682/5672/3565
f 5319/5313/3329 5682/5672/3565 5320/5314/3330
s 0
f 5683/5673/2999 4839/4839/2999 4841/4841/2999
f 5683/5673/2999 4841/4841/2999 5684/5674/2999
f 5685/5675/2999 5686/5676/2999 5687/5677/2999
f 5685/5675/2999 5687/5677/2999 5688/5678/2999
s 1
f 4937/4936/3065 4959/4958/3072 5689/5679/3566
f 4937/4936/3065 5689/5679/3566 4983/4981/3092
f 5690/5680/3567 5634/5624/3534 5633/5623/3533
f 5690/5680/3567 5633/5623/3533 5691/5681/3568
s 0
f 5692/5682/3006 5693/5683/3006 5694/5684/3006
f 5692/5682/3006 5694/5684/3006 5695/5685/3006
s 1
f 5696/5686/3569 5697/5687/3570 5698/5688/3571
f 5696/5686/3569 5698/5688/3571 5662/5652/3551
f 5699/5689/3572 5332/5326/3339 5331/5325/3338
f 5699/5689/3572 5331/5325/3338 5700/5690/3573
f 5596/5586/3511 5595/5585/3511 5575/5565/3499
f 5596/5586/3511 5575/5565/3499 5574/5564/3499
f 5581/5571/3505 5580/5570/3504 5415/5409/3395
f 5581/5571/3505 5415/5409/3395 5681/5671/3564
s 0
f 5701/5691/3006 5702/5692/3006 5694/5684/3006
f 5701/5691/3006 5694/5684/3006 5693/5683/3006
s 1
f 5325/5319/3333 5328/5322/3335 5703/5693/3574
f 5325/5319/3333 5703/5693/3574 5704/5694/3575
f 5704/5694/3575 5703/5693/3574 5705/5695/3576
f 5704/5694/3575 5705/5695/3576 5706/5696/3577
f 5706/5696/3577 5705/5695/3576 5707/5697/3578
f 5706/5696/3577 5707/5697/3578 5708/5698/3579
s 0
f 5337/5331/3006 5338/5332/3006 5702/5692/3006
f 5337/5331/3006 5702/5692/3006 5701/5691/3006
f 5709/5699/3006 5710/5700/3006 5711/5701/3006
f 5709/5699/3006 5711/5701/3006 5712/5702/3006
f 5676/5666/3006 5692/5682/3006 5695/5685/3006
f 5676/5666/3006 5695/5685/3006 5677/5667/3006
s 1
f 5697/5687/3570 5318/5312/3328 5317/5311/3327
f 5697/5687/3570 5317/5311/3327 5698/5688/3571
f 5405/5399/3389 5317/5311/3327 4941/4940/3066
f 5405/5399/3389 4941/4940/3066 5404/5398/3388
f 5663/5653/3552 5662/5652/3551 5698/5688/3571
f 5663/5653/3552 5698/5688/3571 5713/5703/3580
f 5714/5704/3581 5715/5705/3581 5568/5558/3498
f 5714/5704/3581 5568/5558/3498 5567/5557/3497
f 5714/5704/3581 5636/5626/3535 5635/5625/3535
f 5714/5704/3581 5635/5625/3535 5715/5705/3581
f 5716/5706/3582 5717/5707/3582 5718/5708/3583
f 5716/5706/3582 5718/5708/3583 5719/5709/3583
f 5690/5680/3567 5691/5681/3568 5643/5633/3538
f 5690/5680/3567 5643/5633/3538 5644/5634/3538
f 5405/5399/3389 5380/5374/3369 5396/5390/3384
f 5405/5399/3389 5396/5390/3384 5713/5703/3580
f 5720/5710/3584 5721/5711/3584 5722/5712/3585
f 5720/5710/3584 5722/5712/3585 5723/5713/3586
f 5723/5713/3586 5722/5712/3585 5724/5714/3587
f 5723/5713/3586 5724/5714/3587 5725/5715/3587
f 5713/5703/3580 5698/5688/3571 5317/5311/3327
f 5713/5703/3580 5317/5311/3327 5405/5399/3389
f 5395/5389/3383 5726/5716/3588 5664/5654/3553
f 5395/5389/3383 5664/5654/3553 5663/5653/3552
f 5404/5398/3388 4941/4940/3066 4943/4942/3068
f 5404/5398/3388 4943/4942/3068 5682/5672/3565
f 5353/5347/3352 5630/5620/3531 5256/5250/3284
f 5353/5347/3352 5256/5250/3284 5354/5348/3353
s 0
f 4951/4950/3006 5727/5717/3006 5728/5718/3006
f 4951/4950/3006 5728/5718/3006 4952/4951/3006
f 5729/5719/2999 5730/5720/2999 4925/4924/2999
f 5729/5719/2999 4925/4924/2999 4924/4923/2999
f 5730/5720/2999 5729/5719/2999 5683/5673/2999
f 5730/5720/2999 5683/5673/2999 5684/5674/2999
f 5727/5717/3006 4946/4945/3006 4945/4944/3006
f 5727/5717/3006 4945/4944/3006 5728/5718/3006
s 1
f 5396/5390/3384 5395/5389/3383 5663/5653/3552
f 5396/5390/3384 5663/5653/3552 5713/5703/3580
f 5256/5250/3284 5630/5620/3531 5645/5635/3539
f 5256/5250/3284 5645/5635/3539 5257/5251/3285
f 4982/4980/3091 4983/4981/3092 5731/5721/3589
f 4982/4980/3091 5731/5721/3589 5732/5722/3590
f 5733/5723/3591 5734/5724/3592 5735/5725/3593
f 5733/5723/3591 5735/5725/3593 5736/5726/3594
f 5732/5722/3590 5731/5721/3589 5671/5661/3558
f 5732/5722/3590 5671/5661/3558 5674/5664/3560
f 4960/4959/3063 4935/4934/3063 4937/4936/3065
f 4960/4959/3063 4937/4936/3065 4860/4860/3013
f 5580/5570/3504 5583/5573/3506 5737/5727/3595
f 5580/5570/3504 5737/5727/3595 5738/5728/3596
f 5739/5729/3597 5740/5730/3598 5741/5731/3599
f 5739/5729/3597 5741/5731/3599 5742/5732/3600
f 5689/5679/3566 4959/4958/3072 5415/5409/3395
f 5689/5679/3566 5415/5409/3395 5743/5733/3601
f 5415/5409/3395 5580/5570/3504 5738/5728/3596
f 5415/5409/3395 5738/5728/3596 5743/5733/3601
f 5507/5501/3445 5673/5663/3505 5672/5662/3559
f 5507/5501/3445 5672/5662/3559 5508/5502/3446
f 5599/5589/3513 4927/4926/3055 5744/5734/3602
f 5599/5589/3513 5744/5734/3602 5745/5735/3542
f 5648/5638/3542 5510/5504/3448 5509/5503/3447
f 5648/5638/3542 5509/5503/3447 5746/5736/3542
f 5737/5727/3595 5583/5573/3506 5599/5589/3513
f 5737/5727/3595 5599/5589/3513 5747/5737/3603
f 5268/5262/3296 5748/5738/3604 5749/5739/3604
f 5268/5262/3296 5749/5739/3604 4964/4963/3076
f 5749/5739/3604 5748/5738/3604 4961/4960/3073
f 5749/5739/3604 4961/4960/3073 5266/5260/3294
f 5750/5740/3605 5751/5741/3606 5752/5742/3607
f 5750/5740/3605 5752/5742/3607 5753/5743/3608
f 5747/5737/3603 5599/5589/3513 5745/5735/3542
f 5747/5737/3603 5745/5735/3542 5754/5744/3542
f 5755/5745/3609 5756/5746/3610 5757/5747/3611
f 5755/5745/3609 5757/5747/3611 5758/5748/3612
f 5759/5748/3613 5757/5747/3611 5760/5749/3614
f 5759/5748/3613 5760/5749/3614 5761/5750/3615
f 5762/5750/3616 5760/5749/3614 5763/5751/3617
f 5762/5750/3616 5763/5751/3617 5764/5752/3618
f 5765/5752/3619 5763/5751/3617 5766/5753/3620
f 5765/5752/3619 5766/5753/3620 5767/5754/3621
f 5768/5755/3622 5579/5569/3503 5757/5747/3611
f 5768/5755/3622 5757/5747/3611 5756/5746/3610
f 5579/5569/3503 5578/5568/3502 5760/5749/3614
f 5579/5569/3503 5760/5749/3614 5757/5747/3611
f 5763/5751/3617 5760/5749/3614 5578/5568/3502
f 5763/5751/3617 5578/5568/3502 5625/5615/3526
f 5766/5753/3620 5763/5751/3617 5625/5615/3526
f 5766/5753/3620 5625/5615/3526 5679/5669/3562
f 5769/5756/3623 5770/5757/3624 5771/5758/3625
f 5769/5756/3623 5771/5758/3625 5772/5759/3626
f 5773/5760/3627 5576/5566/3500 5579/5569/3503
f 5773/5760/3627 5579/5569/3503 5768/5755/3622
f 5725/5715/3587 5724/5714/3587 5656/5646/3549
f 5725/5715/3587 5656/5646/3549 5655/5645/3549
f 5576/5566/3500 5773/5760/3627 5774/5761/3628
f 5576/5566/3500 5774/5761/3628 5775/5762/3629
f 5577/5567/3501 5576/5566/3500 5775/5762/3629
f 5577/5567/3501 5775/5762/3629 5776/5763/3630
f 5776/5763/3630 5777/5764/3631 5624/5614/3525
f 5776/5763/3630 5624/5614/3525 5577/5567/3501
f 5777/5764/3631 5778/5765/3632 5678/5668/3561
f 5777/5764/3631 5678/5668/3561 5624/5614/3525
f 5775/5762/3629 5774/5761/3628 5779/5766/3633
f 5775/5762/3629 5779/5766/3633 4971/4970/3083
f 5776/5763/3630 5775/5762/3629 4971/4970/3083
f 5776/5763/3630 4971/4970/3083 4970/4969/3082
f 4970/4969/3082 4974/4972/3086 5777/5764/3631
f 4970/4969/3082 5777/5764/3631 5776/5763/3630
f 4974/4972/3086 5780/5767/3634 5778/5765/3632
f 4974/4972/3086 5778/5765/3632 5777/5764/3631
f 4971/4970/3083 5779/5766/3633 5781/5768/3635
f 4971/4970/3083 5781/5768/3635 4972/4971/3084
f 5780/5767/3634 4974/4972/3086 4973/4971/3085
f 5780/5767/3634 4973/4971/3085 5782/5768/3636
f 5752/5742/3607 5751/5741/3606 5783/5769/3637
f 5752/5742/3607 5783/5769/3637 5784/5770/3637
f 4927/4926/3055 4931/4930/3059 4978/4976/3088
f 4927/4926/3055 4978/4976/3088 5744/5734/3602
f 5770/5757/3624 5750/5740/3605 5753/5743/3608
f 5770/5757/3624 5753/5743/3608 5771/5758/3625
f 5717/5707/3582 5716/5706/3582 5785/5771/3638
f 5717/5707/3582 5785/5771/3638 5786/5772/3638
f 5787/5773/3639 5788/5774/3640 5789/5775/3640
f 5787/5773/3639 5789/5775/3640 5790/5776/3639
f 5791/5777/3641 5792/5778/3642 5793/5779/3643
f 5791/5777/3641 5793/5779/3643 5794/5780/3643
f 5009/5007/3109 5047/5044/3138 5420/5414/3061
f 5009/5007/3109 5420/5414/3061 4933/4932/3061
f 5795/5781/3644 5796/5782/3645 5797/5783/3646
f 5795/5781/3644 5797/5783/3646 5022/5020/3116
f 4927/4926/3055 5599/5589/3513 5798/5784/3647
f 4927/4926/3055 5798/5784/3647 4928/4927/3056
f 5799/5785/3648 5800/5786/3649 5801/5787/3650
f 5799/5785/3648 5801/5787/3650 5802/5788/3651
f 5803/5789/3652 5804/5790/3653 5389/5383/3378
f 5803/5789/3652 5389/5383/3378 5392/5386/3381
s 0
f 5805/5791/3006 5806/5792/3006 5807/5793/3006
f 5805/5791/3006 5807/5793/3006 5808/5794/3006
f 5809/5795/3654 5810/5796/3654 5811/5797/3654
f 5809/5795/3654 5811/5797/3654 5812/5798/3654
s 1
f 5813/5799/3655 5814/5800/3656 5070/5067/3158
f 5813/5799/3655 5070/5067/3158 5069/5066/3157
f 5815/5801/3657 5816/5802/3657 5817/5803/3658
f 5815/5801/3657 5817/5803/3658 5818/5804/3658
s 0
f 5819/5805/3006 5808/5794/3006 5807/5793/3006
f 5819/5805/3006 5807/5793/3006 5820/5806/3006
s 1
f 5821/5807/3659 5822/5808/3660 5823/5809/3660
f 5821/5807/3659 5823/5809/3660 5824/5810/3659
f 5822/5808/3660 5825/5811/3661 5826/5812/3662
f 5822/5808/3660 5826/5812/3662 5823/5809/3660
f 5825/5811/3661 5827/5813/3663 5828/5814/3664
f 5825/5811/3661 5828/5814/3664 5826/5812/3662
f 5829/5815/3665 5830/5816/3666 5831/5817/3667
f 5829/5815/3665 5831/5817/3667 5832/5818/3667
f 5792/5778/3642 5791/5777/3641 5719/5709/3583
f 5792/5778/3642 5719/5709/3583 5718/5708/3583
s 0
f 5833/5819/3006 5819/5805/3006 5820/5806/3006
f 5833/5819/3006 5820/5806/3006 5834/5820/3006
f 5835/5821/3006 5228/5222/3006 5230/5224/3006
f 5835/5821/3006 5230/5224/3006 5836/5822/3006
s 1
f 5837/5823/3668 5838/5824/3669 5839/5825/3670
f 5837/5823/3668 5839/5825/3670 5800/5786/3649
f 5840/5826/3671 5841/5827/3672 5842/5828/3673
f 5840/5826/3671 5842/5828/3673 5843/5829/3674
f 5800/5786/3649 5839/5825/3670 5844/5830/3675
f 5800/5786/3649 5844/5830/3675 5801/5787/3650
f 5250/5244/3278 5845/5831/3676 5846/5832/3677
f 5250/5244/3278 5846/5832/3677 5251/5245/3279
f 5847/5833/3678 5848/5834/3679 5841/5827/3672
f 5847/5833/3678 5841/5827/3672 5669/5659/3556
f 5849/5835/3680 5786/5772/3638 5785/5771/3638
f 5849/5835/3680 5785/5771/3638 5850/5836/3680
f 5851/5837/3681 5852/5838/3681 5853/5839/3682
f 5851/5837/3681 5853/5839/3682 5854/5840/3683
f 5855/5841/3684 5856/5842/3684 5857/5843/3685
f 5855/5841/3684 5857/5843/3685 5858/5844/3685
f 5859/5845/3686 5860/5846/3686 5861/5847/3360
f 5859/5845/3686 5861/5847/3360 5862/5848/3360
f 5851/5837/3681 5858/5844/3685 5857/5843/3685
f 5851/5837/3681 5857/5843/3685 5852/5838/3681
s 0
f 5863/5849/2999 5864/5850/2999 5865/5851/2999
f 5863/5849/2999 5865/5851/2999 5866/5852/2999
s 1
f 5670/5660/3557 5669/5659/3556 5841/5827/3672
f 5670/5660/3557 5841/5827/3672 5840/5826/3671
f 5848/5834/3679 5867/5853/3687 5842/5828/3673
f 5848/5834/3679 5842/5828/3673 5841/5827/3672
f 5867/5853/3687 5868/5854/3688 5869/5855/3689
f 5867/5853/3687 5869/5855/3689 5870/5856/3690
f 5742/5732/3600 5828/5814/3664 5827/5813/3663
f 5742/5732/3600 5827/5813/3663 5739/5729/3597
f 5736/5726/3594 5871/5857/3691 5872/5858/3692
f 5736/5726/3594 5872/5858/3692 5873/5859/3693
f 5847/5833/3678 5626/5616/3527 5874/5860/3694
f 5847/5833/3678 5874/5860/3694 5848/5834/3679
f 4993/4991/3096 4995/4993/3098 5843/5829/3674
f 4993/4991/3096 5843/5829/3674 5842/5828/3673
f 5870/5856/3690 5875/5861/3695 4994/4992/3097
f 5870/5856/3690 4994/4992/3097 4993/4991/3096
s 0
f 5876/5862/2999 5877/5863/2999 5878/5864/2999
f 5876/5862/2999 5878/5864/2999 5879/5865/2999
f 4998/4996/3006 4997/4995/3006 5564/5554/3006
f 4998/4996/3006 5564/5554/3006 5563/5553/3006
s 1
f 4988/4986/3094 5880/5866/3696 5881/5867/3697
f 4988/4986/3094 5881/5867/3697 5882/5868/3698
s 0
f 5876/5862/2999 4991/4989/2999 4990/4988/2999
f 5876/5862/2999 4990/4988/2999 5877/5863/2999
s 1
f 5883/5869/3699 5869/5855/3689 5868/5854/3688
f 5883/5869/3699 5868/5854/3688 5884/5870/3700
s 0
f 4922/4921/3006 5885/5871/3006 5886/5872/3006
f 4922/4921/3006 5886/5872/3006 4923/4922/3006
f 5887/5873/2999 5686/5676/2999 5685/5675/2999
f 5887/5873/2999 5685/5675/2999 5888/5874/2999
f 5889/5875/3006 4921/4920/3006 4923/4922/3006
f 5889/5875/3006 4923/4922/3006 5890/5876/3006
s 1
f 5047/5044/3138 5048/5045/3139 5891/5877/3701
f 5047/5044/3138 5891/5877/3701 5892/5878/3702
f 5045/5042/3137 5873/5859/3693 5872/5858/3692
f 5045/5042/3137 5872/5858/3692 5046/5043/3134
f 5062/5059/3150 5064/5061/3152 5893/5879/3152
f 5062/5059/3150 5893/5879/3152 5105/5101/3181
s 0
f 5894/5880/3006 5895/5881/3006 5896/5882/3006
f 5894/5880/3006 5896/5882/3006 5897/5883/3006
s 1
f 5839/5825/3670 5898/5884/3703 5899/5885/3704
f 5839/5825/3670 5899/5885/3704 5844/5830/3675
f 5900/5886/3705 5901/5887/3706 5902/5888/3707
f 5900/5886/3705 5902/5888/3707 5795/5781/3644
f 4999/4997/3099 5391/5385/3380 5903/5889/3708
f 4999/4997/3099 5903/5889/3708 5000/4998/3100
f 5006/5004/3106 5005/5003/3105 5003/5001/3103
f 5006/5004/3106 5003/5001/3103 5016/5014/3113
f 5847/5833/3678 5904/5890/3709 5627/5617/3528
f 5847/5833/3678 5627/5617/3528 5626/5616/3527
f 5646/5636/3540 5665/5655/3554 5905/5891/3710
f 5646/5636/3540 5905/5891/3710 5906/5892/3711
s 0
f 5907/5893/2999 5908/5894/2999 5909/5895/2999
f 5907/5893/2999 5909/5895/2999 5910/5896/2999
f 4984/4982/2999 5879/5865/2999 5878/5864/2999
f 4984/4982/2999 5878/5864/2999 4985/4983/2999
s 1
f 5009/5007/3109 5022/5020/3116 5797/5783/3646
f 5009/5007/3109 5797/5783/3646 5048/5045/3139
f 5849/5835/3680 5850/5836/3680 5911/5897/3712
f 5849/5835/3680 5911/5897/3712 5912/5898/3712
s 0
f 5913/5899/3006 5914/5900/3006 5915/5901/3006
f 5913/5899/3006 5915/5901/3006 5916/5902/3006
s 1
f 5917/5903/3713 5918/5904/3714 5919/5905/3715
f 5917/5903/3713 5919/5905/3715 5880/5866/3696
f 5517/5511/3455 5609/5599/3519 5608/5598/3518
f 5517/5511/3455 5608/5598/3518 5514/5508/3452
f 5867/5853/3687 5870/5856/3690 4993/4991/3096
f 5867/5853/3687 4993/4991/3096 5842/5828/3673
s 0
f 5920/5906/3006 5921/5907/3006 5915/5901/3006
f 5920/5906/3006 5915/5901/3006 5914/5900/3006
s 1
f 5602/5592/3514 5605/5595/3514 5922/5908/3716
f 5602/5592/3514 5922/5908/3716 5923/5909/3716
f 5923/5909/3716 5922/5908/3716 5924/5910/3717
f 5923/5909/3716 5924/5910/3717 5925/5911/3718
f 5925/5911/3718 5924/5910/3717 5926/5912/3719
f 5925/5911/3718 5926/5912/3719 5927/5913/3720
f 5928/5914/3721 5787/5773/3639 5790/5776/3639
f 5928/5914/3721 5790/5776/3639 5929/5915/3721
s 0
f 5614/5604/3006 5615/5605/3006 5921/5907/3006
f 5614/5604/3006 5921/5907/3006 5920/5906/3006
f 5930/5916/3006 5931/5917/3006 5932/5918/3006
f 5930/5916/3006 5932/5918/3006 5933/5919/3006
s 1
f 5934/5920/3722 5935/5921/3723 5936/5922/3724
f 5934/5920/3722 5936/5922/3724 5937/5923/3725
f 5918/5904/3714 5593/5583/3509 5592/5582/3508
f 5918/5904/3714 5592/5582/3508 5919/5905/3715
f 5666/5656/3555 5592/5582/3508 5010/5008/3110
f 5666/5656/3555 5010/5008/3110 5665/5655/3554
f 5881/5867/3697 5880/5866/3696 5919/5905/3715
f 5881/5867/3697 5919/5905/3715 5938/5924/3726
f 5939/5925/3727 5940/5926/3727 5941/5927/3728
f 5939/5925/3727 5941/5927/3728 5942/5928/3728
f 5939/5925/3727 5856/5842/3684 5855/5841/3684
f 5939/5925/3727 5855/5841/3684 5940/5926/3727
s 0
f 4955/4954/2999 5865/5851/2999 5864/5850/2999
f 4955/4954/2999 5864/5850/2999 4956/4955/2999
s 1
f 5943/5929/3729 5944/5930/3730 5928/5914/3721
f 5943/5929/3729 5928/5914/3721 5929/5915/3721
f 5646/5636/3540 5906/5892/3711 5657/5647/3550
f 5646/5636/3540 5657/5647/3550 5647/5637/3541
f 5666/5656/3555 5412/5406/3392 5411/5405/3391
f 5666/5656/3555 5411/5405/3391 5938/5924/3726
f 5945/5931/3731 5946/5823/3732 5800/5786/3649
f 5945/5931/3731 5800/5786/3649 5799/5785/3648
s 0
f 5894/5880/3006 5897/5883/3006 5806/5792/3006
f 5894/5880/3006 5806/5792/3006 5805/5791/3006
s 1
f 5947/5932/3733 5934/5920/3722 5937/5923/3725
f 5947/5932/3733 5937/5923/3725 5948/5933/3733
f 5938/5924/3726 5919/5905/3715 5592/5582/3508
f 5938/5924/3726 5592/5582/3508 5666/5656/3555
f 5356/5350/3355 5355/5349/3354 5882/5868/3698
f 5356/5350/3355 5882/5868/3698 5881/5867/3697
f 5789/5775/3640 5788/5774/3640 5912/5898/3712
f 5789/5775/3640 5912/5898/3712 5911/5897/3712
f 5665/5655/3554 5010/5008/3110 5012/5010/3112
f 5665/5655/3554 5012/5010/3112 5905/5891/3710
f 5847/5833/3678 5669/5659/3556 5253/5247/3281
f 5847/5833/3678 5253/5247/3281 5904/5890/3709
s 0
f 5014/5012/3006 5835/5821/3006 5836/5822/3006
f 5014/5012/3006 5836/5822/3006 5015/5013/3006
f 5949/5934/2999 5950/5935/2999 4955/4954/2999
f 5949/5934/2999 4955/4954/2999 4954/4953/2999
f 5950/5935/2999 5949/5934/2999 5667/5657/2999
f 5950/5935/2999 5667/5657/2999 5668/5658/2999
s 1
f 5411/5405/3391 5356/5350/3355 5881/5867/3697
f 5411/5405/3391 5881/5867/3697 5938/5924/3726
f 5951/5824/3734 5952/5936/3735 5898/5884/3703
f 5951/5824/3734 5898/5884/3703 5839/5825/3670
f 5953/5937/3736 5954/5938/3737 5955/5939/3738
f 5953/5937/3736 5955/5939/3738 5956/5940/3739
f 5957/5941/3740 5798/5784/3647 5599/5589/3513
f 5957/5941/3740 5599/5589/3513 5598/5588/3512
f 5023/5021/3107 5007/5005/3107 5009/5007/3109
f 5023/5021/3107 5009/5007/3109 4933/4932/3061
f 5803/5789/3652 5392/5386/3381 5958/5942/3741
f 5803/5789/3652 5958/5942/3741 5959/5943/3742
f 5960/5944/3743 5961/5945/3744 5962/5946/3745
f 5960/5944/3743 5962/5946/3745 5963/5947/3743
s 0
f 5895/5881/3006 5913/5899/3006 5916/5902/3006
f 5895/5881/3006 5916/5902/3006 5896/5882/3006
s 1
f 5733/5723/3591 5953/5937/3736 5956/5940/3739
f 5733/5723/3591 5956/5940/3739 5734/5724/3592
f 5391/5385/3380 4999/4997/3099 5964/5948/3692
f 5391/5385/3380 5964/5948/3692 5965/5949/3691
f 5871/5857/3691 5736/5726/3594 5735/5725/3593
f 5871/5857/3691 5735/5725/3593 5966/5950/3691
f 5958/5942/3741 5392/5386/3381 5391/5385/3380
f 5958/5942/3741 5391/5385/3380 5967/5951/3746
f 5024/5022/3117 5968/5952/3747 5969/5953/3747
f 5024/5022/3117 5969/5953/3747 5025/5023/3118
f 5028/5026/3121 5969/5953/3747 5968/5952/3747
f 5028/5026/3121 5968/5952/3747 5029/5027/3122
f 5967/5951/3746 5391/5385/3380 5965/5949/3691
f 5967/5951/3746 5965/5949/3691 5970/5954/3691
f 5971/5955/3748 5972/5956/3749 5973/5957/3750
f 5971/5955/3748 5973/5957/3750 5974/5958/3751
f 5975/5958/3752 5973/5957/3750 5976/5959/3753
f 5975/5958/3752 5976/5959/3753 5977/5960/3754
f 5978/5960/3755 5976/5959/3753 5979/5961/3756
f 5978/5960/3755 5979/5961/3756 5980/5962/3757
f 5981/5962/3758 5979/5961/3756 5982/5963/3759
f 5981/5962/3758 5982/5963/3759 5983/5964/3760
f 5984/5965/3761 5802/5788/3651 5973/5957/3750
f 5984/5965/3761 5973/5957/3750 5972/5956/3749
f 5802/5788/3651 5801/5787/3650 5976/5959/3753
f 5802/5788/3651 5976/5959/3753 5973/5957/3750
f 5979/5961/3756 5976/5959/3753 5801/5787/3650
f 5979/5961/3756 5801/5787/3650 5844/5830/3675
f 5982/5963/3759 5979/5961/3756 5844/5830/3675
f 5982/5963/3759 5844/5830/3675 5899/5885/3704
f 5985/5966/3762 5986/5967/3763 5987/5968/3764
f 5985/5966/3762 5987/5968/3764 5988/5969/3762
f 5989/5970/3765 5799/5785/3648 5802/5788/3651
f 5989/5970/3765 5802/5788/3651 5984/5965/3761
f 5990/5971/3766 5991/5972/3767 5936/5922/3724
f 5990/5971/3766 5936/5922/3724 5935/5921/3723
f 5986/5967/3763 5992/5973/3768 5993/5974/3769
f 5986/5967/3763 5993/5974/3769 5987/5968/3764
f 5741/5731/3599 5740/5730/3598 5927/5913/3720
f 5741/5731/3599 5927/5913/3720 5926/5912/3719
f 5994/5975/3770 5084/5081/3163 5083/5080/3162
f 5994/5975/3770 5083/5080/3162 5995/5976/3771
f 5036/5034/3129 5996/5977/3772 5997/5978/3773
f 5036/5034/3129 5997/5978/3773 5037/5035/3130
f 5998/5979/3774 5039/5036/3133 5038/5035/3132
f 5998/5979/3774 5038/5035/3132 5999/5978/3775
f 5993/5974/3769 5992/5973/3768 6000/5980/3776
f 5993/5974/3769 6000/5980/3776 6001/5981/3777
f 6002/5982/3778 6001/5981/3777 6000/5980/3776
f 6002/5982/3778 6000/5980/3776 6003/5983/3778
f 4999/4997/3099 5003/5001/3103 5041/5038/3134
f 4999/4997/3099 5041/5038/3134 5964/5948/3692
f 6004/5984/3363 6005/5985/3363 6006/5986/3779
f 6004/5984/3363 6006/5986/3779 6007/5987/3779
f 6008/5988/3313 5816/5802/3657 5815/5801/3657
f 6008/5988/3313 5815/5801/3657 6009/5989/3313
f 6010/5990/3780 6011/5991/3366 6012/5992/3310
f 6010/5990/3780 6012/5992/3310 6013/5993/3781
s 0
f 5400/5394/3006 5399/5393/3006 4945/4944/3006
f 5400/5394/3006 4945/4944/3006 4944/4943/3006
s 1
f 6014/5994/3782 6015/5995/3782 6016/5996/3308
f 6014/5994/3782 6016/5996/3308 6017/5997/3783
f 5068/5065/3156 5107/5103/3182 5675/5665/3105
f 5068/5065/3156 5675/5665/3105 5005/5003/3105
f 6018/5998/3784 6019/5999/3785 6020/6000/3786
f 6018/5998/3784 6020/6000/3786 6021/6001/3787
f 5962/5946/3745 5961/5945/3744 6022/6002/3788
f 5962/5946/3745 6022/6002/3788 6023/6003/3789
f 6024/6004/3790 6025/6005/3791 6026/6006/3792
f 6024/6004/3790 6026/6006/3792 6027/6007/3793
f 6028/6008/3794 6029/6009/3795 6030/6010/3360
f 6028/6008/3794 6030/6010/3360 6031/6011/3360
s 0
f 6032/6012/3006 6033/6013/3006 6034/6014/3006
f 6032/6012/3006 6034/6014/3006 6035/6015/3006
f 6036/6016/3796 6037/6017/3796 6038/6018/3796
f 6036/6016/3796 6038/6018/3796 6039/6019/3796
s 1
f 6040/6020/3797 6041/6021/3798 5133/5129/3202
f 6040/6020/3797 5133/5129/3202 5132/5128/3201
f 6042/6022/3799 6043/6023/3800 6044/6024/3801
f 6042/6022/3799 6044/6024/3801 6045/6025/3802
f 6046/6026/3803 6047/6027/3804 6048/6028/3805
f 6046/6026/3803 6048/6028/3805 6049/6029/3803
s 0
f 6050/6030/3006 6035/6015/3006 6034/6014/3006
f 6050/6030/3006 6034/6014/3006 6051/6031/3006
s 1
f 6052/6032/3806 6053/6033/3807 6054/6034/3807
f 6052/6032/3806 6054/6034/3807 6055/6035/3808
f 6053/6033/3807 6056/6036/3809 6057/6037/3810
f 6053/6033/3807 6057/6037/3810 6054/6034/3807
f 6056/6036/3809 6058/6038/3811 6059/6039/3812
f 6056/6036/3809 6059/6039/3812 6057/6037/3810
s 0
f 6060/6040/3006 6061/6041/3006 6033/6013/3006
f 6060/6040/3006 6033/6013/3006 6032/6012/3006
s 1
f 6062/6042/3410 6011/5991/3366 6010/5990/3780
f 6062/6042/3410 6010/5990/3780 6063/6043/3410
s 0
f 6064/6044/3006 6050/6030/3006 6051/6031/3006
f 6064/6044/3006 6051/6031/3006 6065/6045/3006
f 4938/4937/2999 6066/6046/2999 6067/6047/2999
f 4938/4937/2999 6067/6047/2999 4939/4938/2999
f 6068/6048/3006 6069/6049/3006 6070/6050/3006
f 6068/6048/3006 6070/6050/3006 6071/6051/3006
s 1
f 6072/6052/3813 6073/6053/3813 5818/5804/3658
f 6072/6052/3813 5818/5804/3658 5817/5803/3658
f 6004/5984/3363 6062/6042/3410 6063/6043/3410
f 6004/5984/3363 6063/6043/3410 6005/5985/3363
f 6074/6054/3814 6075/6055/3815 6076/6056/3816
f 6074/6054/3814 6076/6056/3816 6077/6057/3817
f 6025/6005/3791 6078/6058/3818 6079/6059/3819
f 6025/6005/3791 6079/6059/3819 6026/6006/3792
f 5247/5241/3275 6080/6060/3820 6081/6061/3821
f 5247/5241/3275 6081/6061/3821 5248/5242/3276
f 6082/6062/3822 6083/6063/3823 6075/6055/3815
f 6082/6062/3822 6075/6055/3815 5845/5831/3676
f 6072/6052/3813 6007/5987/3779 6006/5986/3779
f 6072/6052/3813 6006/5986/3779 6073/6053/3813
s 0
f 6084/6064/2999 4940/4939/2999 4939/4938/2999
f 6084/6064/2999 4939/4938/2999 6085/6065/2999
s 1
f 6014/5994/3782 6086/6066/3824 6087/6067/3824
f 6014/5994/3782 6087/6067/3824 6015/5995/3782
s 0
f 6088/6068/2999 6089/6069/2999 6090/6070/2999
f 6088/6068/2999 6090/6070/2999 6091/6071/2999
s 1
f 6017/5997/3783 6016/5996/3308 6092/6072/3340
f 6017/5997/3783 6092/6072/3340 6093/6073/3825
f 5846/5832/3677 5845/5831/3676 6075/6055/3815
f 5846/5832/3677 6075/6055/3815 6074/6054/3814
f 6083/6063/3823 6094/6074/3826 6076/6056/3816
f 6083/6063/3823 6076/6056/3816 6075/6055/3815
f 6094/6074/3826 6095/6075/3827 6042/6022/3799
f 6094/6074/3826 6042/6022/3799 6045/6025/3802
s 0
f 5076/5073/2999 6090/6070/2999 6089/6069/2999
f 5076/5073/2999 6089/6069/2999 5077/5074/2999
s 1
f 6096/6076/3828 6097/6077/3829 6098/6078/3830
f 6096/6076/3828 6098/6078/3830 6099/6079/3831
f 6100/6080/3832 6101/6081/3833 6102/6082/3834
f 6100/6080/3832 6102/6082/3834 6103/6083/3832
f 6101/6081/3833 6104/6084/3835 6105/6085/3835
f 6101/6081/3833 6105/6085/3835 6102/6082/3834
f 6082/6062/3822 6106/6086/3836 6107/6087/3837
f 6082/6062/3822 6107/6087/3837 6083/6063/3823
f 5052/5049/3143 5054/5051/3145 6077/6057/3817
f 5052/5049/3143 6077/6057/3817 6076/6056/3816
f 6045/6025/3802 6044/6024/3801 5053/5050/3144
f 6045/6025/3802 5053/5050/3144 5052/5049/3143
s 0
f 6108/6088/2999 6109/6089/2999 6110/6090/2999
f 6108/6088/2999 6110/6090/2999 6111/6091/2999
f 5057/5054/3006 5056/5053/3006 5886/5872/3006
f 5057/5054/3006 5886/5872/3006 5885/5871/3006
s 1
f 5050/5047/3141 6112/6092/3838 5629/5619/3530
f 5050/5047/3141 5629/5619/3530 5628/5618/3529
s 0
f 6108/6088/2999 5192/5187/2999 5191/5186/2999
f 6108/6088/2999 5191/5186/2999 6109/6089/2999
s 1
f 6113/6093/3839 6042/6022/3799 6095/6075/3827
f 6113/6093/3839 6095/6075/3827 6114/6094/3840
f 6094/6074/3826 6045/6025/3802 5052/5049/3143
f 6094/6074/3826 5052/5049/3143 6076/6056/3816
s 0
f 6115/6095/2999 6116/6096/2999 5073/5070/2999
f 6115/6095/2999 5073/5070/2999 5072/5069/2999
s 1
f 6117/6097/3841 6118/6098/3842 6119/6099/3843
f 6117/6097/3841 6119/6099/3843 6120/6100/3844
f 6121/6101/3845 6122/6102/3846 6123/6103/3795
f 6121/6101/3845 6123/6103/3795 6124/6104/3847
f 5105/5101/3181 6099/6079/3831 6098/6078/3830
f 5105/5101/3181 6098/6078/3830 5106/5102/3179
f 4878/4878/3022 4888/4888/3028 5296/5290/3028
f 4878/4878/3022 5296/5290/3028 5223/5217/3264
s 0
f 6125/6105/3006 6126/6106/3006 6127/6107/3006
f 6125/6105/3006 6127/6107/3006 6128/6108/3006
s 1
f 6078/6058/3818 6129/6109/3848 6130/6110/3849
f 6078/6058/3818 6130/6110/3849 6079/6059/3819
f 5144/5140/3206 5143/5139/3205 6018/5998/3784
f 5144/5140/3206 6018/5998/3784 6021/6001/3787
f 5065/5062/3153 5064/5061/3152 5062/5059/3150
f 5065/5062/3153 5062/5059/3150 5081/5078/3160
f 6082/6062/3822 6131/6111/3850 6132/6112/3851
f 6082/6062/3822 6132/6112/3851 6106/6086/3836
f 5869/5855/3689 5883/5869/3699 6133/6113/3852
f 5869/5855/3689 6133/6113/3852 6134/6114/3853
s 0
f 5887/5873/2999 5888/5874/2999 4986/4984/2999
f 5887/5873/2999 4986/4984/2999 4985/4983/2999
f 6135/6115/2999 4984/4982/2999 4986/4984/2999
f 6135/6115/2999 4986/4984/2999 6136/6116/2999
f 6111/6091/2999 6110/6090/2999 5072/5069/2999
f 6111/6091/2999 5072/5069/2999 5074/5071/2999
s 1
f 5068/5065/3156 5084/5081/3163 6137/6117/3854
f 5068/5065/3156 6137/6117/3854 5108/5104/3183
f 5854/5840/3683 5853/5839/3682 5944/5930/3730
f 5854/5840/3683 5944/5930/3730 5943/5929/3729
s 0
f 6138/6118/3006 6139/6119/3006 6140/6120/3006
f 6138/6118/3006 6140/6120/3006 6141/6121/3006
s 1
f 6142/6122/3855 6143/6123/3856 6144/6124/3857
f 6142/6122/3855 6144/6124/3857 6112/6092/3838
f 5884/5870/3700 5813/5799/3655 5069/5066/3157
f 5884/5870/3700 5069/5066/3157 5883/5869/3699
f 6083/6063/3823 6107/6087/3837 6095/6075/3827
f 6083/6063/3823 6095/6075/3827 6094/6074/3826
f 6029/6009/3795 6028/6008/3794 5994/5975/3770
f 6029/6009/3795 5994/5975/3770 6145/6125/3858
s 0
f 6146/6126/3006 6147/6127/3006 6140/6120/3006
f 6146/6126/3006 6140/6120/3006 6139/6119/3006
s 1
f 5821/5807/3659 5824/5810/3659 6148/6128/3859
f 5821/5807/3659 6148/6128/3859 6149/6129/3859
f 6149/6129/3859 6148/6128/3859 6150/6130/3860
f 6149/6129/3859 6150/6130/3860 6151/6131/3861
f 6151/6131/3861 6150/6130/3860 6023/6003/3789
f 6151/6131/3861 6023/6003/3789 6022/6002/3788
s 0
f 6126/6106/3006 6138/6118/3006 6141/6121/3006
f 6126/6106/3006 6141/6121/3006 6127/6107/3006
f 5833/5819/3006 5834/5820/3006 6147/6127/3006
f 5833/5819/3006 6147/6127/3006 6146/6126/3006
s 1
f 6152/6132/3312 6008/5988/3313 6009/5989/3313
f 6152/6132/3312 6009/5989/3313 6153/6133/3312
f 6143/6123/3856 5814/5800/3656 5813/5799/3655
f 6143/6123/3856 5813/5799/3655 6144/6124/3857
f 5874/5860/3694 5626/5616/3527 5629/5619/3530
f 5874/5860/3694 5629/5619/3530 6154/6134/3862
f 5629/5619/3530 6112/6092/3838 6144/6124/3857
f 5629/5619/3530 6144/6124/3857 6154/6134/3862
f 6155/6135/3863 6156/6136/3863 6013/5993/3781
f 6155/6135/3863 6013/5993/3781 6012/5992/3310
f 6155/6135/3863 5860/5846/3686 5859/5845/3686
f 6155/6135/3863 5859/5845/3686 6156/6136/3863
f 6093/6073/3825 6092/6072/3340 6152/6132/3312
f 6093/6073/3825 6152/6132/3312 6153/6133/3312
f 5848/5834/3679 5874/5860/3694 5868/5854/3688
f 5848/5834/3679 5868/5854/3688 5867/5853/3687
f 5884/5870/3700 5868/5854/3688 5874/5860/3694
f 5884/5870/3700 5874/5860/3694 6154/6134/3862
f 6157/6137/3864 6158/6138/3864 6159/6139/3865
f 6157/6137/3864 6159/6139/3865 6160/6140/3866
f 6160/6140/3866 6159/6139/3865 6161/6141/3867
f 6160/6140/3866 6161/6141/3867 6162/6142/3867
f 6154/6134/3862 6144/6124/3857 5813/5799/3655
f 6154/6134/3862 5813/5799/3655 5884/5870/3700
f 6082/6062/3822 5845/5831/3676 5250/5244/3278
f 6082/6062/3822 5250/5244/3278 6131/6111/3850
f 5869/5855/3689 6134/6114/3853 5875/5861/3695
f 5869/5855/3689 5875/5861/3695 5870/5856/3690
f 5883/5869/3699 5069/5066/3157 5071/5068/3159
f 5883/5869/3699 5071/5068/3159 6133/6113/3852
s 0
f 5079/5076/3006 6163/6143/3006 6164/6144/3006
f 5079/5076/3006 6164/6144/3006 5080/5077/3006
f 6165/6145/2999 6166/6146/2999 5076/5073/2999
f 6165/6145/2999 5076/5073/2999 5075/5072/2999
s 1
f 6167/6147/3868 6059/6039/3812 6058/6038/3811
f 6167/6147/3868 6058/6038/3811 6168/6148/3868
f 6169/6149/3869 6106/6086/3836 6132/6112/3851
f 6169/6149/3869 6132/6112/3851 6170/6150/3870
s 0
f 6171/6151/2999 5074/5071/2999 5073/5070/2999
f 6171/6151/2999 5073/5070/2999 6172/6152/2999
f 6166/6146/2999 6165/6145/2999 6135/6115/2999
f 6166/6146/2999 6135/6115/2999 6136/6116/2999
f 6091/6071/2999 5191/5186/2999 5193/5188/2999
f 6091/6071/2999 5193/5188/2999 6088/6068/2999
s 1
f 5107/5103/3182 5108/5104/3183 6173/6153/3871
f 5107/5103/3182 6173/6153/3871 6174/6154/3872
f 6175/6155/3873 6176/6156/3874 6177/6157/3875
f 6175/6155/3873 6177/6157/3875 6178/6158/3876
f 6174/6154/3872 6173/6153/3871 6121/6101/3845
f 6174/6154/3872 6121/6101/3845 6124/6104/3847
f 6145/6125/3858 5994/5975/3770 5995/5976/3771
f 6145/6125/3858 5995/5976/3771 6179/6159/3877
f 5391/5385/3380 5390/5384/3379 6180/6160/3878
f 5391/5385/3380 6180/6160/3878 5903/5889/3708
f 5085/5082/3154 5066/5063/3154 5068/5065/3156
f 5085/5082/3154 5068/5065/3156 5005/5003/3105
f 6028/6008/3794 6031/6011/3360 6181/6161/3360
f 6028/6008/3794 6181/6161/3360 6182/6162/3879
f 6183/6163/3880 6184/6164/3881 6185/6165/3882
f 6183/6163/3880 6185/6165/3882 6186/6166/3883
f 6137/6117/3854 5084/5081/3163 5994/5975/3770
f 6137/6117/3854 5994/5975/3770 6187/6167/3884
f 5994/5975/3770 6028/6008/3794 6182/6162/3879
f 5994/5975/3770 6182/6162/3879 6187/6167/3884
f 6188/6168/3360 6123/6103/3795 6122/6102/3846
f 6188/6168/3360 6122/6102/3846 6189/6169/3360
f 6048/6028/3805 5058/5055/3146 6190/6170/3830
f 6048/6028/3805 6190/6170/3830 6191/6171/3829
f 6097/6077/3829 6096/6076/3828 6192/6172/3885
f 6097/6077/3829 6192/6172/3885 6193/6173/3829
f 6194/6174/3803 6049/6029/3803 6048/6028/3805
f 6194/6174/3803 6048/6028/3805 6195/6175/3886
f 5273/5267/3301 6196/6176/3887 6197/6177/3887
f 5273/5267/3301 6197/6177/3887 5092/5089/3170
f 6197/6177/3887 6196/6176/3887 5086/5083/3164
f 6197/6177/3887 5086/5083/3164 5275/5269/3303
f 6198/6178/3888 6199/6179/3889 6200/6180/3890
f 6198/6178/3888 6200/6180/3890 6201/6181/3891
f 6195/6175/3886 6048/6028/3805 6191/6171/3829
f 6195/6175/3886 6191/6171/3829 6202/6182/3829
f 6203/6183/3892 6204/6184/3893 6205/6185/3894
f 6203/6183/3892 6205/6185/3894 6206/6186/3895
f 6207/6186/3896 6205/6185/3894 6208/6187/3897
f 6207/6186/3896 6208/6187/3897 6209/6188/3898
f 6210/6188/3899 6208/6187/3897 6211/6189/3900
f 6210/6188/3899 6211/6189/3900 6212/6190/3901
f 6213/6190/3902 6211/6189/3900 6214/6191/3903
f 6213/6190/3902 6214/6191/3903 6215/6192/3904
f 6216/6193/3905 6027/6007/3793 6205/6185/3894
f 6216/6193/3905 6205/6185/3894 6204/6184/3893
f 6027/6007/3793 6026/6006/3792 6208/6187/3897
f 6027/6007/3793 6208/6187/3897 6205/6185/3894
f 6211/6189/3900 6208/6187/3897 6026/6006/3792
f 6211/6189/3900 6026/6006/3792 6079/6059/3819
f 6214/6191/3903 6211/6189/3900 6079/6059/3819
f 6214/6191/3903 6079/6059/3819 6130/6110/3849
f 6217/6194/3906 6218/6195/3907 6219/6196/3908
f 6217/6194/3906 6219/6196/3908 6220/6197/3906
f 6221/6198/3909 6024/6004/3790 6027/6007/3793
f 6221/6198/3909 6027/6007/3793 6216/6193/3905
f 6162/6142/3867 6161/6141/3867 6105/6085/3835
f 6162/6142/3867 6105/6085/3835 6104/6084/3835
f 6222/6199/3910 6200/6180/3890 6199/6179/3889
f 6222/6199/3910 6199/6179/3889 6223/6200/3911
f 6024/6004/3790 6221/6198/3909 6224/6201/3912
f 6024/6004/3790 6224/6201/3912 6225/6202/3913
f 6025/6005/3791 6024/6004/3790 6225/6202/3913
f 6025/6005/3791 6225/6202/3913 6226/6203/3914
f 6226/6203/3914 6227/6204/3915 6078/6058/3818
f 6226/6203/3914 6078/6058/3818 6025/6005/3791
f 6227/6204/3915 6228/6205/3916 6129/6109/3848
f 6227/6204/3915 6129/6109/3848 6078/6058/3818
f 6225/6202/3913 6224/6201/3912 6229/6206/3917
f 6225/6202/3913 6229/6206/3917 5096/5093/3174
f 6226/6203/3914 6225/6202/3913 5096/5093/3174
f 6226/6203/3914 5096/5093/3174 5095/5092/3173
f 5095/5092/3173 5099/5095/3177 6227/6204/3915
f 5095/5092/3173 6227/6204/3915 6226/6203/3914
f 5099/5095/3177 6230/6207/3918 6228/6205/3916
f 5099/5095/3177 6228/6205/3916 6227/6204/3915
f 5096/5093/3174 6229/6206/3917 6231/6208/3919
f 5096/5093/3174 6231/6208/3919 5097/5094/3175
f 6230/6207/3918 5099/5095/3177 5098/5094/3176
f 6230/6207/3918 5098/5094/3176 6232/6208/3920
f 5058/5055/3146 5062/5059/3150 5103/5099/3179
f 5058/5055/3146 5103/5099/3179 6190/6170/3830
f 6218/6195/3907 6222/6199/3910 6223/6200/3911
f 6218/6195/3907 6223/6200/3911 6219/6196/3908
f 6233/6209/3533 6234/6210/3533 6235/6211/3921
f 6233/6209/3533 6235/6211/3921 6236/6212/3921
s 0
f 4882/4882/3006 4881/4881/3006 5496/5490/3006
f 4882/4882/3006 5496/5490/3006 5495/5489/3006
s 1
f 6237/6213/3922 6238/6214/3923 6239/6215/3924
f 6237/6213/3922 6239/6215/3924 6240/6216/3925
f 6241/6217/3926 6242/6218/3926 6243/6219/3927
f 6241/6217/3926 6243/6219/3927 6244/6220/3927
f 6245/6221/3928 6246/6222/3928 6247/6223/3494
f 6245/6221/3928 6247/6223/3494 6248/6224/3494
f 5128/5124/3200 5167/5162/3225 5893/5879/3152
f 5128/5124/3200 5893/5879/3152 5064/5061/3152
f 6249/6225/3929 6250/6226/3930 6251/6227/3931
f 6249/6225/3929 6251/6227/3931 6252/6228/3932
f 6253/6229/3933 6254/6230/3933 6255/6231/3934
f 6253/6229/3933 6255/6231/3934 6256/6232/3934
f 6257/6233/3935 6258/6234/3936 6259/6235/3937
f 6257/6233/3935 6259/6235/3937 6260/6236/3938
f 6261/6237/3939 6262/6238/3940 6263/6239/3941
f 6261/6237/3939 6263/6239/3941 6264/6240/3941
s 0
f 6265/6241/3006 6266/6242/3006 6267/6243/3006
f 6265/6241/3006 6267/6243/3006 6268/6244/3006
f 6269/6245/3006 6270/6246/3006 6271/6247/3006
f 6269/6245/3006 6271/6247/3006 6272/6248/3006
s 1
f 6273/6249/3942 6274/6250/3943 5189/5184/3241
f 6273/6249/3942 5189/5184/3241 5188/5183/3240
f 6275/6251/3944 6276/6252/3538 6277/6253/3510
f 6275/6251/3944 6277/6253/3510 6278/6254/3945
f 6279/6255/3497 6254/6230/3933 6253/6229/3933
f 6279/6255/3497 6253/6229/3933 6280/6256/3497
f 6263/6239/3941 6252/6228/3932 6251/6227/3931
f 6263/6239/3941 6251/6227/3931 6264/6240/3941
s 0
f 6281/6257/3006 6268/6244/3006 6267/6243/3006
f 6281/6257/3006 6267/6243/3006 6282/6258/3006
s 1
f 6283/6259/3946 6284/6260/3947 6285/6261/3947
f 6283/6259/3946 6285/6261/3947 6286/6262/3946
f 6284/6260/3947 6287/6263/3948 6288/6264/3949
f 6284/6260/3947 6288/6264/3949 6285/6261/3947
f 6287/6263/3948 6289/6265/3950 6290/6266/3951
f 6287/6263/3948 6290/6266/3951 6288/6264/3949
s 0
f 6291/6267/3006 6292/6268/3006 6266/6242/3006
f 6291/6267/3006 6266/6242/3006 6265/6241/3006
s 1
f 6276/6252/3538 6275/6251/3944 6293/6269/3568
f 6276/6252/3538 6293/6269/3568 6294/6270/3568
s 0
f 6295/6271/3006 6281/6257/3006 6282/6258/3006
f 6295/6271/3006 6282/6258/3006 6296/6272/3006
f 6297/6273/2999 6298/6274/2999 6299/6275/2999
f 6297/6273/2999 6299/6275/2999 6300/6276/2999
s 1
f 6301/6277/3952 6302/6278/3952 6256/6232/3934
f 6301/6277/3952 6256/6232/3934 6255/6231/3934
f 6233/6209/3533 6294/6270/3568 6293/6269/3568
f 6233/6209/3533 6293/6269/3568 6234/6210/3533
f 6303/6279/3953 6304/6280/3954 6305/6281/3955
f 6303/6279/3953 6305/6281/3955 6306/6282/3956
f 6258/6234/3936 6307/6283/3957 6308/6284/3958
f 6258/6234/3936 6308/6284/3958 6259/6235/3937
f 5244/5238/3272 6309/6285/3959 6310/6286/3960
f 5244/5238/3272 6310/6286/3960 5245/5239/3273
f 6311/6287/3961 6117/6097/3841 6304/6280/3954
f 6311/6287/3961 6304/6280/3954 6080/6060/3820
s 0
f 6312/6288/2999 4938/4937/2999 4940/4939/2999
f 6312/6288/2999 4940/4939/2999 6313/6289/2999
s 1
f 6314/6290/3962 6315/6291/3962 6316/6292/3963
f 6314/6290/3962 6316/6292/3963 6317/6293/3963
f 6245/6221/3928 6317/6293/3963 6316/6292/3963
f 6245/6221/3928 6316/6292/3963 6246/6222/3928
s 0
f 6318/6294/2999 6319/6295/2999 6320/6296/2999
f 6318/6294/2999 6320/6296/2999 6321/6297/2999
s 1
f 6081/6061/3821 6080/6060/3820 6304/6280/3954
f 6081/6061/3821 6304/6280/3954 6303/6279/3953
f 6117/6097/3841 6120/6100/3844 6305/6281/3955
f 6117/6097/3841 6305/6281/3955 6304/6280/3954
f 6120/6100/3844 6119/6099/3843 6237/6213/3922
f 6120/6100/3844 6237/6213/3922 6240/6216/3925
f 6186/6166/3883 6290/6266/3951 6289/6265/3950
f 6186/6166/3883 6289/6265/3950 6183/6163/3880
f 5122/5118/3194 5124/5120/3196 6322/6298/3196
f 5122/5118/3194 6322/6298/3196 5165/5160/3224
f 6323/6299/3964 6324/6300/3965 6325/6301/3966
f 6323/6299/3964 6325/6301/3966 6326/6302/3967
f 6324/6300/3965 6327/6303/3968 6328/6304/3968
f 6324/6300/3965 6328/6304/3968 6325/6301/3966
f 6311/6287/3961 6329/6305/3969 6118/6098/3842
f 6311/6287/3961 6118/6098/3842 6117/6097/3841
f 5112/5108/3187 5114/5110/3189 6306/6282/3956
f 5112/5108/3187 6306/6282/3956 6305/6281/3955
f 6240/6216/3925 6239/6215/3924 5113/5109/3188
f 6240/6216/3925 5113/5109/3188 5112/5108/3187
s 0
f 6330/6306/2999 6331/6307/2999 6067/6047/2999
f 6330/6306/2999 6067/6047/2999 6066/6046/2999
f 5117/5113/3006 5116/5112/3006 6332/6308/3006
f 5117/5113/3006 6332/6308/3006 6333/6309/3006
s 1
f 5110/5106/3185 6334/6310/3970 6169/6149/3869
f 5110/5106/3185 6169/6149/3869 6170/6150/3870
s 0
f 6330/6306/2999 5235/5229/2999 5234/5228/2999
f 6330/6306/2999 5234/5228/2999 6331/6307/2999
s 1
f 6335/6311/3971 6237/6213/3922 6119/6099/3843
f 6335/6311/3971 6119/6099/3843 6336/6312/3972
f 6120/6100/3844 6240/6216/3925 5112/5108/3187
f 6120/6100/3844 5112/5108/3187 6305/6281/3955
s 0
f 6085/6065/2999 6300/6276/2999 6299/6275/2999
f 6085/6065/2999 6299/6275/2999 6084/6064/2999
s 1
f 6337/6313/3973 6338/6314/3974 6339/6315/3940
f 6337/6313/3973 6339/6315/3940 6340/6316/3975
f 5165/5160/3224 6341/6317/3976 6342/6318/3977
f 5165/5160/3224 6342/6318/3977 5166/5161/3222
f 6178/6158/3876 6343/6319/3978 6342/6318/3977
f 6178/6158/3876 6342/6318/3977 6341/6317/3976
s 0
f 6291/6267/3006 6068/6048/3006 6071/6051/3006
f 6291/6267/3006 6071/6051/3006 6292/6268/3006
s 1
f 6307/6283/3957 6344/6320/3979 6345/6321/3980
f 6307/6283/3957 6345/6321/3980 6308/6284/3958
f 6346/6322/3981 6347/6323/3982 5202/5197/3245
f 6346/6322/3981 5202/5197/3245 5201/5196/3244
f 5125/5121/3197 5124/5120/3196 5122/5118/3194
f 5125/5121/3197 5122/5118/3194 5138/5134/3197
f 6311/6287/3961 6348/6324/3983 6349/6325/3984
f 6311/6287/3961 6349/6325/3984 6329/6305/3969
f 6042/6022/3799 6113/6093/3839 6350/6326/3985
f 6042/6022/3799 6350/6326/3985 6043/6023/3800
f 6351/6327/3986 6352/6328/3986 6278/6254/3945
f 6351/6327/3986 6278/6254/3945 6277/6253/3510
f 5128/5124/3200 5144/5140/3206 6353/6329/3987
f 5128/5124/3200 6353/6329/3987 5168/5163/3226
s 0
f 6069/6049/3006 6354/6330/3006 6355/6331/3006
f 6069/6049/3006 6355/6331/3006 6070/6050/3006
s 1
f 6356/6332/3988 6357/6333/3989 6358/6334/3990
f 6356/6332/3988 6358/6334/3990 6334/6310/3970
s 0
f 5130/5126/2999 6320/6296/2999 6319/6295/2999
f 5130/5126/2999 6319/6295/2999 5131/5127/2999
f 6321/6297/2999 5234/5228/2999 5236/5230/2999
f 6321/6297/2999 5236/5230/2999 6318/6294/2999
s 1
f 6262/6238/3940 6261/6237/3939 6021/6001/3787
f 6262/6238/3940 6021/6001/3787 6020/6000/3786
s 0
f 6359/6335/3006 6360/6336/3006 6355/6331/3006
f 6359/6335/3006 6355/6331/3006 6354/6330/3006
s 1
f 6052/6032/3806 6055/6035/3808 6361/6337/3991
f 6052/6032/3806 6361/6337/3991 6362/6338/3992
f 6362/6338/3992 6361/6337/3991 6363/6339/3993
f 6362/6338/3992 6363/6339/3993 6364/6340/3994
f 6364/6340/3994 6363/6339/3993 6365/6341/3995
f 6364/6340/3994 6365/6341/3995 6366/6342/3996
f 6301/6277/3952 6236/6212/3921 6235/6211/3921
f 6301/6277/3952 6235/6211/3921 6302/6278/3952
s 0
f 6064/6044/3006 6065/6045/3006 6360/6336/3006
f 6064/6044/3006 6360/6336/3006 6359/6335/3006
f 6367/6343/3997 6368/6344/3997 6369/6345/3997
f 6367/6343/3997 6369/6345/3997 6370/6346/3997
s 1
f 6371/6347/3496 6279/6255/3497 6280/6256/3497
f 6371/6347/3496 6280/6256/3497 6372/6348/3496
f 6373/6349/3998 6374/6350/3537 6375/6351/3537
f 6373/6349/3998 6375/6351/3537 6376/6352/3520
f 6357/6333/3989 6041/6021/3798 6040/6020/3797
f 6357/6333/3989 6040/6020/3797 6358/6334/3990
f 6114/6094/3840 6040/6020/3797 5132/5128/3201
f 6114/6094/3840 5132/5128/3201 6113/6093/3839
f 6169/6149/3869 6334/6310/3970 6358/6334/3990
f 6169/6149/3869 6358/6334/3990 6377/6353/3999
s 0
f 6378/6354/2999 6116/6096/2999 6115/6095/2999
f 6378/6354/2999 6115/6095/2999 6379/6355/2999
s 1
f 6351/6327/3986 6315/6291/3962 6314/6290/3962
f 6351/6327/3986 6314/6290/3962 6352/6328/3986
s 0
f 5661/5651/3006 5660/5650/3006 5230/5224/3006
f 5661/5651/3006 5230/5224/3006 5229/5223/3006
s 1
f 6372/6348/3496 6373/6349/3998 6376/6352/3520
f 6372/6348/3496 6376/6352/3520 6371/6347/3496
s 0
f 5140/5136/3006 6333/6309/3006 6332/6308/3006
f 5140/5136/3006 6332/6308/3006 5141/5137/3006
s 1
f 6114/6094/3840 6095/6075/3827 6107/6087/3837
f 6114/6094/3840 6107/6087/3837 6377/6353/3999
f 6185/6165/3882 6184/6164/3881 6366/6342/3996
f 6185/6165/3882 6366/6342/3996 6365/6341/3995
f 6380/6356/4000 6381/6357/4000 6382/6358/4001
f 6380/6356/4000 6382/6358/4001 6383/6359/4002
f 6383/6359/4002 6382/6358/4001 6384/6360/4003
f 6383/6359/4002 6384/6360/4003 6385/6361/4003
f 6377/6353/3999 6358/6334/3990 6040/6020/3797
f 6377/6353/3999 6040/6020/3797 6114/6094/3840
f 6311/6287/3961 6080/6060/3820 5247/5241/3275
f 6311/6287/3961 5247/5241/3275 6348/6324/3983
f 6113/6093/3839 5132/5128/3201 5134/5130/3203
f 6113/6093/3839 5134/5130/3203 6350/6326/3985
f 6386/6362/4004 6329/6305/3969 6349/6325/3984
f 6386/6362/4004 6349/6325/3984 6387/6363/4005
s 0
f 5136/5132/3006 5889/5875/3006 5890/5876/3006
f 5136/5132/3006 5890/5876/3006 5137/5133/3006
f 6388/6364/2999 6389/6365/2999 5130/5126/2999
f 6388/6364/2999 5130/5126/2999 5129/5125/2999
f 6389/6365/2999 6388/6364/2999 6171/6151/2999
f 6389/6365/2999 6171/6151/2999 6172/6152/2999
s 1
f 6107/6087/3837 6106/6086/3836 6169/6149/3869
f 6107/6087/3837 6169/6149/3869 6377/6353/3999
f 5167/5162/3225 5168/5163/3226 6390/6366/4006
f 5167/5162/3225 6390/6366/4006 6391/6367/4007
f 6392/6368/4008 6393/6369/4009 6394/6370/4010
f 6392/6368/4008 6394/6370/4010 6395/6371/4011
f 6391/6367/4007 6390/6366/4006 6337/6313/3973
f 6391/6367/4007 6337/6313/3973 6340/6316/3975
f 5145/5141/3198 5126/5122/3198 5128/5124/3200
f 5145/5141/3198 5128/5124/3200 5064/5061/3152
f 6261/6237/3939 6264/6240/3941 6396/6372/4012
f 6261/6237/3939 6396/6372/4012 6397/6373/4013
f 6398/6374/4014 6399/6375/4015 6400/6376/4016
f 6398/6374/4014 6400/6376/4016 6401/6377/4017
f 6353/6329/3987 5144/5140/3206 6021/6001/3787
f 6353/6329/3987 6021/6001/3787 6402/6378/4018
f 6021/6001/3787 6261/6237/3939 6397/6373/4013
f 6021/6001/3787 6397/6373/4013 6402/6378/4018
f 6175/6155/3873 6339/6315/3940 6338/6314/3974
f 6175/6155/3873 6338/6314/3974 6176/6156/3874
f 6251/6227/3931 5118/5114/3190 6403/6379/3977
f 6251/6227/3931 6403/6379/3977 6404/6380/3978
f 6343/6319/3978 6178/6158/3876 6177/6157/3875
f 6343/6319/3978 6177/6157/3875 6405/6381/3978
f 6396/6372/4012 6264/6240/3941 6251/6227/3931
f 6396/6372/4012 6251/6227/3931 6406/6382/4019
f 5277/5271/3305 6407/6383/4020 6408/6384/4020
f 5277/5271/3305 6408/6384/4020 5159/5154/3219
f 6408/6384/4020 6407/6383/4020 5146/5142/3207
f 6408/6384/4020 5146/5142/3207 5278/5272/3306
f 6409/6385/4021 6410/6386/4022 6411/6387/4023
f 6409/6385/4021 6411/6387/4023 6412/6388/4024
f 6406/6382/4019 6251/6227/3931 6404/6380/3978
f 6406/6382/4019 6404/6380/3978 6413/6389/3978
f 6414/6390/4025 6415/6391/4026 6416/6392/4027
f 6414/6390/4025 6416/6392/4027 6417/6393/4028
f 6418/6393/4029 6416/6392/4027 6419/6394/4030
f 6418/6393/4029 6419/6394/4030 6420/6395/4031
f 6421/6395/4032 6419/6394/4030 6422/6396/4033
f 6421/6395/4032 6422/6396/4033 6423/6397/4034
f 6424/6397/4035 6422/6396/4033 6425/6398/4036
f 6424/6397/4035 6425/6398/4036 6426/6399/4037
f 6427/6400/4038 6260/6236/3938 6416/6392/4027
f 6427/6400/4038 6416/6392/4027 6415/6391/4026
f 6260/6236/3938 6259/6235/3937 6419/6394/4030
f 6260/6236/3938 6419/6394/4030 6416/6392/4027
f 6422/6396/4033 6419/6394/4030 6259/6235/3937
f 6422/6396/4033 6259/6235/3937 6308/6284/3958
f 6425/6398/4036 6422/6396/4033 6308/6284/3958
f 6425/6398/4036 6308/6284/3958 6345/6321/3980
f 6428/6401/4039 6429/6402/4040 6430/6403/4041
f 6428/6401/4039 6430/6403/4041 6431/6404/4039
f 6432/6405/4042 6257/6233/3935 6260/6236/3938
f 6432/6405/4042 6260/6236/3938 6427/6400/4038
f 6385/6361/4003 6384/6360/4003 6328/6304/3968
f 6385/6361/4003 6328/6304/3968 6327/6303/3968
f 6257/6233/3935 6432/6405/4042 6433/6406/4043
f 6257/6233/3935 6433/6406/4043 6434/6407/4044
f 6258/6234/3936 6257/6233/3935 6434/6407/4044
f 6258/6234/3936 6434/6407/4044 6435/6408/4045
f 6435/6408/4045 6436/6409/4046 6307/6283/3957
f 6435/6408/4045 6307/6283/3957 6258/6234/3936
f 6436/6409/4046 6437/6410/4047 6344/6320/3979
f 6436/6409/4046 6344/6320/3979 6307/6283/3957
f 6434/6407/4044 6433/6406/4043 6438/6411/4048
f 6434/6407/4044 6438/6411/4048 5153/5149/3214
f 6435/6408/4045 6434/6407/4044 5153/5149/3214
f 6435/6408/4045 5153/5149/3214 5152/5148/3213
f 5152/5148/3213 5156/5151/3217 6436/6409/4046
f 5152/5148/3213 6436/6409/4046 6435/6408/4045
f 5156/5151/3217 6439/6412/4049 6437/6410/4047
f 5156/5151/3217 6437/6410/4047 6436/6409/4046
f 5153/5149/3214 6438/6411/4048 6440/6413/4050
f 5153/5149/3214 6440/6413/4050 5154/5150/3215
f 6439/6412/4049 5156/5151/3217 5155/5150/3216
f 6439/6412/4049 5155/5150/3216 6441/6413/4051
f 6442/6414/4052 6411/6387/4023 6410/6386/4022
f 6442/6414/4052 6410/6386/4022 6443/6415/4053
f 5118/5114/3190 5122/5118/3194 5163/5158/3222
f 5118/5114/3190 5163/5158/3222 6403/6379/3977
f 6429/6402/4040 6409/6385/4021 6412/6388/4024
f 6429/6402/4040 6412/6388/4024 6430/6403/4041
f 6444/6416/3682 6445/6417/3682 6446/6418/4054
f 6444/6416/3682 6446/6418/4054 6447/6419/4054
f 6448/6420/3728 6449/6421/4055 6450/6422/4055
f 6448/6420/3728 6450/6422/4055 6451/6423/3728
f 6452/6424/4056 6453/6425/3721 6454/6426/3639
f 6452/6424/4056 6454/6426/3639 6455/6427/4057
s 0
f 6456/6428/2999 6457/6429/2999 6458/6430/2999
f 6456/6428/2999 6458/6430/2999 6459/6431/2999
s 1
f 5470/5464/3424 5477/5471/3427 5476/5470/3427
f 5470/5464/3424 5476/5470/3427 5471/5465/3424
f 6460/6432/4058 6461/6433/4059 6462/6434/4060
f 6460/6432/4058 6462/6434/4060 6463/6435/4061
f 6464/6436/4062 6465/6437/4063 6466/6438/4064
f 6464/6436/4062 6466/6438/4064 6467/6439/4065
f 6468/6440/4066 6469/6441/4067 5486/5480/3435
f 6468/6440/4066 5486/5480/3435 5489/5483/3438
s 0
f 6470/6442/3006 6471/6443/3006 6472/6444/3006
f 6470/6442/3006 6472/6444/3006 6473/6445/3006
s 1
f 5358/5352/3357 5396/5390/3384 5380/5374/3369
f 5358/5352/3357 5380/5374/3369 5379/5373/3368
f 5429/5423/3405 5432/5426/3408 6474/6446/4068
f 5429/5423/3405 6474/6446/4068 6475/6447/4069
s 0
f 6476/6448/3006 6473/6445/3006 6472/6444/3006
f 6476/6448/3006 6472/6444/3006 6477/6449/3006
s 1
f 5455/5449/3415 6478/6450/4070 6479/6451/4070
f 5455/5449/3415 6479/6451/4070 5456/5450/3416
f 6478/6450/4070 6480/6452/4071 6481/6453/4072
f 6478/6450/4070 6481/6453/4072 6479/6451/4070
f 6480/6452/4071 6482/6454/4073 6483/6455/4074
f 6480/6452/4071 6483/6455/4074 6481/6453/4072
s 0
f 6484/6456/3006 6485/6457/3006 6471/6443/3006
f 6484/6456/3006 6471/6443/3006 6470/6442/3006
s 1
f 6453/6425/3721 6452/6424/4056 6486/6458/3730
f 6453/6425/3721 6486/6458/3730 6487/6459/3730
s 0
f 5461/5455/3006 6476/6448/3006 6477/6449/3006
f 5461/5455/3006 6477/6449/3006 5462/5456/3006
s 1
f 6488/6460/4075 6489/6461/4076 6490/6462/4077
f 6488/6460/4075 6490/6462/4077 6491/6463/4078
f 6492/6464/4079 6493/6465/4080 6494/6466/4081
f 6492/6464/4079 6494/6466/4081 6495/6467/4082
f 6465/6437/4063 6496/6468/4083 6497/6469/4084
f 6465/6437/4063 6497/6469/4084 6466/6438/4064
f 5900/5886/3705 5795/5781/3644 5022/5020/3116
f 5900/5886/3705 5022/5020/3116 5021/5019/3115
f 6498/6470/4085 5478/5472/3428 6493/6465/4080
f 6498/6470/4085 6493/6465/4080 6309/6285/3959
s 0
f 5866/5852/2999 4990/4988/2999 4992/4990/2999
f 5866/5852/2999 4992/4990/2999 5863/5849/2999
s 1
f 6499/6471/4086 6500/6472/4086 6501/6473/3582
f 6499/6471/4086 6501/6473/3582 6502/6474/4087
f 6503/6475/4088 6504/6476/4088 6505/6477/4089
f 6503/6475/4088 6505/6477/4089 6506/6478/4089
s 0
f 6507/6479/2999 6508/6480/2999 6456/6428/2999
f 6507/6479/2999 6456/6428/2999 6459/6431/2999
s 1
f 6499/6471/4086 6506/6478/4089 6505/6477/4089
f 6499/6471/4086 6505/6477/4089 6500/6472/4086
s 0
f 6509/6481/2999 6510/6482/2999 6511/6483/2999
f 6509/6481/2999 6511/6483/2999 6512/6484/2999
s 1
f 6310/6286/3960 6309/6285/3959 6493/6465/4080
f 6310/6286/3960 6493/6465/4080 6492/6464/4079
f 5478/5472/3428 5481/5475/3431 6494/6466/4081
f 5478/5472/3428 6494/6466/4081 6493/6465/4080
f 5481/5475/3431 5480/5474/3430 5429/5423/3405
f 5481/5475/3431 5429/5423/3405 6475/6447/4069
f 6401/6377/4017 6483/6455/4074 6482/6454/4073
f 6401/6377/4017 6482/6454/4073 6398/6374/4014
f 6395/6371/4011 6513/6485/4090 6514/6486/4091
f 6395/6371/4011 6514/6486/4091 6515/6487/4092
f 6516/6488/4093 5511/5505/3449 5488/5482/3437
f 6516/6488/4093 5488/5482/3437 5487/5481/3436
f 6517/6489/4094 6488/6460/4075 6491/6463/4078
f 6517/6489/4094 6491/6463/4078 6518/6490/4095
f 6498/6470/4085 5492/5486/3440 5479/5473/3429
f 6498/6470/4085 5479/5473/3429 5478/5472/3428
f 5175/5170/3230 5177/5172/3232 6495/6467/4082
f 5175/5170/3230 6495/6467/4082 6494/6466/4081
f 6475/6447/4069 6474/6446/4068 5176/5171/3231
f 6475/6447/4069 5176/5171/3231 5175/5170/3230
s 0
f 6519/6491/2999 6520/6492/2999 5502/5496/2999
f 6519/6491/2999 5502/5496/2999 5501/5495/2999
f 5180/5175/3006 5179/5174/3006 6521/6493/3006
f 5180/5175/3006 6521/6493/3006 6522/6494/3006
s 1
f 5170/5165/3228 6523/6495/4096 6386/6362/4004
f 5170/5165/3228 6386/6362/4004 6387/6363/4005
s 0
f 6519/6491/2999 5173/5168/2999 5172/5167/2999
f 6519/6491/2999 5172/5167/2999 6520/6492/2999
f 6522/6494/3006 6521/6493/3006 4881/4881/3006
f 6522/6494/3006 4881/4881/3006 4880/4880/3006
s 1
f 5481/5475/3431 6475/6447/4069 5175/5170/3230
f 5481/5475/3431 5175/5170/3230 6494/6466/4081
s 0
f 5499/5493/2999 4865/4865/2999 4867/4867/2999
f 5499/5493/2999 4867/4867/2999 5500/5494/2999
s 1
f 5357/5351/3356 5494/5488/3442 5726/5716/3588
f 5357/5351/3356 5726/5716/3588 5395/5389/3383
f 6462/6434/4060 6524/6496/4097 6525/6497/4067
f 6462/6434/4060 6525/6497/4067 6463/6435/4061
f 5223/5217/3264 6515/6487/4092 6514/6486/4091
f 5223/5217/3264 6514/6486/4091 5224/5218/3262
f 5187/5182/3239 5225/5219/3265 6322/6298/3196
f 5187/5182/3239 6322/6298/3196 5124/5120/3196
s 0
f 6484/6456/3006 5449/5443/3006 5452/5446/3006
f 6484/6456/3006 5452/5446/3006 6485/6457/3006
s 1
f 6496/6468/4083 6526/6498/4098 6527/6499/4099
f 6496/6468/4083 6527/6499/4099 6497/6469/4084
f 6346/6322/3981 6528/6500/4100 6529/6501/4101
f 6346/6322/3981 6529/6501/4101 6347/6323/3982
f 5184/5179/3236 4888/4888/3028 4878/4878/3022
f 5184/5179/3236 4878/4878/3022 4877/4877/3021
f 6450/6422/4055 6449/6421/4055 6244/6220/3927
f 6450/6422/4055 6244/6220/3927 6243/6219/3927
f 6530/6502/4102 6531/6503/4102 6455/6427/4057
f 6530/6502/4102 6455/6427/4057 6454/6426/3639
s 0
f 6532/6504/2999 6533/6505/2999 5688/5678/2999
f 6532/6504/2999 5688/5678/2999 5687/5677/2999
s 1
f 5187/5182/3239 5202/5197/3245 6534/6506/4103
f 5187/5182/3239 6534/6506/4103 5226/5220/3266
s 0
f 5195/5190/2999 6511/6483/2999 6510/6482/2999
f 5195/5190/2999 6510/6482/2999 5196/5191/2999
f 5450/5444/3006 6535/6507/3006 6536/6508/3006
f 5450/5444/3006 6536/6508/3006 5451/5445/3006
s 1
f 6537/6509/4104 6538/6510/4105 6539/6511/4106
f 6537/6509/4104 6539/6511/4106 6523/6495/4096
f 5430/5424/3406 5429/5423/3405 5480/5474/3430
f 5430/5424/3406 5480/5474/3430 5468/5462/3422
s 0
f 4852/4852/2999 5374/5368/2999 5373/5367/2999
f 4852/4852/2999 5373/5367/2999 4853/4853/2999
s 1
f 6469/6441/4067 6468/6440/4066 6347/6323/3982
f 6469/6441/4067 6347/6323/3982 6529/6501/4101
s 0
f 6540/6512/3006 6541/6513/3006 6536/6508/3006
f 6540/6512/3006 6536/6508/3006 6535/6507/3006
s 1
f 6283/6259/3946 6286/6262/3946 6542/6514/4107
f 6283/6259/3946 6542/6514/4107 6543/6515/4107
f 6543/6515/4107 6542/6514/4107 6544/6516/4108
f 6543/6515/4107 6544/6516/4108 6545/6517/4109
f 6545/6517/4109 6544/6516/4108 6546/6518/4110
f 6545/6517/4109 6546/6518/4110 6547/6519/4111
f 6241/6217/3926 6447/6419/4054 6446/6418/4054
f 6241/6217/3926 6446/6418/4054 6242/6218/3926
s 0
f 6295/6271/3006 6296/6272/3006 6541/6513/3006
f 6295/6271/3006 6541/6513/3006 6540/6512/3006
f 6533/6505/2999 6532/6504/2999 6378/6354/2999
f 6533/6505/2999 6378/6354/2999 6379/6355/2999
s 1
f 6444/6416/3682 6487/6459/3730 6486/6458/3730
f 6444/6416/3682 6486/6458/3730 6445/6417/3682
f 6548/6520/3642 6549/6521/3643 6550/6522/3643
f 6548/6520/3642 6550/6522/3643 6551/6523/3642
f 6502/6474/4087 6501/6473/3582 6552/6524/3583
f 6502/6474/4087 6552/6524/3583 6553/6525/4112
f 6538/6510/4105 6274/6250/3943 6273/6249/3942
f 6538/6510/4105 6273/6249/3942 6539/6511/4106
f 6336/6312/3972 6273/6249/3942 5188/5183/3240
f 6336/6312/3972 5188/5183/3240 6335/6311/3971
f 6386/6362/4004 6523/6495/4096 6539/6511/4106
f 6386/6362/4004 6539/6511/4106 6554/6526/4113
f 6530/6502/4102 6504/6476/4088 6503/6475/4088
f 6530/6502/4102 6503/6475/4088 6531/6503/4102
f 6553/6525/4112 6552/6524/3583 6548/6520/3642
f 6553/6525/4112 6548/6520/3642 6551/6523/3642
f 6237/6213/3922 6335/6311/3971 6555/6527/4114
f 6237/6213/3922 6555/6527/4114 6238/6214/3923
f 6336/6312/3972 6119/6099/3843 6118/6098/3842
f 6336/6312/3972 6118/6098/3842 6554/6526/4113
f 6556/6528/4115 6557/6529/4115 6558/6530/4116
f 6556/6528/4115 6558/6530/4116 6559/6531/4117
f 6559/6531/4117 6558/6530/4116 6560/6532/4118
f 6559/6531/4117 6560/6532/4118 6561/6533/4118
f 6554/6526/4113 6539/6511/4106 6273/6249/3942
f 6554/6526/4113 6273/6249/3942 6336/6312/3972
f 6498/6470/4085 6309/6285/3959 5244/5238/3272
f 6498/6470/4085 5244/5238/3272 6562/6534/4119
f 6335/6311/3971 5188/5183/3240 5190/5185/3242
f 6335/6311/3971 5190/5185/3242 6555/6527/4114
f 6498/6470/4085 6562/6534/4119 5493/5487/3441
f 6498/6470/4085 5493/5487/3441 5492/5486/3440
s 0
f 5198/5193/3006 6563/6535/3006 6564/6536/3006
f 5198/5193/3006 6564/6536/3006 5199/5194/3006
s 1
f 5467/5461/3421 5466/5460/3420 4869/4869/3019
f 5467/5461/3421 4869/4869/3019 4868/4868/3018
s 0
f 6565/6537/2999 6566/6538/2999 5195/5190/2999
f 6565/6537/2999 5195/5190/2999 5194/5189/2999
f 6566/6538/2999 6565/6537/2999 6312/6288/2999
f 6566/6538/2999 6312/6288/2999 6313/6289/2999
f 6458/6430/2999 6457/6429/2999 4867/4867/2999
f 6458/6430/2999 4867/4867/2999 4866/4866/2999
f 6563/6535/3006 5139/5135/3006 5141/5137/3006
f 6563/6535/3006 5141/5137/3006 6564/6536/3006
s 1
f 6554/6526/4113 6118/6098/3842 6329/6305/3969
f 6554/6526/4113 6329/6305/3969 6386/6362/4004
s 0
f 6512/6484/2999 5172/5167/2999 5174/5169/2999
f 6512/6484/2999 5174/5169/2999 6509/6481/2999
s 1
f 5225/5219/3265 5226/5220/3266 6461/6433/4059
f 5225/5219/3265 6461/6433/4059 6460/6432/4058
f 4858/4858/3011 4860/4860/3013 5573/5563/3013
f 4858/4858/3011 5573/5563/3013 4908/4907/3046
f 5954/5938/3737 5892/5878/3702 5891/5877/3701
f 5954/5938/3737 5891/5877/3701 5955/5939/3738
f 5118/5114/3190 6251/6227/3931 6250/6226/3930
f 5118/5114/3190 6250/6226/3930 5119/5115/3191
f 5203/5198/3246 5185/5180/3237 5187/5182/3239
f 5203/5198/3246 5187/5182/3239 5124/5120/3196
f 6468/6440/4066 5489/5483/3438 6567/6539/4120
f 6468/6440/4066 6567/6539/4120 6568/6540/4121
f 6569/6541/4122 6570/5931/4123 5799/5785/3648
f 6569/6541/4122 5799/5785/3648 5989/5970/3765
f 6534/6506/4103 5202/5197/3245 6347/6323/3982
f 6534/6506/4103 6347/6323/3982 6571/6542/4124
f 6347/6323/3982 6468/6440/4066 6568/6540/4121
f 6347/6323/3982 6568/6540/4121 6571/6542/4124
f 6392/6368/4008 6525/6497/4067 6524/6496/4097
f 6392/6368/4008 6524/6496/4097 6393/6369/4009
f 5488/5482/3437 5181/5176/3233 6572/6543/4091
f 5488/5482/3437 6572/6543/4091 6573/6544/4090
f 6513/6485/4090 6395/6371/4011 6394/6370/4010
f 6513/6485/4090 6394/6370/4010 6574/6545/4090
f 6567/6539/4120 5489/5483/3438 5488/5482/3437
f 6567/6539/4120 5488/5482/3437 6575/6546/4125
f 5260/5254/3288 6576/6547/4126 6577/6548/4126
f 5260/5254/3288 6577/6548/4126 5205/5200/3248
f 6577/6548/4126 6576/6547/4126 5207/5202/3250
f 6577/6548/4126 5207/5202/3250 5259/5253/3287
f 5559/5549/3492 5560/5550/3493 6578/6549/4127
f 5559/5549/3492 6578/6549/4127 6579/6550/4127
f 6575/6546/4125 5488/5482/3437 6573/6544/4090
f 6575/6546/4125 6573/6544/4090 6580/6551/4090
f 6581/6552/4128 6582/6553/4129 6583/6554/4130
f 6581/6552/4128 6583/6554/4130 6584/6555/4131
f 6585/6555/4132 6583/6554/4130 6586/6556/4133
f 6585/6555/4132 6586/6556/4133 6587/6557/4134
f 6588/6557/4135 6586/6556/4133 6589/6558/4136
f 6588/6557/4135 6589/6558/4136 6590/6559/4137
f 6591/6559/4138 6589/6558/4136 6592/6560/4139
f 6591/6559/4138 6592/6560/4139 6593/6561/4140
f 6594/6562/4141 6467/6439/4065 6583/6554/4130
f 6594/6562/4141 6583/6554/4130 6582/6553/4129
f 6467/6439/4065 6466/6438/4064 6586/6556/4133
f 6467/6439/4065 6586/6556/4133 6583/6554/4130
f 6589/6558/4136 6586/6556/4133 6466/6438/4064
f 6589/6558/4136 6466/6438/4064 6497/6469/4084
f 6592/6560/4139 6589/6558/4136 6497/6469/4084
f 6592/6560/4139 6497/6469/4084 6527/6499/4099
f 6595/6563/4142 6596/6564/4143 6597/6565/4144
f 6595/6563/4142 6597/6565/4144 6598/6566/4142
f 6599/6567/4145 6464/6436/4062 6467/6439/4065
f 6599/6567/4145 6467/6439/4065 6594/6562/4141
f 6561/6533/4118 6560/6532/4118 6490/6462/4077
f 6561/6533/4118 6490/6462/4077 6489/6461/4076
f 6600/6568/4146 6601/6569/4147 6602/6570/4148
f 6600/6568/4146 6602/6570/4148 6603/6571/4149
f 6464/6436/4062 6599/6567/4145 6604/6572/4150
f 6464/6436/4062 6604/6572/4150 6605/6573/4151
f 6465/6437/4063 6464/6436/4062 6605/6573/4151
f 6465/6437/4063 6605/6573/4151 6606/6574/4152
f 6606/6574/4152 6607/6575/4153 6496/6468/4083
f 6606/6574/4152 6496/6468/4083 6465/6437/4063
f 6607/6575/4153 6608/6576/4154 6526/6498/4098
f 6607/6575/4153 6526/6498/4098 6496/6468/4083
f 6605/6573/4151 6604/6572/4150 6609/6577/4155
f 6605/6573/4151 6609/6577/4155 5214/5209/3257
f 6606/6574/4152 6605/6573/4151 5214/5209/3257
f 6606/6574/4152 5214/5209/3257 5213/5208/3256
f 5213/5208/3256 5217/5211/3260 6607/6575/4153
f 5213/5208/3256 6607/6575/4153 6606/6574/4152
f 5217/5211/3260 6610/6578/4156 6608/6576/4154
f 5217/5211/3260 6608/6576/4154 6607/6575/4153
f 5214/5209/3257 6609/6577/4155 6611/6579/4157
f 5214/5209/3257 6611/6579/4157 5215/5210/3258
f 6610/6578/4156 5217/5211/3260 5216/5210/3259
f 6610/6578/4156 5216/5210/3259 6612/6579/4158
f 6613/6580/4159 6602/6570/4148 6601/6569/4147
f 6613/6580/4159 6601/6569/4147 6614/6581/4160
f 5181/5176/3233 4878/4878/3022 5221/5215/3262
f 5181/5176/3233 5221/5215/3262 6572/6543/4091
f 6596/6564/4143 6600/6568/4146 6603/6571/4149
f 6596/6564/4143 6603/6571/4149 6597/6565/4144
f 5700/5690/3573 6615/6582/4161 6616/6583/4161
f 5700/5690/3573 6616/6583/4161 5699/5689/3572
s 0
f 5571/5561/2999 5908/5894/2999 5907/5893/2999
f 5571/5561/2999 5907/5893/2999 5572/5562/2999
s 1
f 5991/5972/3767 5990/5971/3766 5830/5816/3666
f 5991/5972/3767 5830/5816/3666 5829/5815/3665
f 5996/5977/3772 5036/5034/3129 6617/5931/4123
f 5996/5977/3772 6617/5931/4123 6618/6541/4122
f 5039/5036/3133 5998/5979/3774 6619/5936/4162
f 5039/5036/3133 6619/5936/4162 6620/5824/3734
f 5036/5034/3129 5035/5033/3128 6621/5823/4163
f 5036/5034/3129 6621/5823/4163 6622/5931/4164
f 6623/6584/4165 6624/6585/4166 6192/6172/3885
f 6623/6584/4165 6192/6172/3885 6096/6076/3828
f 5035/5033/3131 5039/5036/3133 6625/5824/4167
f 5035/5033/3131 6625/5824/4167 6626/5823/4168
f 5803/5789/3652 5959/5943/3742 5796/5782/3645
f 5803/5789/3652 5796/5782/3645 5795/5781/3644
f 5804/5790/3653 5803/5789/3652 5795/5781/3644
f 5804/5790/3653 5795/5781/3644 5902/5888/3707
s 0
f 5406/5400/2999 5409/5403/2999 4841/4841/2999
f 5406/5400/2999 4841/4841/2999 4840/4840/2999
s 1
f 5425/5419/3401 5428/5422/3404 4885/4885/3026
f 5425/5419/3401 4885/4885/3026 4884/4884/3025
f 6627/6586/4169 6628/6587/4170 6048/6028/3805
f 6627/6586/4169 6048/6028/3805 6047/6027/3804
f 5058/5055/3146 6048/6028/3805 6628/6587/4170
f 5058/5055/3146 6628/6587/4170 5059/5056/3147
s 0
f 6507/6479/2999 5433/5427/2999 5434/5428/2999
f 6507/6479/2999 5434/5428/2999 6508/6480/2999
f 6297/6273/2999 6532/6504/2999 6507/6479/2999
f 6297/6273/2999 6507/6479/2999 6298/6274/2999
f 5687/5677/2999 5910/5896/2999 5909/5895/2999
f 5687/5677/2999 5909/5895/2999 5433/5427/2999
f 6532/6504/2999 5687/5677/2999 5433/5427/2999
f 6532/6504/2999 5433/5427/2999 6507/6479/2999
f 6629/6588/4171 6630/6589/4171 6631/6590/4171
f 6629/6588/4171 6631/6590/4171 6632/6591/4171
f 6163/6143/3006 5231/5225/3006 5233/5227/3006
f 6163/6143/3006 5233/5227/3006 6164/6144/3006
s 1
f 5516/5510/3454 5515/5509/3453 5708/5698/3579
f 5516/5510/3454 5708/5698/3579 5707/5697/3578
f 6400/6376/4016 6399/6375/4015 6547/6519/4111
f 6400/6376/4016 6547/6519/4111 6546/6518/4110
f 5519/5513/3457 5520/5514/3458 5523/5517/3460
f 5519/5513/3457 5523/5517/3460 5381/5375/3370
s 0
f 5443/5437/3006 5442/5436/3006 5281/5275/3006
f 5443/5437/3006 5281/5275/3006 6633/6592/3006
f 6634/6593/3006 6635/6594/3006 6270/6246/3006
f 6634/6593/3006 6270/6246/3006 6269/6245/3006
f 5238/5232/3006 6636/6595/3006 5617/5607/3006
f 5238/5232/3006 5617/5607/3006 5616/5606/3006
f 6637/6596/3006 5237/5231/3006 5931/5917/3006
f 6637/6596/3006 5931/5917/3006 5930/5916/3006
f 6638/6597/3006 6639/6598/3006 5711/5701/3006
f 6638/6597/3006 5711/5701/3006 5710/5700/3006
f 5280/5274/3006 5238/5232/3006 6635/6594/3006
f 5280/5274/3006 6635/6594/3006 6634/6593/3006
f 6633/6592/3006 5281/5275/3006 5280/5274/3006
f 6633/6592/3006 5280/5274/3006 5463/5457/3006
f 5238/5232/3006 5237/5231/3006 6637/6596/3006
f 5238/5232/3006 6637/6596/3006 6636/6595/3006
f 5281/5275/3006 6639/6598/3006 6638/6597/3006
f 5281/5275/3006 6638/6597/3006 5237/5231/3006
s 1
f 5696/5686/3569 5662/5652/3551 4913/4912/3050
f 5696/5686/3569 4913/4912/3050 4912/4911/3049
f 5446/5440/3412 5401/5395/3385 4843/4843/3001
f 5446/5440/3412 4843/4843/3001 4842/4842/3000
f 6537/6509/4104 6523/6495/4096 5170/5165/3228
f 6537/6509/4104 5170/5165/3228 5169/5164/3227
f 6356/6332/3988 6334/6310/3970 5110/5106/3185
f 6356/6332/3988 5110/5106/3185 5109/5105/3184
f 6142/6122/3855 6112/6092/3838 5050/5047/3141
f 6142/6122/3855 5050/5047/3141 5049/5046/3140
f 5917/5903/3713 5880/5866/3696 4988/4986/3094
f 5917/5903/3713 4988/4986/3094 4987/4985/3093
o handle_low.001_M_WP_Revolver_0
v 0.009371 0.079697 -1.949217
v 0.026993 0.077215 -1.949217
v 0.011942 0.034160 -1.949217
v 0.006698 0.127375 -0.784248
v 0.042772 0.122293 -0.784248
v 0.011960 0.034154 -0.781068
v 0.042323 0.068177 -1.949217
v 0.053028 0.053962 -1.949217
v 0.057479 0.036731 -1.949217
v 0.054996 0.019109 -1.949217
v 0.045959 0.003779 -1.949217
v 0.031743 -0.006926 -1.949217
v 0.014513 -0.011376 -1.949217
v -0.003109 -0.008894 -1.949217
v -0.018439 0.000144 -1.949217
v -0.029145 0.014359 -1.949217
v -0.033595 0.031590 -1.949217
v -0.031112 0.049212 -1.949217
v -0.022075 0.064542 -1.949217
v -0.007859 0.075247 -1.949217
v -0.057678 0.096350 -0.784248
v -0.076178 0.064966 -0.784248
v 0.017223 -0.059067 -0.784248
v 0.052496 -0.049957 -0.784248
v 0.074156 0.103792 -0.784248
v 0.096071 0.074690 -0.784248
v 0.105181 0.039417 -0.784248
v -0.018852 -0.053984 -0.784248
v -0.050236 -0.035484 -0.784248
v -0.081260 0.028892 -0.784248
v 0.081598 -0.028042 -0.784248
v -0.072151 -0.006382 -0.784248
v -0.028576 0.118265 -0.784248
v 0.100099 0.003342 -0.784248
v 0.049272 0.075957 -1.703692
v 0.062425 0.058490 -1.703692
v 0.062425 0.058490 -1.835116
v 0.049272 0.075957 -1.835116
v 0.067893 0.037319 -1.703692
v 0.067893 0.037319 -1.835116
v 0.064843 0.015667 -1.703692
v 0.064843 0.015667 -1.835116
v 0.053739 -0.003169 -1.703692
v 0.053739 -0.003169 -1.835116
v 0.036272 -0.016323 -1.703692
v 0.036272 -0.016323 -1.835116
v 0.015101 -0.021790 -1.703692
v 0.015101 -0.021790 -1.835116
v -0.006551 -0.018740 -1.703692
v -0.006551 -0.018740 -1.835116
v -0.006551 -0.018740 -1.835116
v -0.006551 -0.018740 -1.703692
v -0.025388 -0.007636 -1.703692
v -0.025388 -0.007636 -1.835116
v -0.038541 0.009831 -1.703692
v -0.038541 0.009831 -1.835116
v -0.044009 0.031002 -1.703692
v -0.044009 0.031002 -1.835116
v -0.040959 0.052654 -1.703692
v -0.040959 0.052654 -1.835116
v -0.029855 0.071490 -1.703692
v -0.029855 0.071490 -1.835116
v -0.012388 0.084644 -1.703692
v -0.012388 0.084644 -1.835116
v 0.008783 0.090111 -1.703692
v 0.008783 0.090111 -1.835116
v -0.044009 0.031002 -1.835116
v -0.040959 0.052654 -1.835116
v -0.032938 0.049850 -1.839830
v -0.035526 0.031481 -1.839830
v 0.049272 0.075957 -1.862896
v 0.062425 0.058490 -1.862896
v 0.062425 0.058490 -1.938837
v 0.049272 0.075957 -1.938837
v 0.030435 0.087061 -1.703692
v 0.030435 0.087061 -1.835116
v 0.049272 0.075957 -1.938837
v 0.062425 0.058490 -1.938837
v 0.053028 0.053962 -1.949217
v 0.042323 0.068177 -1.949217
v 0.067893 0.037319 -1.938837
v 0.057479 0.036731 -1.949217
v 0.064843 0.015667 -1.938837
v 0.054996 0.019109 -1.949217
v 0.053739 -0.003169 -1.938837
v 0.045959 0.003779 -1.949217
v 0.036272 -0.016323 -1.938837
v 0.031743 -0.006926 -1.949217
v 0.015101 -0.021790 -1.938837
v 0.014513 -0.011376 -1.949217
v -0.006551 -0.018740 -1.938837
v -0.003109 -0.008894 -1.949217
v -0.006551 -0.018740 -1.938837
v -0.025388 -0.007636 -1.938837
v -0.018439 0.000144 -1.949217
v -0.003109 -0.008894 -1.949217
v -0.038541 0.009831 -1.938837
v -0.029145 0.014359 -1.949217
v -0.044009 0.031002 -1.938837
v -0.033595 0.031590 -1.949217
v -0.040959 0.052654 -1.938837
v -0.031112 0.049212 -1.949217
v -0.029855 0.071490 -1.938837
v -0.022075 0.064542 -1.949217
v -0.012388 0.084644 -1.938837
v -0.007859 0.075247 -1.949217
v 0.008783 0.090111 -1.938837
v 0.009371 0.079697 -1.949217
v 0.030435 0.087061 -1.938837
v 0.026993 0.077215 -1.949217
v 0.054771 0.054801 -1.839830
v 0.054771 0.054801 -1.858182
v 0.043612 0.069620 -1.858182
v 0.043612 0.069620 -1.839830
v 0.067893 0.037319 -1.862896
v 0.067893 0.037319 -1.938837
v 0.030435 0.087061 -1.862896
v 0.030435 0.087061 -1.938837
v 0.008783 0.090111 -1.938837
v 0.008783 0.090111 -1.862896
v -0.012388 0.084644 -1.938837
v -0.012388 0.084644 -1.862896
v -0.029855 0.071490 -1.938837
v -0.029855 0.071490 -1.862896
v -0.040959 0.052654 -1.938837
v -0.040959 0.052654 -1.862896
v -0.044009 0.031002 -1.938837
v -0.044009 0.031002 -1.862896
v -0.038541 0.009831 -1.938837
v -0.038541 0.009831 -1.862896
v -0.025388 -0.007636 -1.938837
v -0.025388 -0.007636 -1.862896
v -0.006551 -0.018740 -1.938837
v -0.006551 -0.018740 -1.862896
v -0.006551 -0.018740 -1.862896
v -0.006551 -0.018740 -1.938837
v 0.015101 -0.021790 -1.938837
v 0.015101 -0.021790 -1.862896
v 0.036272 -0.016323 -1.938837
v 0.036272 -0.016323 -1.862896
v 0.053739 -0.003169 -1.938837
v 0.053739 -0.003169 -1.862896
v 0.064843 0.015667 -1.938837
v 0.064843 0.015667 -1.862896
v -0.032938 0.049850 -1.839830
v -0.023518 0.065831 -1.839830
v -0.023518 0.065831 -1.858182
v -0.032938 0.049850 -1.858182
v 0.015101 -0.021790 -1.862896
v 0.036272 -0.016323 -1.862896
v 0.032583 -0.008669 -1.858182
v 0.014622 -0.013307 -1.858182
v -0.038541 0.009831 -1.835116
v -0.030887 0.013520 -1.839830
v -0.019728 -0.001299 -1.839830
v -0.025388 -0.007636 -1.835116
v -0.038541 0.009831 -1.862896
v -0.025388 -0.007636 -1.862896
v -0.019728 -0.001299 -1.858182
v -0.030887 0.013520 -1.858182
v 0.049272 0.075957 -1.835116
v 0.062425 0.058490 -1.835116
v 0.054771 0.054801 -1.839830
v 0.043612 0.069620 -1.839830
v 0.036272 -0.016323 -1.835116
v 0.015101 -0.021790 -1.835116
v 0.014622 -0.013307 -1.839830
v 0.032583 -0.008669 -1.839830
v 0.067893 0.037319 -1.862896
v 0.062425 0.058490 -1.862896
v 0.054771 0.054801 -1.858182
v 0.059410 0.036840 -1.858182
v -0.006551 -0.018740 -1.862896
v -0.003747 -0.010720 -1.858182
v 0.049272 0.075957 -1.862896
v 0.030435 0.087061 -1.862896
v 0.027631 0.079041 -1.858182
v 0.043612 0.069620 -1.858182
v 0.053739 -0.003169 -1.862896
v 0.047402 0.002490 -1.858182
v -0.040959 0.052654 -1.862896
v -0.044009 0.031002 -1.862896
v -0.035526 0.031481 -1.858182
v -0.032938 0.049850 -1.858182
v 0.067893 0.037319 -1.835116
v 0.059410 0.036840 -1.839830
v 0.030435 0.087061 -1.835116
v 0.027631 0.079041 -1.839830
v 0.064843 0.015667 -1.862896
v 0.056822 0.018471 -1.858182
v 0.008783 0.090111 -1.862896
v -0.012388 0.084644 -1.862896
v -0.008699 0.076990 -1.858182
v 0.009262 0.081628 -1.858182
v 0.053739 -0.003169 -1.835116
v 0.047402 0.002490 -1.839830
v 0.056822 0.018471 -1.839830
v 0.064843 0.015667 -1.835116
v -0.029855 0.071490 -1.862896
v -0.023518 0.065831 -1.858182
v -0.006551 -0.018740 -1.835116
v -0.003747 -0.010720 -1.839830
v -0.012388 0.084644 -1.835116
v 0.008783 0.090111 -1.835116
v 0.009262 0.081628 -1.839830
v -0.008699 0.076990 -1.839830
v -0.023518 0.065831 -1.839830
v -0.029855 0.071490 -1.835116
v -0.003747 -0.010720 -1.839830
v -0.006551 -0.018740 -1.835116
v 0.009262 0.081628 -1.839830
v 0.027631 0.079041 -1.839830
v 0.027631 0.079041 -1.858182
v 0.009262 0.081628 -1.858182
v -0.008699 0.076990 -1.839830
v -0.008699 0.076990 -1.858182
v -0.035526 0.031481 -1.839830
v -0.035526 0.031481 -1.858182
v -0.030887 0.013520 -1.839830
v -0.030887 0.013520 -1.858182
v -0.019728 -0.001299 -1.839830
v -0.019728 -0.001299 -1.858182
v -0.003747 -0.010720 -1.839830
v -0.003747 -0.010720 -1.858182
v 0.014622 -0.013307 -1.839830
v -0.003747 -0.010720 -1.839830
v -0.003747 -0.010720 -1.858182
v 0.014622 -0.013307 -1.858182
v 0.032583 -0.008669 -1.839830
v 0.032583 -0.008669 -1.858182
v 0.047402 0.002490 -1.839830
v 0.047402 0.002490 -1.858182
v 0.056822 0.018471 -1.839830
v 0.056822 0.018471 -1.858182
v 0.059410 0.036840 -1.839830
v 0.059410 0.036840 -1.858182
v -0.006551 -0.018740 -1.862896
v -0.003747 -0.010720 -1.858182
v 0.036272 -0.016323 -1.703692
v 0.053739 -0.003169 -1.703692
v 0.039022 0.009974 -1.703531
v 0.027705 0.001452 -1.703531
v -0.025388 -0.007636 -1.703692
v -0.012244 0.007080 -1.703531
v -0.020766 0.018397 -1.703531
v -0.038541 0.009831 -1.703692
v 0.008783 0.090111 -1.703692
v -0.012388 0.084644 -1.703692
v -0.003821 0.066869 -1.703531
v 0.009895 0.070412 -1.703531
v 0.030435 0.087061 -1.703692
v 0.023924 0.068435 -1.703531
v 0.064843 0.015667 -1.703692
v 0.067893 0.037319 -1.703692
v 0.048193 0.036207 -1.703531
v 0.046217 0.022179 -1.703531
v 0.015101 -0.021790 -1.703692
v 0.013988 -0.002091 -1.703531
v -0.000040 -0.000114 -1.703531
v -0.006551 -0.018740 -1.703692
v -0.029855 0.071490 -1.703692
v -0.040959 0.052654 -1.703692
v -0.022333 0.046142 -1.703531
v -0.015138 0.058347 -1.703531
v -0.044009 0.031002 -1.703692
v -0.024309 0.032114 -1.703531
v -0.006551 -0.018740 -1.703692
v -0.000040 -0.000114 -1.703531
v 0.062425 0.058490 -1.703692
v 0.049272 0.075957 -1.703692
v 0.036128 0.061241 -1.703531
v 0.044650 0.049924 -1.703531
v 0.030435 0.087061 -1.703692
v 0.023924 0.068435 -1.703531
v 0.048193 0.036207 -1.703531
v 0.048193 0.036207 -0.744027
v 0.046217 0.022179 -0.744027
v 0.046217 0.022179 -1.703531
v 0.106158 0.140950 -0.742374
v 0.139667 0.096452 -0.742374
v 0.134236 0.093083 -0.753596
v 0.102377 0.135390 -0.753596
v -0.020766 0.018397 -1.703531
v -0.020766 0.018397 -0.744027
v -0.024309 0.032114 -0.744027
v -0.024309 0.032114 -1.703531
v -0.012244 0.007080 -1.703531
v -0.012244 0.007080 -0.744027
v -0.123711 0.081583 -0.742374
v -0.095423 0.129570 -0.742374
v -0.089276 0.124571 -0.753596
v -0.116171 0.078947 -0.753596
v -0.084043 -0.072010 -0.742374
v -0.117553 -0.027512 -0.742374
v -0.110315 -0.024775 -0.753596
v -0.078456 -0.067082 -0.753596
v -0.032832 -0.093977 -0.753596
v -0.036056 -0.100298 -0.742374
v -0.131482 0.026423 -0.742374
v -0.123559 0.026504 -0.753596
v 0.023924 0.068435 -1.703531
v 0.009895 0.070412 -1.703531
v 0.009896 0.070412 -0.744027
v 0.023924 0.068435 -0.744027
v 0.036128 0.061241 -1.703531
v 0.036128 0.061241 -0.744027
v -0.078456 -0.067082 -0.771805
v -0.078456 -0.067082 -0.753596
v -0.110315 -0.024775 -0.753596
v -0.110315 -0.024775 -0.771805
v 0.044650 0.049924 -1.703531
v 0.044650 0.049924 -0.744027
v -0.036056 -0.100298 -0.742374
v -0.032832 -0.093977 -0.753596
v 0.019611 -0.101365 -0.753596
v 0.019104 -0.108069 -0.742374
v -0.050925 0.163080 -0.742374
v 0.003010 0.177009 -0.742374
v 0.004310 0.169673 -0.753596
v -0.046969 0.156430 -0.753596
v -0.000040 -0.000114 -1.703531
v -0.000040 -0.000114 -0.744027
v -0.003821 0.066869 -1.703531
v -0.003821 0.066869 -0.744027
v 0.013988 -0.002091 -1.703531
v 0.013989 -0.002090 -0.744027
v -0.000040 -0.000114 -0.744027
v -0.000040 -0.000114 -1.703531
v -0.015138 0.058347 -1.703531
v -0.015138 0.058347 -0.744027
v 0.027705 0.001452 -1.703531
v 0.027705 0.001452 -0.744027
v -0.022333 0.046142 -1.703531
v -0.022333 0.046143 -0.744027
v 0.039022 0.009974 -1.703531
v 0.039022 0.009974 -0.744027
v 0.058170 0.169238 -0.742374
v 0.056753 0.162285 -0.753596
v 0.147479 0.041805 -0.771805
v 0.134236 0.093083 -0.771805
v 0.134236 0.093083 -0.753596
v 0.147479 0.041805 -0.753596
v 0.019611 -0.101365 -0.771805
v 0.019611 -0.101365 -0.753596
v -0.032832 -0.093977 -0.753596
v -0.032832 -0.093977 -0.771805
v -0.089276 0.124571 -0.771805
v -0.116171 0.078947 -0.771805
v -0.116171 0.078947 -0.753596
v -0.089276 0.124571 -0.753596
v 0.140091 -0.010639 -0.771805
v 0.140091 -0.010639 -0.753596
v -0.046969 0.156430 -0.771805
v -0.046969 0.156430 -0.753596
v 0.113196 -0.056262 -0.771805
v 0.113196 -0.056262 -0.753596
v 0.004310 0.169673 -0.771805
v 0.004310 0.169673 -0.753596
v 0.070889 -0.088121 -0.771805
v 0.070889 -0.088121 -0.753596
v 0.056753 0.162285 -0.771805
v 0.056753 0.162285 -0.753596
v 0.102377 0.135390 -0.771805
v 0.102377 0.135390 -0.753596
v -0.032832 -0.093977 -0.771805
v -0.032832 -0.093977 -0.753596
v -0.123559 0.026504 -0.771805
v -0.123559 0.026504 -0.753596
v 0.153596 0.042517 -0.742374
v 0.147479 0.041805 -0.753596
v 0.145825 -0.012643 -0.742374
v 0.140091 -0.010639 -0.753596
v 0.117537 -0.060631 -0.742374
v 0.113196 -0.056262 -0.753596
v 0.073039 -0.094140 -0.742374
v 0.070889 -0.088121 -0.753596
v 0.114812 0.083722 -0.784765
v 0.088014 0.119309 -0.784765
v 0.102377 0.135390 -0.771805
v 0.134236 0.093083 -0.771805
v -0.064093 -0.051000 -0.784765
v -0.025717 -0.073623 -0.784765
v -0.032832 -0.093977 -0.771805
v -0.078456 -0.067082 -0.771805
v -0.102031 0.027719 -0.784765
v -0.090891 -0.015414 -0.784765
v -0.110315 -0.024775 -0.771805
v -0.123559 0.026504 -0.771805
v 0.049638 0.141931 -0.784765
v 0.056753 0.162285 -0.771805
v -0.025717 -0.073623 -0.784765
v 0.018395 -0.079837 -0.784765
v 0.019611 -0.101365 -0.771805
v -0.032832 -0.093977 -0.771805
v 0.061528 -0.068697 -0.784765
v 0.070889 -0.088121 -0.771805
v 0.005525 0.148145 -0.784765
v 0.004310 0.169673 -0.771805
v 0.097115 -0.041899 -0.784765
v 0.113196 -0.056262 -0.771805
v -0.037608 0.137006 -0.784765
v -0.046969 0.156430 -0.771805
v 0.119737 -0.003523 -0.784765
v 0.140091 -0.010639 -0.771805
v -0.073194 0.110208 -0.784765
v -0.089276 0.124571 -0.771805
v 0.125952 0.040589 -0.784765
v 0.147479 0.041805 -0.771805
v -0.095817 0.071831 -0.784765
v -0.116171 0.078947 -0.771805
v 0.081085 0.111551 -0.775255
v 0.088014 0.119309 -0.784765
v 0.114812 0.083722 -0.784765
v 0.105441 0.079206 -0.775255
v -0.018852 -0.053984 -0.784248
v -0.022284 -0.063804 -0.775255
v -0.057164 -0.043242 -0.775255
v -0.050236 -0.035484 -0.784248
v -0.081260 0.028892 -0.784248
v -0.072151 -0.006382 -0.784248
v -0.081521 -0.010898 -0.775255
v -0.091646 0.028305 -0.775255
v 0.046205 0.132112 -0.775255
v 0.049638 0.141931 -0.784765
v 0.017223 -0.059067 -0.784248
v 0.017809 -0.069452 -0.775255
v -0.022284 -0.063804 -0.775255
v -0.018852 -0.053984 -0.784248
v -0.064093 -0.051000 -0.784765
v -0.090891 -0.015414 -0.784765
v 0.052496 -0.049957 -0.784248
v 0.057012 -0.059327 -0.775255
v 0.006111 0.137760 -0.775255
v 0.005525 0.148145 -0.784765
v 0.089357 -0.034971 -0.775255
v 0.097115 -0.041899 -0.784765
v 0.061528 -0.068697 -0.784765
v -0.033092 0.127635 -0.775255
v -0.037608 0.137006 -0.784765
v 0.109918 -0.000090 -0.775255
v 0.119737 -0.003523 -0.784765
v -0.065436 0.103279 -0.775255
v -0.073194 0.110208 -0.784765
v 0.115566 0.040003 -0.775255
v 0.125952 0.040589 -0.784765
v -0.085997 0.068399 -0.775255
v -0.095817 0.071831 -0.784765
v -0.102031 0.027719 -0.784765
v 0.096071 0.074690 -0.784248
v 0.074156 0.103792 -0.784248
v 0.018395 -0.079837 -0.784765
v -0.076178 0.064966 -0.784248
v 0.105181 0.039417 -0.784248
v -0.057678 0.096350 -0.784248
v 0.100099 0.003342 -0.784248
v -0.028576 0.118265 -0.784248
v 0.081598 -0.028042 -0.784248
v 0.006698 0.127375 -0.784248
v 0.042772 0.122293 -0.784248
v -0.025717 -0.073623 -0.784765
v -0.025717 -0.073623 -0.784765
vn -0.0000 -0.0000 -1.0000
vn 0.0019 -0.0340 -0.9994
vn -0.0112 -0.0321 -0.9994
vn 0.0254 -0.0227 -0.9994
vn 0.0321 -0.0112 -0.9994
vn -0.0019 0.0340 -0.9994
vn -0.0148 0.0307 -0.9994
vn -0.0227 -0.0254 -0.9994
vn -0.0307 -0.0148 -0.9994
vn -0.0340 -0.0019 -0.9994
vn 0.0112 0.0321 -0.9994
vn 0.0227 0.0254 -0.9994
vn 0.0340 0.0019 -0.9994
vn -0.0254 0.0227 -0.9994
vn 0.0307 0.0148 -0.9994
vn 0.0148 -0.0307 -0.9994
vn -0.0321 0.0112 -0.9994
vn 0.6661 0.7458 -0.0000
vn 0.9008 0.4341 -0.0000
vn 0.9984 0.0564 -0.0000
vn 0.9440 -0.3300 -0.0000
vn 0.7458 -0.6661 -0.0000
vn 0.4341 -0.9008 -0.0000
vn 0.0564 -0.9984 -0.0000
vn -0.1395 -0.9902 -0.0000
vn -0.5078 -0.8615 -0.0000
vn -0.6661 -0.7458 -0.0000
vn -0.9008 -0.4341 -0.0000
vn -0.9984 -0.0564 -0.0000
vn -0.9440 0.3300 -0.0000
vn -0.7458 0.6661 -0.0000
vn -0.4341 0.9008 -0.0000
vn -0.4342 0.9008 -0.0000
vn -0.0564 0.9984 -0.0000
vn -0.4844 -0.0273 -0.8744
vn -0.4579 0.1601 -0.8744
vn 0.3300 0.9440 -0.0000
vn 0.4699 0.5261 -0.7088
vn 0.6355 0.3062 -0.7088
vn 0.6354 0.3063 -0.7088
vn 0.7043 0.0398 -0.7088
vn 0.6659 -0.2328 -0.7088
vn 0.5261 -0.4699 -0.7088
vn 0.3063 -0.6355 -0.7088
vn 0.3062 -0.6354 -0.7088
vn 0.0398 -0.7043 -0.7088
vn -0.0994 -0.7053 -0.7019
vn -0.3617 -0.6136 -0.7019
vn -0.4699 -0.5261 -0.7088
vn -0.6355 -0.3062 -0.7088
vn -0.6354 -0.3062 -0.7088
vn -0.7043 -0.0398 -0.7088
vn -0.6659 0.2328 -0.7088
vn -0.5261 0.4699 -0.7088
vn -0.3062 0.6355 -0.7088
vn -0.3062 0.6354 -0.7088
vn -0.0398 0.7043 -0.7088
vn 0.2328 0.6659 -0.7088
vn -0.9008 -0.4342 -0.0000
vn 0.4342 -0.9008 -0.0000
vn 0.0274 -0.4844 0.8744
vn 0.2106 -0.4371 0.8744
vn -0.4370 -0.2106 -0.8744
vn -0.3232 -0.3618 -0.8744
vn -0.4370 -0.2106 0.8744
vn -0.3232 -0.3619 0.8744
vn -0.4371 -0.2106 0.8744
vn 0.3232 0.3618 -0.8744
vn 0.4370 0.2106 -0.8744
vn 0.3231 0.3618 -0.8744
vn 0.2106 -0.4370 -0.8744
vn 0.0273 -0.4844 -0.8744
vn 0.4844 0.0273 0.8744
vn 0.4371 0.2106 0.8744
vn -0.2501 -0.4242 0.8704
vn 0.3232 0.3619 0.8744
vn 0.1601 0.4580 0.8744
vn 0.3619 -0.3232 0.8744
vn -0.4580 0.1601 0.8744
vn -0.4844 -0.0273 0.8744
vn 0.4843 0.0273 -0.8745
vn 0.4843 0.0273 -0.8744
vn 0.1601 0.4580 -0.8744
vn 0.1601 0.4579 -0.8744
vn 0.4580 -0.1601 0.8744
vn -0.0273 0.4844 0.8744
vn -0.2106 0.4371 0.8744
vn 0.3618 -0.3232 -0.8744
vn 0.4580 -0.1601 -0.8744
vn -0.3618 0.3232 0.8744
vn -0.3619 0.3232 0.8744
vn -0.0687 -0.4875 -0.8704
vn -0.2106 0.4370 -0.8744
vn -0.0273 0.4844 -0.8744
vn -0.3618 0.3232 -0.8745
vn -0.2500 -0.4241 -0.8704
vn -0.0687 -0.4876 0.8704
vn 0.0036 -0.0074 1.0000
vn 0.0061 -0.0055 1.0000
vn -0.0055 -0.0061 1.0000
vn -0.0074 -0.0036 1.0000
vn -0.0005 0.0082 1.0000
vn -0.0036 0.0074 1.0000
vn 0.0027 0.0077 1.0000
vn 0.0077 -0.0027 1.0000
vn 0.0082 0.0005 1.0000
vn 0.0005 -0.0082 1.0000
vn -0.0012 -0.0083 1.0000
vn -0.0061 0.0055 1.0000
vn -0.0077 0.0027 1.0000
vn -0.0082 -0.0005 1.0000
vn -0.0042 -0.0072 1.0000
vn 0.0074 0.0036 1.0000
vn 0.0054 0.0061 1.0000
vn 0.0055 0.0061 1.0000
vn 0.0028 0.0077 1.0000
vn 0.5676 0.6455 -0.5110
vn 0.7815 0.3824 -0.4930
vn 0.7867 0.3722 -0.4925
vn 0.5788 0.6361 -0.5102
vn -0.7691 0.2688 -0.5799
vn -0.6111 0.5425 -0.5764
vn -0.6075 0.5466 -0.5763
vn -0.5606 -0.6184 -0.5507
vn -0.7444 -0.3537 -0.5663
vn -0.7402 -0.3630 -0.5659
vn -0.5507 -0.6280 -0.5499
vn -0.4294 -0.7285 -0.5337
vn -0.8160 -0.0436 -0.5764
vn -0.8158 -0.0491 -0.5763
vn -0.1197 -0.8499 -0.5132
vn 0.0564 -0.8582 -0.5102
vn 0.0418 -0.8585 -0.5110
vn -0.3620 0.7404 -0.5663
vn -0.0532 0.8330 -0.5507
vn -0.0395 0.8343 -0.5499
vn -0.3528 0.7452 -0.5659
vn 0.2730 0.8020 -0.5314
vn 0.2877 0.7974 -0.5304
vn 0.9008 0.4342 -0.0000
vn 0.8754 0.0523 -0.4805
vn 0.8759 0.0460 -0.4803
vn 0.8302 -0.2902 -0.4760
vn 0.6522 -0.5863 -0.4805
vn 0.6564 -0.5817 -0.4803
vn 0.3730 -0.7860 -0.4930
vn 0.3835 -0.7813 -0.4925
vn 0.4641 0.2237 -0.8571
vn 0.3432 0.3842 -0.8571
vn -0.3432 -0.3842 -0.8571
vn -0.2654 -0.4501 -0.8526
vn -0.5144 -0.0290 -0.8571
vn -0.4641 -0.2237 -0.8571
vn 0.1700 0.4863 -0.8571
vn -0.0729 -0.5174 -0.8526
vn 0.0290 -0.5144 -0.8571
vn 0.2237 -0.4641 -0.8571
vn -0.0290 0.5144 -0.8571
vn 0.3842 -0.3432 -0.8571
vn -0.2237 0.4641 -0.8571
vn 0.4863 -0.1700 -0.8571
vn -0.3842 0.3432 -0.8571
vn 0.5144 0.0290 -0.8571
vn -0.4863 0.1700 -0.8571
vn -0.0641 -0.0718 -0.9954
vn -0.4495 -0.5033 -0.7380
vn -0.6079 -0.2929 -0.7380
vn -0.0867 -0.0418 -0.9954
vn -0.3358 -0.5696 -0.7502
vn 0.0498 0.0845 -0.9952
vn 0.0641 0.0718 -0.9954
vn -0.4357 -0.4878 -0.7565
vn -0.6530 -0.0369 -0.7565
vn -0.5892 -0.2839 -0.7565
vn 0.0867 0.0418 -0.9954
vn 0.0961 0.0054 -0.9954
vn -0.0318 -0.0908 -0.9954
vn -0.2227 -0.6370 -0.7380
vn 0.0369 -0.6530 -0.7565
vn -0.0054 0.0961 -0.9954
vn 0.0137 0.0971 -0.9952
vn -0.0922 -0.6548 -0.7502
vn 0.4495 0.5033 -0.7380
vn 0.6079 0.2929 -0.7380
vn 0.2839 -0.5892 -0.7565
vn -0.0418 0.0867 -0.9954
vn 0.0054 -0.0961 -0.9954
vn 0.0380 -0.6737 -0.7380
vn -0.0718 0.0641 -0.9954
vn -0.5033 0.4495 -0.7380
vn -0.2929 0.6079 -0.7380
vn 0.0418 -0.0867 -0.9954
vn 0.2929 -0.6079 -0.7380
vn -0.0908 0.0318 -0.9954
vn -0.6370 0.2227 -0.7380
vn 0.0718 -0.0641 -0.9954
vn 0.5033 -0.4495 -0.7380
vn -0.0961 -0.0054 -0.9954
vn -0.6737 -0.0380 -0.7380
vn 0.0908 -0.0318 -0.9954
vn 0.6370 -0.2227 -0.7380
vn 0.6737 0.0380 -0.7380
vn 0.5892 0.2839 -0.7565
vn 0.4356 0.4878 -0.7565
vn -0.0380 0.6737 -0.7380
vn -0.6174 0.2158 -0.7565
vn 0.6530 0.0369 -0.7565
vn -0.4878 0.4357 -0.7565
vn 0.6174 -0.2158 -0.7565
vn -0.2839 0.5892 -0.7565
vn 0.4878 -0.4357 -0.7565
vn -0.0369 0.6530 -0.7565
vn 0.2158 0.6174 -0.7565
vn 0.0951 0.6752 -0.7315
vn 0.3463 0.5874 -0.7315
vt 0.019544 0.412938
vt 0.018556 0.415321
vt 0.025042 0.416611
vt 0.061211 0.836803
vt 0.066092 0.834781
vt 0.058569 0.823523
vt 0.018556 0.417901
vt 0.019544 0.420285
vt 0.021368 0.422109
vt 0.023752 0.423096
vt 0.026332 0.423096
vt 0.028715 0.422109
vt 0.030540 0.420285
vt 0.031527 0.417901
vt 0.031527 0.415321
vt 0.030540 0.412938
vt 0.028715 0.411113
vt 0.026332 0.410126
vt 0.023752 0.410126
vt 0.021368 0.411113
vt 0.051046 0.834781
vt 0.047310 0.831046
vt 0.055927 0.810242
vt 0.061211 0.810242
vt 0.069828 0.831046
vt 0.071850 0.826164
vt 0.071850 0.820881
vt 0.051046 0.812264
vt 0.047310 0.816000
vt 0.045289 0.826164
vt 0.066092 0.812264
vt 0.045289 0.820881
vt 0.055927 0.836803
vt 0.069828 0.816000
vt 0.883192 0.030568
vt 0.880022 0.030568
vt 0.880022 0.049622
vt 0.883192 0.049622
vt 0.876852 0.030568
vt 0.876852 0.049622
vt 0.873682 0.030568
vt 0.873682 0.049622
vt 0.870512 0.030568
vt 0.870512 0.049622
vt 0.867342 0.030568
vt 0.867342 0.049622
vt 0.864172 0.030568
vt 0.864172 0.049622
vt 0.861002 0.030568
vt 0.861002 0.049622
vt 0.911723 0.049622
vt 0.911723 0.030568
vt 0.908553 0.030568
vt 0.908553 0.049622
vt 0.905383 0.030568
vt 0.905383 0.049622
vt 0.902213 0.030568
vt 0.902213 0.049622
vt 0.899043 0.030568
vt 0.899043 0.049622
vt 0.895873 0.030568
vt 0.895873 0.049622
vt 0.892703 0.030568
vt 0.892703 0.049622
vt 0.889533 0.030568
vt 0.889533 0.049622
vt 0.357523 0.996703
vt 0.354498 0.996703
vt 0.354498 0.998047
vt 0.357523 0.998047
vt 0.625568 0.834937
vt 0.622398 0.834937
vt 0.622398 0.845947
vt 0.625568 0.845947
vt 0.886363 0.030568
vt 0.886363 0.049622
vt 0.203319 0.056636
vt 0.206324 0.056636
vt 0.206324 0.054614
vt 0.203319 0.054614
vt 0.209328 0.056636
vt 0.209328 0.054614
vt 0.212333 0.056636
vt 0.212333 0.054614
vt 0.215337 0.056636
vt 0.215337 0.054614
vt 0.218341 0.056636
vt 0.218341 0.054614
vt 0.221346 0.056636
vt 0.221346 0.054614
vt 0.224350 0.056636
vt 0.224350 0.054614
vt 0.176279 0.056636
vt 0.179284 0.056636
vt 0.179284 0.054614
vt 0.176279 0.054614
vt 0.182288 0.056636
vt 0.182288 0.054614
vt 0.185293 0.056636
vt 0.185293 0.054614
vt 0.188297 0.056636
vt 0.188297 0.054614
vt 0.191302 0.056636
vt 0.191302 0.054614
vt 0.194306 0.056636
vt 0.194306 0.054614
vt 0.197310 0.056636
vt 0.197310 0.054614
vt 0.200315 0.056636
vt 0.200315 0.054614
vt 0.964643 0.719224
vt 0.967304 0.719224
vt 0.967304 0.716535
vt 0.964643 0.716535
vt 0.619228 0.834937
vt 0.619228 0.845947
vt 0.628738 0.834937
vt 0.628738 0.845947
vt 0.631908 0.845947
vt 0.631908 0.834937
vt 0.635078 0.845947
vt 0.635078 0.834937
vt 0.638248 0.845947
vt 0.638248 0.834937
vt 0.641418 0.845947
vt 0.641418 0.834937
vt 0.644589 0.845947
vt 0.644589 0.834937
vt 0.647759 0.845947
vt 0.647759 0.834937
vt 0.650929 0.845947
vt 0.650929 0.834937
vt 0.654099 0.845947
vt 0.654099 0.834937
vt 0.603377 0.834937
vt 0.603377 0.845947
vt 0.606548 0.845947
vt 0.606548 0.834937
vt 0.609718 0.845947
vt 0.609718 0.834937
vt 0.612888 0.845947
vt 0.612888 0.834937
vt 0.616058 0.845947
vt 0.616058 0.834937
vt 0.964643 0.703087
vt 0.964643 0.705777
vt 0.967304 0.705777
vt 0.967304 0.703087
vt 0.264360 0.002331
vt 0.261574 0.002331
vt 0.261574 0.003790
vt 0.264360 0.003790
vt 0.360549 0.996703
vt 0.360549 0.998047
vt 0.363574 0.998047
vt 0.363574 0.996703
vt 0.228137 0.002331
vt 0.225350 0.002331
vt 0.225350 0.003790
vt 0.228137 0.003790
vt 0.339373 0.996703
vt 0.336347 0.996703
vt 0.336347 0.998047
vt 0.339373 0.998047
vt 0.324247 0.996703
vt 0.321222 0.996703
vt 0.321222 0.998047
vt 0.324247 0.998047
vt 0.253214 0.002331
vt 0.250428 0.002331
vt 0.250428 0.003790
vt 0.253214 0.003790
vt 0.222564 0.002331
vt 0.222564 0.003790
vt 0.247642 0.002331
vt 0.244855 0.002331
vt 0.244855 0.003790
vt 0.247642 0.003790
vt 0.258787 0.002331
vt 0.258787 0.003790
vt 0.233710 0.002331
vt 0.230923 0.002331
vt 0.230923 0.003790
vt 0.233710 0.003790
vt 0.333322 0.996703
vt 0.333322 0.998047
vt 0.342398 0.996703
vt 0.342398 0.998047
vt 0.256001 0.002331
vt 0.256001 0.003790
vt 0.242069 0.002331
vt 0.239282 0.002331
vt 0.239282 0.003790
vt 0.242069 0.003790
vt 0.327272 0.996703
vt 0.327272 0.998047
vt 0.330297 0.998047
vt 0.330297 0.996703
vt 0.236496 0.002331
vt 0.236496 0.003790
vt 0.318197 0.996703
vt 0.318197 0.998047
vt 0.348448 0.996703
vt 0.345423 0.996703
vt 0.345423 0.998047
vt 0.348448 0.998047
vt 0.351473 0.998047
vt 0.351473 0.996703
vt 0.366599 0.998047
vt 0.366599 0.996703
vt 0.964643 0.711156
vt 0.964643 0.713845
vt 0.967304 0.713845
vt 0.967304 0.711156
vt 0.964643 0.708466
vt 0.967304 0.708466
vt 0.964643 0.700398
vt 0.967304 0.700398
vt 0.964643 0.697708
vt 0.967304 0.697708
vt 0.964643 0.695019
vt 0.967304 0.695019
vt 0.964643 0.692330
vt 0.967304 0.692330
vt 0.964643 0.732671
vt 0.964643 0.735361
vt 0.967304 0.735361
vt 0.967304 0.732671
vt 0.964643 0.729982
vt 0.967304 0.729982
vt 0.964643 0.727292
vt 0.967304 0.727292
vt 0.964643 0.724603
vt 0.967304 0.724603
vt 0.964643 0.721913
vt 0.967304 0.721913
vt 0.267146 0.002331
vt 0.267146 0.003790
vt 0.951088 0.139252
vt 0.951088 0.142102
vt 0.953659 0.142102
vt 0.953659 0.139252
vt 0.951088 0.130703
vt 0.953659 0.130703
vt 0.953659 0.127853
vt 0.951088 0.127853
vt 0.951088 0.113604
vt 0.951088 0.116454
vt 0.953659 0.116454
vt 0.953659 0.113604
vt 0.951088 0.110754
vt 0.953659 0.110754
vt 0.951088 0.144951
vt 0.951088 0.147801
vt 0.953659 0.147801
vt 0.953659 0.144951
vt 0.951088 0.136402
vt 0.953659 0.136402
vt 0.953659 0.133552
vt 0.951088 0.133552
vt 0.951088 0.119303
vt 0.951088 0.122153
vt 0.953659 0.122153
vt 0.953659 0.119303
vt 0.951088 0.125003
vt 0.953659 0.125003
vt 0.951088 0.150651
vt 0.951088 0.153501
vt 0.953659 0.153501
vt 0.953659 0.150651
vt 0.951088 0.156350
vt 0.953659 0.156350
vt 0.433412 0.118710
vt 0.572520 0.118710
vt 0.572520 0.116656
vt 0.433412 0.116656
vt 0.330470 0.071519
vt 0.338529 0.071519
vt 0.338529 0.069650
vt 0.330470 0.069650
vt 0.433412 0.137195
vt 0.572520 0.137195
vt 0.572520 0.135141
vt 0.433412 0.135141
vt 0.433412 0.139249
vt 0.572520 0.139249
vt 0.290175 0.071519
vt 0.298234 0.071519
vt 0.298234 0.069650
vt 0.290175 0.069650
vt 0.265998 0.071519
vt 0.274057 0.071519
vt 0.274057 0.069650
vt 0.265998 0.069650
vt 0.257939 0.069650
vt 0.257939 0.071519
vt 0.282116 0.071519
vt 0.282116 0.069650
vt 0.433412 0.124872
vt 0.433412 0.126926
vt 0.572520 0.126926
vt 0.572520 0.124872
vt 0.433412 0.122818
vt 0.572520 0.122818
vt 0.236793 0.022407
vt 0.236793 0.025047
vt 0.244471 0.025047
vt 0.244471 0.022407
vt 0.433412 0.120764
vt 0.572520 0.120764
vt 0.386882 0.071519
vt 0.386882 0.069650
vt 0.378823 0.069650
vt 0.378823 0.071519
vt 0.306293 0.071519
vt 0.314352 0.071519
vt 0.314352 0.069650
vt 0.306293 0.069650
vt 0.433412 0.141303
vt 0.572520 0.141303
vt 0.433412 0.128980
vt 0.572520 0.128980
vt 0.433412 0.110494
vt 0.572520 0.110494
vt 0.572520 0.108440
vt 0.433412 0.108440
vt 0.433412 0.131034
vt 0.572520 0.131033
vt 0.433412 0.112548
vt 0.572520 0.112548
vt 0.433412 0.133088
vt 0.572520 0.133087
vt 0.433412 0.114602
vt 0.572520 0.114602
vt 0.322411 0.071519
vt 0.322411 0.069650
vt 0.313576 0.022407
vt 0.305897 0.022407
vt 0.305897 0.025047
vt 0.313576 0.025047
vt 0.344289 0.022407
vt 0.344289 0.025047
vt 0.351967 0.025047
vt 0.351967 0.022407
vt 0.267506 0.022407
vt 0.259828 0.022407
vt 0.259828 0.025047
vt 0.267506 0.025047
vt 0.321254 0.022407
vt 0.321254 0.025047
vt 0.275184 0.022407
vt 0.275184 0.025047
vt 0.328932 0.022407
vt 0.328932 0.025047
vt 0.282862 0.022407
vt 0.282862 0.025047
vt 0.336610 0.022407
vt 0.336610 0.025047
vt 0.290541 0.022407
vt 0.290541 0.025047
vt 0.298219 0.022407
vt 0.298219 0.025047
vt 0.229114 0.022407
vt 0.229114 0.025047
vt 0.252149 0.022407
vt 0.252149 0.025047
vt 0.346587 0.071519
vt 0.346587 0.069650
vt 0.354646 0.071519
vt 0.354646 0.069650
vt 0.362705 0.071519
vt 0.362705 0.069650
vt 0.370764 0.071519
vt 0.370764 0.069650
vt 0.743092 0.660086
vt 0.743092 0.652771
vt 0.739617 0.652771
vt 0.739617 0.660086
vt 0.743092 0.594251
vt 0.743092 0.586936
vt 0.739617 0.586936
vt 0.739617 0.594251
vt 0.743092 0.608881
vt 0.743092 0.601566
vt 0.739617 0.601566
vt 0.739617 0.608881
vt 0.743092 0.645456
vt 0.739617 0.645456
vt 0.743092 0.703976
vt 0.743092 0.696661
vt 0.739617 0.696661
vt 0.739617 0.703976
vt 0.743092 0.689346
vt 0.739617 0.689346
vt 0.743092 0.638141
vt 0.739617 0.638141
vt 0.743092 0.682031
vt 0.739617 0.682031
vt 0.743092 0.630826
vt 0.739617 0.630826
vt 0.743092 0.674716
vt 0.739617 0.674716
vt 0.743092 0.623511
vt 0.739617 0.623511
vt 0.743092 0.667401
vt 0.739617 0.667401
vt 0.743092 0.616196
vt 0.739617 0.616196
vt 0.334815 0.205937
vt 0.334815 0.203904
vt 0.328977 0.203904
vt 0.328977 0.205937
vt 0.387364 0.207921
vt 0.387364 0.205937
vt 0.381525 0.205937
vt 0.381525 0.207921
vt 0.369848 0.207921
vt 0.375686 0.207921
vt 0.375686 0.205937
vt 0.369848 0.205937
vt 0.340654 0.205937
vt 0.340654 0.203904
vt 0.299783 0.207921
vt 0.299783 0.205937
vt 0.293944 0.205937
vt 0.293944 0.207921
vt 0.381525 0.203904
vt 0.375686 0.203904
vt 0.305622 0.207921
vt 0.305622 0.205937
vt 0.346493 0.205937
vt 0.346493 0.203904
vt 0.311461 0.205937
vt 0.311461 0.203904
vt 0.305622 0.203904
vt 0.352332 0.205937
vt 0.352332 0.203904
vt 0.317299 0.205937
vt 0.317299 0.203904
vt 0.358170 0.205937
vt 0.358170 0.203904
vt 0.323138 0.205937
vt 0.323138 0.203904
vt 0.364009 0.205937
vt 0.364009 0.203904
vt 0.369848 0.203904
vt 0.328977 0.207921
vt 0.334815 0.207921
vt 0.299783 0.203904
vt 0.364009 0.207921
vt 0.323138 0.207921
vt 0.358170 0.207921
vt 0.317299 0.207921
vt 0.352332 0.207921
vt 0.311461 0.207921
vt 0.346493 0.207921
vt 0.340654 0.207921
vt 0.293944 0.203904
vt 0.387364 0.203904
s 0
usemtl M_WP_Revolver
f 6640/6599/4172 6641/6600/4172 6642/6601/4172
s 1
f 6643/6602/4173 6644/6603/4174 6645/6604/4172
s 0
f 6641/6600/4172 6646/6605/4172 6642/6601/4172
f 6646/6605/4172 6647/6606/4172 6642/6601/4172
f 6647/6606/4172 6648/6607/4172 6642/6601/4172
f 6648/6607/4172 6649/6608/4172 6642/6601/4172
f 6649/6608/4172 6650/6609/4172 6642/6601/4172
f 6650/6609/4172 6651/6610/4172 6642/6601/4172
f 6651/6610/4172 6652/6611/4172 6642/6601/4172
f 6652/6611/4172 6653/6612/4172 6642/6601/4172
f 6653/6612/4172 6654/6613/4172 6642/6601/4172
f 6654/6613/4172 6655/6614/4172 6642/6601/4172
f 6655/6614/4172 6656/6615/4172 6642/6601/4172
f 6656/6615/4172 6657/6616/4172 6642/6601/4172
f 6657/6616/4172 6658/6617/4172 6642/6601/4172
f 6658/6617/4172 6659/6618/4172 6642/6601/4172
f 6659/6618/4172 6640/6599/4172 6642/6601/4172
s 1
f 6660/6619/4175 6645/6604/4172 6661/6620/4176
f 6662/6621/4177 6645/6604/4172 6663/6622/4178
f 6664/6623/4179 6665/6624/4180 6645/6604/4172
f 6665/6624/4180 6666/6625/4181 6645/6604/4172
f 6667/6626/4182 6668/6627/4183 6645/6604/4172
f 6669/6628/4184 6661/6620/4176 6645/6604/4172
f 6670/6629/4185 6663/6622/4178 6645/6604/4172
f 6671/6630/4186 6669/6628/4184 6645/6604/4172
f 6672/6631/4187 6643/6602/4173 6645/6604/4172
f 6668/6627/4183 6671/6630/4186 6645/6604/4172
f 6673/6632/4188 6670/6629/4185 6645/6604/4172
f 6644/6603/4174 6664/6623/4179 6645/6604/4172
f 6660/6619/4175 6672/6631/4187 6645/6604/4172
f 6662/6621/4177 6667/6626/4182 6645/6604/4172
f 6666/6625/4181 6673/6632/4188 6645/6604/4172
f 6674/6633/4189 6675/6634/4190 6676/6635/4190
f 6674/6633/4189 6676/6635/4190 6677/6636/4189
f 6676/6635/4190 6675/6634/4190 6678/6637/4191
f 6676/6635/4190 6678/6637/4191 6679/6638/4191
f 6679/6638/4191 6678/6637/4191 6680/6639/4192
f 6679/6638/4191 6680/6639/4192 6681/6640/4192
f 6681/6640/4192 6680/6639/4192 6682/6641/4193
f 6681/6640/4192 6682/6641/4193 6683/6642/4193
f 6683/6642/4193 6682/6641/4193 6684/6643/4194
f 6683/6642/4193 6684/6643/4194 6685/6644/4194
f 6685/6644/4194 6684/6643/4194 6686/6645/4195
f 6685/6644/4194 6686/6645/4195 6687/6646/4195
f 6687/6646/4195 6686/6645/4195 6688/6647/4196
f 6687/6646/4195 6688/6647/4196 6689/6648/4196
f 6690/6649/4197 6691/6650/4197 6692/6651/4198
f 6690/6649/4197 6692/6651/4198 6693/6652/4198
f 6693/6652/4198 6692/6651/4198 6694/6653/4199
f 6693/6652/4198 6694/6653/4199 6695/6654/4199
f 6695/6654/4199 6694/6653/4199 6696/6655/4200
f 6695/6654/4199 6696/6655/4200 6697/6656/4200
f 6697/6656/4200 6696/6655/4200 6698/6657/4201
f 6697/6656/4200 6698/6657/4201 6699/6658/4201
f 6699/6658/4201 6698/6657/4201 6700/6659/4202
f 6699/6658/4201 6700/6659/4202 6701/6660/4202
f 6701/6660/4202 6700/6659/4202 6702/6661/4203
f 6701/6660/4202 6702/6661/4203 6703/6662/4204
f 6703/6662/4204 6702/6661/4203 6704/6663/4205
f 6703/6662/4204 6704/6663/4205 6705/6664/4205
f 6706/6665/4206 6707/6666/4207 6708/6667/4207
f 6706/6665/4206 6708/6667/4207 6709/6668/4206
f 6710/6669/4189 6711/6670/4190 6712/6671/4190
f 6710/6669/4189 6712/6671/4190 6713/6672/4189
f 6714/6673/4208 6715/6674/4208 6705/6664/4205
f 6714/6673/4208 6705/6664/4205 6704/6663/4205
f 6716/6675/4209 6717/6676/4210 6718/6677/4211
f 6716/6675/4209 6718/6677/4211 6719/6678/4209
f 6717/6676/4210 6720/6679/4212 6721/6680/4212
f 6717/6676/4210 6721/6680/4212 6718/6677/4211
f 6720/6679/4212 6722/6681/4213 6723/6682/4213
f 6720/6679/4212 6723/6682/4213 6721/6680/4212
f 6722/6681/4213 6724/6683/4214 6725/6684/4214
f 6722/6681/4213 6725/6684/4214 6723/6682/4213
f 6724/6683/4214 6726/6685/4215 6727/6686/4216
f 6724/6683/4214 6727/6686/4216 6725/6684/4214
f 6726/6685/4215 6728/6687/4217 6729/6688/4217
f 6726/6685/4215 6729/6688/4217 6727/6686/4216
f 6728/6687/4217 6730/6689/4218 6731/6690/4218
f 6728/6687/4217 6731/6690/4218 6729/6688/4217
f 6732/6691/4219 6733/6692/4220 6734/6693/4220
f 6732/6691/4219 6734/6693/4220 6735/6694/4219
f 6733/6692/4220 6736/6695/4221 6737/6696/4222
f 6733/6692/4220 6737/6696/4222 6734/6693/4220
f 6736/6695/4221 6738/6697/4223 6739/6698/4223
f 6736/6695/4221 6739/6698/4223 6737/6696/4222
f 6738/6697/4223 6740/6699/4224 6741/6700/4224
f 6738/6697/4223 6741/6700/4224 6739/6698/4223
f 6740/6699/4224 6742/6701/4225 6743/6702/4225
f 6740/6699/4224 6743/6702/4225 6741/6700/4224
f 6742/6701/4225 6744/6703/4226 6745/6704/4227
f 6742/6701/4225 6745/6704/4227 6743/6702/4225
f 6744/6703/4226 6746/6705/4228 6747/6706/4228
f 6744/6703/4226 6747/6706/4228 6745/6704/4227
f 6746/6705/4228 6748/6707/4229 6749/6708/4229
f 6746/6705/4228 6749/6708/4229 6747/6706/4228
f 6750/6709/4190 6751/6710/4190 6752/6711/4189
f 6750/6709/4190 6752/6711/4189 6753/6712/4189
f 6754/6713/4191 6755/6714/4191 6712/6671/4190
f 6754/6713/4191 6712/6671/4190 6711/6670/4190
f 6756/6715/4208 6757/6716/4208 6758/6717/4205
f 6756/6715/4208 6758/6717/4205 6759/6718/4205
f 6759/6718/4205 6758/6717/4205 6760/6719/4204
f 6759/6718/4205 6760/6719/4204 6761/6720/4203
f 6761/6720/4203 6760/6719/4204 6762/6721/4202
f 6761/6720/4203 6762/6721/4202 6763/6722/4202
f 6763/6722/4202 6762/6721/4202 6764/6723/4201
f 6763/6722/4202 6764/6723/4201 6765/6724/4201
f 6765/6724/4201 6764/6723/4201 6766/6725/4200
f 6765/6724/4201 6766/6725/4200 6767/6726/4200
f 6767/6726/4200 6766/6725/4200 6768/6727/4230
f 6767/6726/4200 6768/6727/4230 6769/6728/4199
f 6769/6728/4199 6768/6727/4230 6770/6729/4198
f 6769/6728/4199 6770/6729/4198 6771/6730/4198
f 6771/6730/4198 6770/6729/4198 6772/6731/4197
f 6771/6730/4198 6772/6731/4197 6773/6732/4197
f 6774/6733/4196 6775/6734/4196 6776/6735/4195
f 6774/6733/4196 6776/6735/4195 6777/6736/4195
f 6777/6736/4195 6776/6735/4195 6778/6737/4231
f 6777/6736/4195 6778/6737/4231 6779/6738/4194
f 6779/6738/4194 6778/6737/4231 6780/6739/4193
f 6779/6738/4194 6780/6739/4193 6781/6740/4193
f 6781/6740/4193 6780/6739/4193 6782/6741/4192
f 6781/6740/4193 6782/6741/4192 6783/6742/4192
f 6783/6742/4192 6782/6741/4192 6755/6714/4191
f 6783/6742/4192 6755/6714/4191 6754/6713/4191
f 6756/6715/4208 6710/6669/4189 6713/6672/4189
f 6756/6715/4208 6713/6672/4189 6757/6716/4208
f 6784/6743/4201 6785/6744/4202 6786/6745/4202
f 6784/6743/4201 6786/6745/4202 6787/6746/4201
f 6788/6747/4232 6789/6748/4233 6790/6749/4233
f 6788/6747/4232 6790/6749/4233 6791/6750/4232
f 6792/6751/4234 6793/6752/4234 6794/6753/4235
f 6792/6751/4234 6794/6753/4235 6795/6754/4235
f 6796/6755/4236 6797/6756/4237 6798/6757/4237
f 6796/6755/4236 6798/6757/4237 6799/6758/4238
f 6800/6759/4239 6801/6760/4240 6802/6761/4240
f 6800/6759/4239 6802/6761/4240 6803/6762/4241
f 6804/6763/4242 6805/6764/4243 6806/6765/4243
f 6804/6763/4242 6806/6765/4243 6807/6766/4242
f 6808/6767/4244 6809/6768/4245 6810/6769/4245
f 6808/6767/4244 6810/6769/4245 6811/6770/4244
f 6797/6756/4237 6812/6771/4246 6813/6772/4246
f 6797/6756/4237 6813/6772/4246 6798/6757/4237
f 6814/6773/4247 6815/6774/4248 6816/6775/4248
f 6814/6773/4247 6816/6775/4248 6817/6776/4247
f 6789/6748/4233 6818/6777/4249 6819/6778/4249
f 6789/6748/4233 6819/6778/4249 6790/6749/4233
f 6820/6779/4250 6821/6780/4251 6822/6781/4251
f 6820/6779/4250 6822/6781/4251 6823/6782/4250
f 6801/6760/4240 6824/6783/4252 6825/6784/4253
f 6801/6760/4240 6825/6784/4253 6802/6761/4240
f 6715/6674/4208 6714/6673/4208 6674/6633/4189
f 6715/6674/4208 6674/6633/4189 6677/6636/4189
f 6826/6785/4254 6800/6759/4239 6803/6762/4241
f 6826/6785/4254 6803/6762/4241 6827/6786/4255
f 6818/6777/4249 6828/6787/4256 6829/6788/4256
f 6818/6777/4249 6829/6788/4256 6819/6778/4249
f 6830/6789/4257 6831/6790/4258 6832/6791/4258
f 6830/6789/4257 6832/6791/4258 6833/6792/4257
f 6834/6793/4259 6835/6794/4259 6836/6795/4260
f 6834/6793/4259 6836/6795/4260 6837/6796/4260
f 6831/6790/4258 6838/6797/4261 6839/6798/4262
f 6831/6790/4258 6839/6798/4262 6832/6791/4258
f 6805/6764/4243 6840/6799/4263 6841/6800/4263
f 6805/6764/4243 6841/6800/4263 6806/6765/4243
f 6828/6787/4256 6808/6767/4244 6811/6770/4244
f 6828/6787/4256 6811/6770/4244 6829/6788/4256
f 6842/6801/4264 6843/6802/4265 6844/6803/4265
f 6842/6801/4264 6844/6803/4265 6845/6804/4264
f 6842/6801/4264 6845/6804/4264 6846/6805/4266
f 6842/6801/4264 6846/6805/4266 6847/6806/4266
f 6838/6797/4261 6820/6779/4250 6823/6782/4250
f 6838/6797/4261 6823/6782/4250 6839/6798/4262
f 6837/6796/4260 6836/6795/4260 6825/6784/4253
f 6837/6796/4260 6825/6784/4253 6824/6783/4252
f 6847/6806/4266 6846/6805/4266 6708/6667/4207
f 6847/6806/4266 6708/6667/4207 6707/6666/4207
f 6804/6763/4242 6807/6766/4242 6835/6794/4259
f 6804/6763/4242 6835/6794/4259 6834/6793/4259
f 6815/6774/4248 6830/6789/4257 6833/6792/4257
f 6815/6774/4248 6833/6792/4257 6816/6775/4248
f 6795/6754/4235 6794/6753/4235 6848/6807/4267
f 6795/6754/4235 6848/6807/4267 6849/6808/4267
f 6850/6809/4205 6851/6810/4208 6852/6811/4208
f 6850/6809/4205 6852/6811/4208 6853/6812/4205
f 6785/6744/4202 6854/6813/4203 6855/6814/4204
f 6785/6744/4202 6855/6814/4204 6786/6745/4202
f 6854/6813/4203 6850/6809/4205 6853/6812/4205
f 6854/6813/4203 6853/6812/4205 6855/6814/4204
f 6851/6810/4208 6753/6712/4189 6752/6711/4189
f 6851/6810/4208 6752/6711/4189 6852/6811/4208
f 6856/6815/4200 6784/6743/4201 6787/6746/4201
f 6856/6815/4200 6787/6746/4201 6857/6816/4200
f 6858/6817/4199 6856/6815/4200 6857/6816/4200
f 6858/6817/4199 6857/6816/4200 6859/6818/4230
f 6860/6819/4198 6858/6817/4199 6859/6818/4230
f 6860/6819/4198 6859/6818/4230 6861/6820/4198
f 6862/6821/4197 6860/6819/4198 6861/6820/4198
f 6862/6821/4197 6861/6820/4198 6863/6822/4197
f 6864/6823/4195 6865/6824/4196 6866/6825/4196
f 6864/6823/4195 6866/6825/4196 6867/6826/4195
f 6868/6827/4194 6864/6823/4195 6867/6826/4195
f 6868/6827/4194 6867/6826/4195 6869/6828/4231
f 6870/6829/4193 6868/6827/4194 6869/6828/4231
f 6870/6829/4193 6869/6828/4231 6871/6830/4193
f 6872/6831/4192 6870/6829/4193 6871/6830/4193
f 6872/6831/4192 6871/6830/4193 6873/6832/4192
f 6874/6833/4191 6872/6831/4192 6873/6832/4192
f 6874/6833/4191 6873/6832/4192 6875/6834/4191
f 6750/6709/4190 6874/6833/4191 6875/6834/4191
f 6750/6709/4190 6875/6834/4191 6751/6710/4190
f 6876/6835/4268 6788/6747/4232 6791/6750/4232
f 6876/6835/4268 6791/6750/4232 6877/6836/4268
f 6792/6751/4234 6706/6665/4206 6709/6668/4206
f 6792/6751/4234 6709/6668/4206 6793/6752/4234
f 6809/6768/4245 6814/6773/4247 6817/6776/4247
f 6809/6768/4245 6817/6776/4247 6810/6769/4245
f 6821/6780/4251 6796/6755/4236 6799/6758/4238
f 6821/6780/4251 6799/6758/4238 6822/6781/4251
f 6843/6802/4265 6826/6785/4254 6827/6786/4255
f 6843/6802/4265 6827/6786/4255 6844/6803/4265
f 6878/6837/4269 6879/6838/4270 6880/6839/4270
f 6878/6837/4269 6880/6839/4270 6881/6840/4269
f 6882/6841/4271 6883/6842/4271 6884/6843/4272
f 6882/6841/4271 6884/6843/4272 6885/6844/4272
f 6886/6845/4273 6887/6846/4274 6888/6847/4274
f 6886/6845/4273 6888/6847/4274 6889/6848/4273
f 6890/6849/4275 6886/6845/4273 6889/6848/4273
f 6890/6849/4275 6889/6848/4273 6891/6850/4275
f 6892/6851/4276 6893/6852/4277 6894/6853/4277
f 6892/6851/4276 6894/6853/4277 6895/6854/4276
f 6896/6855/4278 6897/6856/4278 6898/6857/4279
f 6896/6855/4278 6898/6857/4279 6899/6858/4279
f 6900/6859/4280 6901/6860/4281 6902/6861/4281
f 6900/6859/4280 6902/6861/4281 6903/6862/4280
f 6904/6863/4282 6885/6844/4272 6884/6843/4272
f 6904/6863/4282 6884/6843/4272 6905/6864/4282
f 6882/6841/4271 6906/6858/4283 6907/6857/4283
f 6882/6841/4271 6907/6857/4283 6883/6842/4271
f 6908/6865/4284 6909/6866/4285 6910/6867/4286
f 6908/6865/4284 6910/6867/4286 6911/6868/4284
f 6896/6855/4278 6878/6837/4269 6881/6840/4269
f 6896/6855/4278 6881/6840/4269 6897/6856/4278
f 6879/6838/4270 6892/6851/4276 6895/6854/4276
f 6879/6838/4270 6895/6854/4276 6880/6839/4270
f 6887/6846/4274 6900/6859/4280 6903/6862/4280
f 6887/6846/4274 6903/6862/4280 6888/6847/4274
f 6909/6866/4285 6912/6869/4287 6913/6870/4275
f 6909/6866/4285 6913/6870/4275 6910/6867/4286
f 6893/6852/4277 6908/6865/4284 6911/6868/4284
f 6893/6852/4277 6911/6868/4284 6894/6853/4277
f 6901/6860/4281 6904/6863/4282 6905/6864/4282
f 6901/6860/4281 6905/6864/4282 6902/6861/4281
f 6914/6871/4191 6915/6872/4191 6916/6873/4192
f 6914/6871/4191 6916/6873/4192 6917/6874/4192
f 6918/6875/4288 6919/6876/4289 6920/6877/4290
f 6918/6875/4288 6920/6877/4290 6921/6878/4291
f 6922/6879/4199 6923/6880/4199 6924/6881/4200
f 6922/6879/4199 6924/6881/4200 6925/6882/4200
f 6926/6883/4198 6927/6884/4198 6923/6880/4199
f 6926/6883/4198 6923/6880/4199 6922/6879/4199
f 6928/6885/4292 6929/6886/4293 6930/6887/4294
f 6928/6885/4292 6930/6887/4294 6931/6888/4292
f 6932/6889/4295 6933/6890/4296 6934/6891/4297
f 6932/6889/4295 6934/6891/4297 6935/6892/4298
f 6932/6889/4295 6935/6892/4298 6936/6893/4299
f 6932/6889/4295 6936/6893/4299 6937/6894/4299
f 6938/6895/4300 6928/6885/4292 6931/6888/4292
f 6938/6895/4300 6931/6888/4292 6939/6896/4301
f 6940/6897/4208 6941/6898/4205 6942/6899/4205
f 6940/6897/4208 6942/6899/4205 6943/6900/4208
f 6944/6901/4189 6940/6897/4208 6943/6900/4208
f 6944/6901/4189 6943/6900/4208 6945/6902/4189
f 6946/6903/4198 6947/6904/4198 6948/6905/4230
f 6946/6903/4198 6948/6905/4230 6949/6906/4230
f 6950/6907/4190 6944/6901/4189 6945/6902/4189
f 6950/6907/4190 6945/6902/4189 6951/6908/4190
f 6952/6909/4302 6953/6910/4302 6954/6911/4303
f 6952/6909/4302 6954/6911/4303 6955/6912/4304
f 6956/6913/4305 6957/6914/4306 6958/6915/4307
f 6956/6913/4305 6958/6915/4307 6959/6916/4308
f 6950/6907/4190 6951/6908/4190 6915/6872/4191
f 6950/6907/4190 6915/6872/4191 6914/6871/4191
f 6933/6890/4296 6938/6895/4300 6939/6896/4301
f 6933/6890/4296 6939/6896/4301 6934/6891/4297
f 6929/6886/4293 6956/6913/4305 6959/6916/4308
f 6929/6886/4293 6959/6916/4308 6930/6887/4294
f 6960/6917/4197 6961/6918/4197 6927/6884/4198
f 6960/6917/4197 6927/6884/4198 6926/6883/4198
f 6962/6919/4203 6963/6920/4203 6942/6899/4205
f 6962/6919/4203 6942/6899/4205 6941/6898/4205
f 6964/6921/4195 6965/6922/4195 6966/6923/4196
f 6964/6921/4195 6966/6923/4196 6967/6924/4196
f 6968/6925/4202 6969/6926/4202 6963/6920/4203
f 6968/6925/4202 6963/6920/4203 6962/6919/4203
f 6970/6927/4194 6971/6928/4194 6965/6922/4195
f 6970/6927/4194 6965/6922/4195 6964/6921/4195
f 6972/6929/4201 6973/6930/4201 6969/6926/4202
f 6972/6929/4201 6969/6926/4202 6968/6925/4202
f 6974/6931/4193 6975/6932/4193 6971/6928/4194
f 6974/6931/4193 6971/6928/4194 6970/6927/4194
f 6925/6882/4200 6924/6881/4200 6973/6930/4201
f 6925/6882/4200 6973/6930/4201 6972/6929/4201
f 6917/6874/4192 6916/6873/4192 6975/6932/4193
f 6917/6874/4192 6975/6932/4193 6974/6931/4193
f 6957/6914/4306 6976/6933/4309 6977/6934/4310
f 6957/6914/4306 6977/6934/4310 6958/6915/4307
f 6978/6935/4191 6979/6936/4190 6980/6937/4311
f 6978/6935/4191 6980/6937/4311 6981/6938/4191
f 6982/6939/4195 6983/6940/4195 6984/6941/4196
f 6982/6939/4195 6984/6941/4196 6985/6942/4196
f 6986/6943/4202 6987/6944/4201 6988/6945/4201
f 6986/6943/4202 6988/6945/4201 6989/6946/4202
f 6990/6947/4192 6978/6935/4191 6981/6938/4191
f 6990/6947/4192 6981/6938/4191 6991/6948/4192
f 6992/6949/4203 6986/6943/4202 6989/6946/4202
f 6992/6949/4203 6989/6946/4202 6993/6950/4204
f 6994/6951/4193 6990/6947/4192 6991/6948/4192
f 6994/6951/4193 6991/6948/4192 6995/6952/4193
f 6996/6953/4205 6992/6949/4203 6993/6950/4204
f 6996/6953/4205 6993/6950/4204 6997/6954/4205
f 6998/6955/4194 6994/6951/4193 6995/6952/4193
f 6998/6955/4194 6995/6952/4193 6999/6956/4231
f 7000/6957/4208 6996/6953/4205 6997/6954/4205
f 7000/6957/4208 6997/6954/4205 7001/6958/4208
f 6982/6939/4195 6998/6955/4194 6999/6956/4231
f 6982/6939/4195 6999/6956/4231 6983/6940/4195
f 7002/6959/4189 7000/6957/4208 7001/6958/4208
f 7002/6959/4189 7001/6958/4208 7003/6960/4189
f 7004/6961/4197 7005/6962/4197 6947/6904/4198
f 7004/6961/4197 6947/6904/4198 6946/6903/4198
f 7006/6963/4200 6949/6906/4230 6948/6905/4230
f 7006/6963/4200 6948/6905/4230 7007/6964/4200
f 6979/6936/4190 7002/6959/4189 7003/6960/4189
f 6979/6936/4190 7003/6960/4189 6980/6937/4311
f 6987/6944/4201 7006/6963/4200 7007/6964/4200
f 6987/6944/4201 7007/6964/4200 6988/6945/4201
f 6976/6933/4309 6918/6875/4288 6921/6878/4291
f 6976/6933/4309 6921/6878/4291 6977/6934/4310
f 6919/6876/4289 7008/6965/4312 7009/6966/4313
f 6919/6876/4289 7009/6966/4313 6920/6877/4290
f 7008/6965/4312 7010/6967/4314 7011/6968/4314
f 7008/6965/4312 7011/6968/4314 7009/6966/4313
f 7010/6967/4314 7012/6969/4315 7013/6970/4316
f 7010/6967/4314 7013/6970/4316 7011/6968/4314
f 7012/6969/4315 7014/6971/4317 7015/6972/4318
f 7012/6969/4315 7015/6972/4318 7013/6970/4316
f 7014/6971/4317 6955/6912/4304 6954/6911/4303
f 7014/6971/4317 6954/6911/4303 7015/6972/4318
f 7016/6973/4319 7017/6974/4320 7018/6975/4320
f 7016/6973/4319 7018/6975/4320 7019/6976/4319
f 7020/6977/4321 7021/6978/4322 7022/6979/4322
f 7020/6977/4321 7022/6979/4322 7023/6980/4321
f 7024/6981/4323 7025/6982/4324 7026/6983/4324
f 7024/6981/4323 7026/6983/4324 7027/6984/4323
f 7017/6974/4320 7028/6985/4325 7029/6986/4325
f 7017/6974/4320 7029/6986/4325 7018/6975/4320
f 7030/6987/4326 7031/6988/4327 7032/6989/4327
f 7030/6987/4326 7032/6989/4327 7033/6990/4326
f 7025/6982/4324 7020/6977/4321 7023/6980/4321
f 7025/6982/4324 7023/6980/4321 7026/6983/4324
f 7031/6988/4327 7034/6991/4328 7035/6992/4328
f 7031/6988/4327 7035/6992/4328 7032/6989/4327
f 7028/6985/4325 7036/6993/4329 7037/6994/4329
f 7028/6985/4325 7037/6994/4329 7029/6986/4325
f 7034/6991/4328 7038/6995/4330 7039/6996/4330
f 7034/6991/4328 7039/6996/4330 7035/6992/4328
f 7036/6993/4329 7040/6997/4331 7041/6998/4331
f 7036/6993/4329 7041/6998/4331 7037/6994/4329
f 7038/6995/4330 7042/6999/4332 7043/7000/4332
f 7038/6995/4330 7043/7000/4332 7039/6996/4330
f 7040/6997/4331 7044/7001/4333 7045/7002/4333
f 7040/6997/4331 7045/7002/4333 7041/6998/4331
f 7042/6999/4332 7046/7003/4334 7047/7004/4334
f 7042/6999/4332 7047/7004/4334 7043/7000/4332
f 7044/7001/4333 7048/7005/4335 7049/7006/4335
f 7044/7001/4333 7049/7006/4335 7045/7002/4333
f 7046/7003/4334 7016/6973/4319 7019/6976/4319
f 7046/7003/4334 7019/6976/4319 7047/7004/4334
f 7048/7005/4335 7024/6981/4323 7027/6984/4323
f 7048/7005/4335 7027/6984/4323 7049/7006/4335
f 7050/7007/4336 7051/7008/4337 7052/7009/4338
f 7050/7007/4336 7052/7009/4338 7053/7010/4339
f 7054/7011/4340 7055/7012/4341 7056/7013/4342
f 7054/7011/4340 7056/7013/4342 7057/7014/4343
f 7058/7015/4344 7059/7016/4345 7060/7017/4346
f 7058/7015/4344 7060/7017/4346 7061/7018/4347
f 7062/7019/4348 7063/7020/4349 7051/7008/4337
f 7062/7019/4348 7051/7008/4337 7050/7007/4336
f 7064/7021/4350 7065/7022/4351 7066/7023/4352
f 7064/7021/4350 7066/7023/4352 7067/7024/4353
f 7060/7017/4346 7056/7013/4342 7068/7025/4354
f 7060/7017/4346 7068/7025/4354 7069/7026/4355
f 7064/7021/4350 7070/7027/4356 7071/7028/4357
f 7064/7021/4350 7071/7028/4357 7065/7022/4351
f 7072/7029/4358 7073/7030/4359 7063/7020/4349
f 7072/7029/4358 7063/7020/4349 7062/7019/4348
f 7074/7031/4360 7075/7032/4361 7076/7033/4362
f 7074/7031/4360 7076/7033/4362 7071/7028/4357
f 7077/7034/4363 7078/7035/4364 7073/7030/4359
f 7077/7034/4363 7073/7030/4359 7072/7029/4358
f 7079/7036/4365 7080/7037/4366 7075/7032/4361
f 7079/7036/4365 7075/7032/4361 7074/7031/4360
f 7081/7038/4367 7082/7039/4368 7078/7035/4364
f 7081/7038/4367 7078/7035/4364 7077/7034/4363
f 7083/7040/4369 7084/7041/4370 7080/7037/4366
f 7083/7040/4369 7080/7037/4366 7079/7036/4365
f 7085/7042/4371 7086/7043/4372 7082/7039/4368
f 7085/7042/4371 7082/7039/4368 7081/7038/4367
f 7053/7010/4339 7052/7009/4338 7084/7041/4370
f 7053/7010/4339 7084/7041/4370 7083/7040/4369
f 7061/7018/4347 7087/7044/4373 7086/7043/4372
f 7061/7018/4347 7086/7043/4372 7085/7042/4371
f 7088/7045/4374 7089/7046/4375 7050/7007/4336
f 7088/7045/4374 7050/7007/4336 7053/7010/4339
f 7071/7028/4357 7076/7033/4362 7090/7047/4376
f 7071/7028/4357 7090/7047/4376 7065/7022/4351
f 7091/7048/4377 7058/7015/4344 7061/7018/4347
f 7091/7048/4377 7061/7018/4347 7085/7042/4371
f 7092/7049/4378 7088/7045/4374 7053/7010/4339
f 7092/7049/4378 7053/7010/4339 7083/7040/4369
f 7093/7050/4379 7091/7048/4377 7085/7042/4371
f 7093/7050/4379 7085/7042/4371 7081/7038/4367
f 7094/7051/4380 7092/7049/4378 7083/7040/4369
f 7094/7051/4380 7083/7040/4369 7079/7036/4365
f 7095/7052/4381 7093/7050/4379 7081/7038/4367
f 7095/7052/4381 7081/7038/4367 7077/7034/4363
f 7096/7053/4382 7094/7051/4380 7079/7036/4365
f 7096/7053/4382 7079/7036/4365 7074/7031/4360
f 7097/7054/4383 7095/7052/4381 7077/7034/4363
f 7097/7054/4383 7077/7034/4363 7072/7029/4358
f 7070/7027/4356 7096/7053/4382 7074/7031/4360
f 7070/7027/4356 7074/7031/4360 7071/7028/4357
f 7098/7055/4384 7097/7054/4383 7072/7029/4358
f 7098/7055/4384 7072/7029/4358 7062/7019/4348
f 7057/7014/4343 7056/7013/4342 7060/7017/4346
f 7057/7014/4343 7060/7017/4346 7059/7016/4345
f 7066/7023/4352 7065/7022/4351 7090/7047/4376
f 7066/7023/4352 7090/7047/4376 7099/7056/4385
f 7089/7046/4375 7098/7055/4384 7062/7019/4348
f 7089/7046/4375 7062/7019/4348 7050/7007/4336
f 7060/7017/4346 7069/7026/4355 7087/7044/4373
f 7060/7017/4346 7087/7044/4373 7061/7018/4347
f 7056/7013/4342 7055/7012/4341 7100/7057/4386
f 7056/7013/4342 7100/7057/4386 7068/7025/4354
f 6748/6707/4229 6716/6675/4209 6719/6678/4209
f 6748/6707/4229 6719/6678/4209 6749/6708/4229
o wheel_pan_low.001_M_WP_Revolver_0
v 0.001776 0.187650 0.144857
v -0.009261 0.207339 0.144857
v -0.009261 0.207339 0.149749
v -0.010175 0.242289 0.144857
v -0.026280 0.235847 0.144857
v 0.002745 0.221086 0.144857
v -0.031055 0.120462 0.155053
v -0.045822 0.101244 0.155192
v -0.042816 0.097741 0.160392
v -0.009261 0.207339 0.144857
v -0.031689 0.203088 0.144857
v -0.034756 0.180726 0.144857
v -0.031689 0.203088 0.149749
v -0.043626 0.235949 0.144857
v -0.047893 0.211489 0.144857
v -0.030502 0.142645 0.154592
v -0.031055 0.120462 0.155053
v -0.014440 0.088922 0.156370
v -0.031689 0.203088 0.144857
v -0.026292 0.235910 0.149749
v -0.031689 0.203088 0.149749
v -0.009261 0.207339 0.149749
v -0.009261 0.207339 0.154592
v -0.031689 0.203088 0.154592
v -0.034756 0.180726 0.154592
v 0.013992 0.125268 0.164575
v 0.005494 0.138593 0.166974
v 0.008515 0.094847 0.165284
v 0.001776 0.187650 0.167896
v -0.009261 0.207339 0.154592
v -0.034756 0.180726 0.167896
v -0.009261 0.207339 0.154592
v -0.034756 0.180726 0.154592
v -0.034756 0.180726 0.167896
v 0.001776 0.187650 0.154592
v -0.009261 0.207339 0.154592
v 0.001776 0.187650 0.167896
v -0.027718 0.080201 0.160372
v -0.027718 0.080201 0.156390
v -0.014440 0.088922 0.156370
v -0.126066 0.102101 0.144857
v -0.148636 0.102387 0.144857
v -0.148636 0.102387 0.149749
v -0.179360 0.119071 0.144857
v -0.181835 0.101902 0.144857
v -0.154538 0.119659 0.144857
v -0.084295 0.040075 0.155053
v -0.075036 0.017677 0.155192
v -0.070513 0.018534 0.160392
v -0.148636 0.102387 0.144857
v -0.156169 0.080839 0.144857
v -0.138337 0.067002 0.144857
v -0.156169 0.080839 0.149749
v -0.190596 0.086931 0.144857
v -0.171546 0.071007 0.144857
v -0.103230 0.051645 0.154592
v -0.084295 0.040075 0.155053
v -0.048675 0.038694 0.156370
v -0.156169 0.080839 0.144857
v -0.181895 0.101923 0.149749
v -0.156169 0.080839 0.149749
v -0.148636 0.102387 0.149749
v -0.148636 0.102387 0.154592
v -0.156169 0.080839 0.154592
v -0.138337 0.067002 0.154592
v -0.065934 0.081490 0.164575
v -0.081723 0.080792 0.166974
v -0.042328 0.061537 0.165284
v -0.126066 0.102101 0.167896
v -0.148636 0.102387 0.154592
v -0.138337 0.067002 0.167896
v -0.148636 0.102387 0.154592
v -0.138337 0.067002 0.154592
v -0.138337 0.067002 0.167896
v -0.126066 0.102101 0.154592
v -0.148636 0.102387 0.154592
v -0.126066 0.102101 0.167896
v -0.047779 0.022842 0.160372
v -0.047779 0.022842 0.156390
v -0.048675 0.038694 0.156370
v -0.115900 -0.051388 0.144857
v -0.127433 -0.070791 0.144857
v -0.127433 -0.070791 0.149749
v -0.157244 -0.089057 0.144857
v -0.143612 -0.099784 0.144857
v -0.145342 -0.067267 0.144857
v -0.041312 -0.046210 0.155029
v -0.017260 -0.049398 0.155192
v -0.015753 -0.045061 0.160392
v -0.127433 -0.070791 0.144857
v -0.112538 -0.088089 0.144857
v -0.091638 -0.079564 0.144857
v -0.112538 -0.088089 0.149749
v -0.135028 -0.114857 0.144857
v -0.111712 -0.106322 0.144857
v -0.060786 -0.056839 0.154592
v -0.041312 -0.046210 0.155029
v -0.022293 -0.016068 0.156370
v -0.112538 -0.088089 0.144857
v -0.143661 -0.099826 0.149749
v -0.112538 -0.088089 0.149749
v -0.127433 -0.070791 0.149749
v -0.127433 -0.070791 0.154592
v -0.112538 -0.088089 0.154592
v -0.091638 -0.079564 0.154592
v -0.067984 -0.009618 0.164575
v -0.075275 -0.023640 0.166974
v -0.038902 0.000850 0.165284
v -0.115900 -0.051388 0.167896
v -0.127433 -0.070791 0.154592
v -0.091638 -0.079564 0.167897
v -0.127433 -0.070791 0.154592
v -0.091638 -0.079564 0.154592
v -0.091638 -0.079564 0.167897
v -0.115900 -0.051388 0.154592
v -0.127433 -0.070791 0.154592
v -0.115900 -0.051388 0.167896
v -0.008117 -0.023218 0.160372
v -0.008117 -0.023218 0.156390
v -0.022293 -0.016068 0.156370
v 0.022108 -0.119328 0.144857
v 0.033145 -0.139017 0.144857
v 0.033145 -0.139017 0.149749
v 0.034059 -0.173967 0.144857
v 0.050165 -0.167526 0.144857
v 0.021139 -0.152765 0.144857
v 0.054918 -0.052144 0.155029
v 0.069706 -0.032923 0.155192
v 0.066702 -0.029434 0.160392
v 0.033145 -0.139017 0.144857
v 0.055573 -0.134767 0.144857
v 0.058641 -0.112405 0.144857
v 0.055573 -0.134767 0.149749
v 0.067511 -0.167628 0.144857
v 0.071777 -0.143168 0.144857
v 0.054386 -0.074323 0.154592
v 0.054918 -0.052144 0.155029
v 0.038323 -0.020602 0.156370
v 0.055573 -0.134767 0.144857
v 0.050177 -0.167589 0.149749
v 0.055573 -0.134767 0.149749
v 0.033145 -0.139017 0.149749
v 0.033145 -0.139017 0.154592
v 0.055573 -0.134767 0.154592
v 0.058641 -0.112405 0.154592
v 0.009892 -0.056947 0.164575
v 0.018390 -0.070272 0.166974
v 0.015367 -0.026527 0.165284
v 0.022108 -0.119328 0.167896
v 0.033145 -0.139017 0.154592
v 0.058641 -0.112405 0.167896
v 0.033145 -0.139017 0.154592
v 0.058641 -0.112405 0.154592
v 0.058641 -0.112405 0.167896
v 0.022108 -0.119328 0.154592
v 0.033145 -0.139017 0.154592
v 0.022108 -0.119328 0.167896
v 0.051603 -0.011900 0.160372
v 0.051601 -0.011880 0.156390
v 0.038323 -0.020602 0.156370
v 0.149951 -0.033780 0.144857
v 0.172520 -0.034066 0.144857
v 0.172520 -0.034066 0.149749
v 0.203245 -0.050750 0.144857
v 0.205719 -0.033581 0.144857
v 0.178422 -0.051337 0.144857
v 0.108172 0.028226 0.155029
v 0.098920 0.050644 0.155192
v 0.094397 0.049787 0.160392
v 0.172520 -0.034066 0.144857
v 0.180053 -0.012518 0.144857
v 0.162221 0.001320 0.144857
v 0.180053 -0.012518 0.149749
v 0.214480 -0.018610 0.144857
v 0.195430 -0.002685 0.144857
v 0.127114 0.016676 0.154592
v 0.108172 0.028226 0.155029
v 0.072557 0.029626 0.156370
v 0.180053 -0.012518 0.144857
v 0.205779 -0.033602 0.149749
v 0.180053 -0.012518 0.149749
v 0.172520 -0.034066 0.149749
v 0.172520 -0.034066 0.154592
v 0.180053 -0.012518 0.154592
v 0.162221 0.001320 0.154592
v 0.089818 -0.013169 0.164575
v 0.105607 -0.012471 0.166974
v 0.066211 0.006784 0.165284
v 0.149951 -0.033780 0.167896
v 0.172520 -0.034066 0.154592
v 0.162221 0.001320 0.167896
v 0.172520 -0.034066 0.154592
v 0.162221 0.001320 0.154592
v 0.162221 0.001320 0.167896
v 0.149951 -0.033780 0.154592
v 0.172520 -0.034066 0.154592
v 0.149951 -0.033780 0.167896
v 0.071643 0.045486 0.160372
v 0.071643 0.045486 0.156390
v 0.072557 0.029626 0.156370
v 0.139784 0.119709 0.144857
v 0.151317 0.139112 0.144857
v 0.151317 0.139112 0.149749
v 0.181128 0.157378 0.144857
v 0.167448 0.168064 0.144857
v 0.169226 0.135588 0.144857
v 0.065196 0.114531 0.155029
v 0.041144 0.117718 0.155192
v 0.039625 0.113373 0.160392
v 0.151317 0.139112 0.144857
v 0.136422 0.156410 0.144857
v 0.115523 0.147886 0.144857
v 0.136422 0.156410 0.149749
v 0.158912 0.183179 0.144857
v 0.135596 0.174643 0.144857
v 0.084670 0.125160 0.154592
v 0.065196 0.114531 0.155029
v 0.046176 0.084388 0.156370
v 0.136422 0.156410 0.144857
v 0.167545 0.168147 0.149749
v 0.136422 0.156410 0.149749
v 0.151317 0.139112 0.149749
v 0.151317 0.139112 0.154592
v 0.136422 0.156410 0.154592
v 0.115523 0.147886 0.154592
v 0.091868 0.077939 0.164575
v 0.099159 0.091961 0.166974
v 0.062785 0.067471 0.165284
v 0.139784 0.119710 0.167896
v 0.151317 0.139112 0.154592
v 0.115523 0.147886 0.167896
v 0.151317 0.139112 0.154592
v 0.115523 0.147886 0.154592
v 0.115523 0.147886 0.167896
v 0.139784 0.119710 0.154592
v 0.151317 0.139112 0.154592
v 0.139784 0.119710 0.167896
v 0.031984 0.091527 0.160372
v 0.031984 0.091527 0.156390
v 0.046176 0.084388 0.156370
v 0.011942 0.034161 0.161062
v -0.007113 0.072377 0.162293
v -0.015468 0.066889 0.162312
v 0.026580 0.074262 0.162312
v 0.009535 0.076674 0.162302
v -0.030685 0.036757 0.162293
v -0.030122 0.026791 0.162311
v -0.026080 0.053333 0.162302
v -0.011621 -0.001457 0.162293
v -0.002708 -0.005953 0.162311
v -0.023678 0.010823 0.162302
v 0.030996 -0.004056 0.162293
v 0.039351 0.001432 0.162312
v 0.014342 -0.008355 0.162302
v 0.054565 0.031554 0.162293
v 0.053990 0.041533 0.162312
v 0.049963 0.014987 0.162302
v 0.035510 0.069770 0.162293
v 0.047556 0.057501 0.162302
v 0.025158 0.165040 0.144857
v 0.001776 0.187650 0.154592
v 0.025158 0.165040 0.154592
v 0.025158 0.165040 0.144857
v 0.052634 0.150560 0.144857
v 0.062126 0.177715 0.144857
v 0.039604 0.188166 0.144857
v 0.001776 0.187650 0.144857
v 0.019554 0.202811 0.144857
v -0.021763 0.285745 0.144857
v -0.035192 0.283168 0.144857
v -0.031292 0.262293 0.144857
v -0.018710 0.265605 0.144857
v 0.062126 0.177715 0.136804
v 0.039604 0.188166 0.136804
v 0.039604 0.188166 0.144857
v 0.062126 0.177715 0.144857
v 0.019554 0.202811 0.136804
v 0.019554 0.202811 0.144857
v 0.002745 0.221086 0.136804
v -0.010175 0.242289 0.136804
v -0.010175 0.242289 0.144857
v 0.002745 0.221086 0.144857
v -0.021763 0.285745 0.136804
v -0.035146 0.283242 0.136804
v -0.035192 0.283168 0.144857
v -0.021763 0.285745 0.144857
v -0.018710 0.265605 0.136804
v -0.018710 0.265605 0.144857
v -0.021763 0.285745 0.136804
v -0.021763 0.285745 0.144857
v 0.041144 0.117718 0.155192
v 0.052634 0.150560 0.154592
v 0.025158 0.165040 0.154592
v 0.014105 0.130266 0.155053
v 0.052634 0.150560 0.144857
v 0.052634 0.150560 0.154592
v -0.026280 0.235847 0.144857
v -0.026292 0.235910 0.149749
v -0.031689 0.203088 0.149749
v -0.031689 0.203088 0.154592
v -0.009261 0.207339 0.154592
v -0.009261 0.207339 0.149749
v -0.048245 0.151129 0.144857
v -0.048245 0.151129 0.154592
v -0.034756 0.180726 0.154592
v -0.048245 0.151129 0.144857
v -0.070151 0.167366 0.144857
v -0.087287 0.149399 0.144857
v -0.068517 0.127600 0.144857
v -0.034756 0.180726 0.144857
v -0.056849 0.188332 0.144857
v -0.048741 0.280632 0.144857
v -0.044214 0.260771 0.144857
v -0.087287 0.149399 0.136804
v -0.087287 0.149399 0.144857
v -0.070151 0.167366 0.144857
v -0.070151 0.167366 0.136804
v -0.056849 0.188332 0.144857
v -0.056849 0.188332 0.136804
v -0.047893 0.211489 0.136804
v -0.047893 0.211489 0.144857
v -0.043626 0.235949 0.144857
v -0.043626 0.235949 0.136804
v -0.048741 0.280632 0.136804
v -0.048741 0.280632 0.144857
v -0.044214 0.260771 0.144857
v -0.044214 0.260771 0.136804
v -0.048741 0.280632 0.144857
v -0.048741 0.280632 0.136804
v -0.068517 0.127600 0.144857
v -0.068517 0.127600 0.154592
v -0.026292 0.235910 0.149749
v -0.026280 0.235847 0.144857
v -0.009261 0.207339 0.154592
v 0.026580 0.074262 0.155841
v 0.009535 0.076674 0.155832
v 0.009535 0.076674 0.162302
v 0.026580 0.074262 0.162312
v 0.030996 -0.004056 0.155823
v 0.039351 0.001432 0.155841
v 0.039351 0.001432 0.162312
v 0.030996 -0.004056 0.162293
v 0.047556 0.057501 0.155832
v 0.035510 0.069770 0.155823
v 0.035510 0.069770 0.162293
v 0.047556 0.057501 0.162302
v -0.031689 0.203088 0.154592
v -0.048245 0.151129 0.154592
v -0.068517 0.127600 0.154592
v -0.045822 0.101244 0.155192
v -0.034756 0.180726 0.154592
v -0.014440 0.088922 0.156370
v 0.008515 0.094847 0.156390
v 0.008515 0.094847 0.165284
v -0.014448 0.088917 0.165284
v 0.001776 0.187650 0.154592
v 0.005494 0.138593 0.155053
v 0.014105 0.130266 0.155053
v 0.005494 0.138593 0.155053
v 0.005494 0.138593 0.166974
v 0.013992 0.125268 0.164575
v -0.030502 0.142645 0.167896
v -0.014448 0.088917 0.165284
v 0.008515 0.094847 0.165284
v 0.005494 0.138593 0.166974
v -0.034756 0.180726 0.167896
v 0.001776 0.187650 0.167896
v 0.031984 0.091527 0.160372
v 0.039625 0.113373 0.160392
v 0.005494 0.138593 0.155053
v 0.005494 0.138593 0.166974
v 0.014105 0.130266 0.155053
v 0.013992 0.125268 0.164575
v -0.034756 0.180726 0.154592
v -0.030502 0.142645 0.154592
v -0.030502 0.142645 0.167896
v -0.034756 0.180726 0.167896
v -0.014440 0.088922 0.156370
v -0.014448 0.088917 0.165284
v -0.094794 0.111046 0.144857
v -0.126066 0.102101 0.154592
v -0.094794 0.111046 0.154592
v -0.094794 0.111046 0.144857
v -0.107600 0.135120 0.144857
v -0.126066 0.102101 0.144857
v -0.130308 0.125078 0.144857
v -0.222789 0.130763 0.144857
v -0.227272 0.117845 0.144857
v -0.207244 0.110785 0.144857
v -0.203820 0.123337 0.144857
v -0.107600 0.135120 0.136804
v -0.107600 0.135120 0.144857
v -0.130308 0.125078 0.136804
v -0.130308 0.125078 0.144857
v -0.154538 0.119659 0.136804
v -0.179360 0.119071 0.136804
v -0.179360 0.119071 0.144857
v -0.154538 0.119659 0.144857
v -0.222789 0.130763 0.136804
v -0.227313 0.117922 0.136804
v -0.227272 0.117845 0.144857
v -0.222789 0.130763 0.144857
v -0.203820 0.123337 0.136804
v -0.203820 0.123337 0.144857
v -0.222789 0.130763 0.136804
v -0.222789 0.130763 0.144857
v -0.094794 0.111046 0.154592
v -0.070207 0.084086 0.155053
v -0.181835 0.101902 0.144857
v -0.181895 0.101923 0.149749
v -0.156169 0.080839 0.149749
v -0.156169 0.080839 0.154592
v -0.148636 0.102387 0.154592
v -0.148636 0.102387 0.149749
v -0.119449 0.040521 0.144857
v -0.119449 0.040521 0.154592
v -0.138337 0.067002 0.154592
v -0.119449 0.040521 0.144857
v -0.144464 0.029669 0.144857
v -0.137472 0.005845 0.144857
v -0.109209 0.011201 0.144857
v -0.138337 0.067002 0.144857
v -0.155969 0.051671 0.144857
v -0.231850 0.104843 0.144857
v -0.212387 0.098833 0.144857
v -0.137472 0.005845 0.136804
v -0.137472 0.005845 0.144857
v -0.144464 0.029669 0.144857
v -0.144464 0.029669 0.136804
v -0.155969 0.051671 0.144857
v -0.155969 0.051671 0.136804
v -0.171546 0.071007 0.136804
v -0.171546 0.071007 0.144857
v -0.190596 0.086931 0.144857
v -0.190596 0.086931 0.136804
v -0.231850 0.104843 0.136804
v -0.231850 0.104843 0.144857
v -0.212387 0.098833 0.144857
v -0.212387 0.098833 0.136804
v -0.231850 0.104843 0.144857
v -0.231850 0.104843 0.136804
v -0.109209 0.011201 0.144857
v -0.109209 0.011201 0.154592
v -0.181895 0.101923 0.149749
v -0.181835 0.101902 0.144857
v -0.148636 0.102387 0.154592
v -0.007113 0.072377 0.155823
v -0.015468 0.066889 0.155841
v -0.015468 0.066889 0.162312
v -0.007113 0.072377 0.162293
v -0.023678 0.010823 0.155832
v -0.011621 -0.001457 0.155823
v -0.011621 -0.001457 0.162293
v -0.023678 0.010823 0.162302
v 0.053990 0.041533 0.155841
v 0.053990 0.041533 0.162312
v -0.156169 0.080839 0.154592
v -0.119449 0.040521 0.154592
v -0.109209 0.011201 0.154592
v -0.075036 0.017677 0.155192
v -0.138337 0.067002 0.154592
v -0.048675 0.038694 0.156370
v -0.042328 0.061537 0.156390
v -0.042328 0.061537 0.165284
v -0.048674 0.038685 0.165284
v -0.126066 0.102101 0.154592
v -0.081723 0.080792 0.155053
v -0.070207 0.084086 0.155053
v -0.081723 0.080792 0.155053
v -0.081723 0.080792 0.166974
v -0.065934 0.081490 0.164575
v -0.103230 0.051645 0.167896
v -0.048674 0.038685 0.165284
v -0.042328 0.061537 0.165284
v -0.081723 0.080792 0.166974
v -0.138337 0.067002 0.167896
v -0.126066 0.102101 0.167896
v -0.027718 0.080201 0.160372
v -0.042816 0.097741 0.160392
v -0.081723 0.080792 0.155053
v -0.081723 0.080792 0.166974
v -0.070207 0.084086 0.155053
v -0.065934 0.081490 0.164575
v -0.138337 0.067002 0.154592
v -0.103230 0.051645 0.154592
v -0.103230 0.051645 0.167896
v -0.138337 0.067002 0.167896
v -0.048675 0.038694 0.156370
v -0.048674 0.038685 0.165284
v -0.108010 -0.019833 0.144857
v -0.115900 -0.051388 0.154592
v -0.108011 -0.019833 0.154592
v -0.108010 -0.019833 0.144857
v -0.135262 -0.018886 0.144857
v -0.115900 -0.051388 0.144857
v -0.137919 -0.043573 0.144857
v -0.189084 -0.120821 0.144857
v -0.180138 -0.131163 0.144857
v -0.164009 -0.117348 0.144857
v -0.173169 -0.108107 0.144857
v -0.135262 -0.018886 0.136804
v -0.135262 -0.018886 0.144857
v -0.137919 -0.043573 0.136804
v -0.137919 -0.043573 0.144857
v -0.145342 -0.067267 0.136804
v -0.157244 -0.089057 0.136804
v -0.157244 -0.089057 0.144857
v -0.145342 -0.067267 0.144857
v -0.189084 -0.120821 0.136804
v -0.180225 -0.131160 0.136804
v -0.180138 -0.131163 0.144857
v -0.189084 -0.120821 0.144857
v -0.173169 -0.108107 0.136804
v -0.173169 -0.108107 0.144857
v -0.189084 -0.120821 0.136804
v -0.189084 -0.120821 0.144857
v -0.108011 -0.019833 0.154592
v -0.072369 -0.012020 0.155053
v -0.143612 -0.099784 0.144857
v -0.143661 -0.099826 0.149749
v -0.112538 -0.088089 0.149749
v -0.112538 -0.088089 0.154592
v -0.127433 -0.070791 0.154592
v -0.127433 -0.070791 0.149749
v -0.059262 -0.076447 0.144857
v -0.059262 -0.076447 0.154592
v -0.091638 -0.079564 0.154592
v -0.059262 -0.076447 0.144857
v -0.062371 -0.103537 0.144857
v -0.038242 -0.109393 0.144857
v -0.028749 -0.082239 0.144857
v -0.091638 -0.079564 0.144857
v -0.087178 -0.102499 0.144857
v -0.171167 -0.141629 0.144857
v -0.156231 -0.127777 0.144857
v -0.038242 -0.109393 0.136804
v -0.038242 -0.109393 0.144857
v -0.062371 -0.103537 0.144857
v -0.062371 -0.103537 0.136804
v -0.087178 -0.102499 0.144857
v -0.087178 -0.102499 0.136804
v -0.111712 -0.106322 0.136804
v -0.111712 -0.106322 0.144857
v -0.135028 -0.114857 0.144857
v -0.135028 -0.114857 0.136804
v -0.171167 -0.141629 0.136804
v -0.171167 -0.141629 0.144857
v -0.156231 -0.127777 0.144857
v -0.156231 -0.127777 0.136804
v -0.171167 -0.141629 0.144857
v -0.171167 -0.141629 0.136804
v -0.028749 -0.082239 0.144857
v -0.028749 -0.082239 0.154592
v -0.143661 -0.099826 0.149749
v -0.143612 -0.099784 0.144857
v -0.127433 -0.070791 0.154592
v -0.002708 -0.005953 0.155841
v 0.014342 -0.008355 0.155832
v 0.014342 -0.008355 0.162302
v -0.002708 -0.005953 0.162311
v -0.112538 -0.088089 0.154592
v -0.059262 -0.076447 0.154592
v -0.028749 -0.082239 0.154592
v -0.017260 -0.049398 0.155192
v -0.091638 -0.079564 0.154592
v -0.022293 -0.016068 0.156370
v -0.038902 0.000850 0.156390
v -0.038902 0.000850 0.165284
v -0.022285 -0.016072 0.165284
v -0.115900 -0.051388 0.154592
v -0.075275 -0.023640 0.155053
v -0.072369 -0.012020 0.155053
v -0.075275 -0.023640 0.155053
v -0.075275 -0.023640 0.166974
v -0.067984 -0.009618 0.164575
v -0.060786 -0.056839 0.167897
v -0.022285 -0.016072 0.165284
v -0.038902 0.000850 0.165284
v -0.075275 -0.023640 0.166974
v -0.091638 -0.079564 0.167897
v -0.115900 -0.051388 0.167896
v -0.047779 0.022842 0.160372
v -0.070513 0.018534 0.160392
v -0.075275 -0.023640 0.155053
v -0.075275 -0.023640 0.166974
v -0.072369 -0.012020 0.155053
v -0.067984 -0.009618 0.164575
v -0.091638 -0.079564 0.154592
v -0.060786 -0.056839 0.154592
v -0.060786 -0.056839 0.167897
v -0.091638 -0.079564 0.167897
v -0.022293 -0.016068 0.156370
v -0.022285 -0.016072 0.165284
v -0.001274 -0.096718 0.144857
v 0.022108 -0.119328 0.154592
v -0.001274 -0.096718 0.154592
v -0.001274 -0.096718 0.144857
v -0.015720 -0.119845 0.144857
v 0.022108 -0.119328 0.144857
v 0.004330 -0.134490 0.144857
v 0.045647 -0.217424 0.144857
v 0.059076 -0.214847 0.144857
v 0.055176 -0.193972 0.144857
v 0.042594 -0.197284 0.144857
v -0.015720 -0.119845 0.136804
v -0.015720 -0.119845 0.144857
v 0.004330 -0.134490 0.136804
v 0.004330 -0.134490 0.144857
v 0.021139 -0.152765 0.136804
v 0.034059 -0.173967 0.136804
v 0.034059 -0.173967 0.144857
v 0.021139 -0.152765 0.144857
v 0.045647 -0.217424 0.136804
v 0.059030 -0.214921 0.136804
v 0.059076 -0.214847 0.144857
v 0.045647 -0.217424 0.144857
v 0.042594 -0.197284 0.136804
v 0.042594 -0.197284 0.144857
v 0.045647 -0.217424 0.136804
v 0.045647 -0.217424 0.144857
v -0.001274 -0.096718 0.154592
v 0.009780 -0.061945 0.155053
v 0.050165 -0.167526 0.144857
v 0.050177 -0.167589 0.149749
v 0.055573 -0.134767 0.149749
v 0.055573 -0.134767 0.154592
v 0.033145 -0.139017 0.154592
v 0.033145 -0.139017 0.149749
v 0.072129 -0.082807 0.144857
v 0.072129 -0.082807 0.154592
v 0.058641 -0.112405 0.154592
v 0.072129 -0.082807 0.144857
v 0.094035 -0.099045 0.144857
v 0.111171 -0.081077 0.144857
v 0.092401 -0.059279 0.144857
v 0.058641 -0.112405 0.144857
v 0.080733 -0.120010 0.144857
v 0.072626 -0.212311 0.144857
v 0.068098 -0.192450 0.144857
v 0.111171 -0.081077 0.136804
v 0.111171 -0.081077 0.144857
v 0.094035 -0.099045 0.144857
v 0.094035 -0.099045 0.136804
v 0.080733 -0.120010 0.144857
v 0.080733 -0.120010 0.136804
v 0.071777 -0.143168 0.136804
v 0.071777 -0.143168 0.144857
v 0.067511 -0.167628 0.144857
v 0.067511 -0.167628 0.136804
v 0.072626 -0.212311 0.136804
v 0.072626 -0.212311 0.144857
v 0.068098 -0.192450 0.144857
v 0.068098 -0.192450 0.136804
v 0.072626 -0.212311 0.144857
v 0.072626 -0.212311 0.136804
v 0.092401 -0.059279 0.144857
v 0.092401 -0.059279 0.154592
v 0.050177 -0.167589 0.149749
v 0.050165 -0.167526 0.144857
v 0.033145 -0.139017 0.154592
v -0.030122 0.026791 0.155841
v -0.030122 0.026791 0.162311
v -0.026080 0.053333 0.155832
v -0.030685 0.036757 0.155823
v -0.030685 0.036757 0.162293
v -0.026080 0.053333 0.162302
v 0.049963 0.014987 0.155832
v 0.054565 0.031554 0.155823
v 0.054565 0.031554 0.162293
v 0.049963 0.014987 0.162302
v 0.055573 -0.134767 0.154592
v 0.072129 -0.082807 0.154592
v 0.092401 -0.059279 0.154592
v 0.069706 -0.032923 0.155192
v 0.058641 -0.112405 0.154592
v 0.038323 -0.020602 0.156370
v 0.015367 -0.026527 0.156390
v 0.015367 -0.026527 0.165284
v 0.038330 -0.020596 0.165284
v 0.022108 -0.119328 0.154592
v 0.018390 -0.070272 0.155053
v 0.009780 -0.061945 0.155053
v 0.018390 -0.070272 0.155053
v 0.018390 -0.070272 0.166974
v 0.009892 -0.056947 0.164575
v 0.054386 -0.074323 0.167897
v 0.038330 -0.020596 0.165284
v 0.015367 -0.026527 0.165284
v 0.018390 -0.070272 0.166974
v 0.058641 -0.112405 0.167896
v 0.022108 -0.119328 0.167896
v -0.008117 -0.023218 0.160372
v -0.015753 -0.045061 0.160392
v 0.018390 -0.070272 0.155053
v 0.018390 -0.070272 0.166974
v 0.009780 -0.061945 0.155053
v 0.009892 -0.056947 0.164575
v 0.058641 -0.112405 0.154592
v 0.054386 -0.074323 0.154592
v 0.054386 -0.074323 0.167897
v 0.058641 -0.112405 0.167896
v 0.038323 -0.020602 0.156370
v 0.038330 -0.020596 0.165284
v 0.118679 -0.042724 0.144857
v 0.149951 -0.033780 0.154592
v 0.118679 -0.042724 0.154592
v 0.118679 -0.042724 0.144857
v 0.131484 -0.066798 0.144857
v 0.149951 -0.033780 0.144857
v 0.154192 -0.056756 0.144857
v 0.246673 -0.062442 0.144857
v 0.251156 -0.049524 0.144857
v 0.231128 -0.042464 0.144857
v 0.227705 -0.055016 0.144857
v 0.131484 -0.066798 0.136804
v 0.131484 -0.066798 0.144857
v 0.154192 -0.056756 0.136804
v 0.154192 -0.056756 0.144857
v 0.178422 -0.051337 0.136804
v 0.203245 -0.050750 0.136804
v 0.203245 -0.050750 0.144857
v 0.178422 -0.051337 0.144857
v 0.246673 -0.062442 0.136804
v 0.251197 -0.049601 0.136804
v 0.251156 -0.049524 0.144857
v 0.246673 -0.062442 0.144857
v 0.227705 -0.055016 0.136804
v 0.227705 -0.055016 0.144857
v 0.246673 -0.062442 0.136804
v 0.246673 -0.062442 0.144857
v 0.118679 -0.042724 0.154592
v 0.094091 -0.015765 0.155053
v 0.205719 -0.033581 0.144857
v 0.205779 -0.033602 0.149749
v 0.180053 -0.012518 0.149749
v 0.180053 -0.012518 0.154592
v 0.172520 -0.034066 0.154592
v 0.172520 -0.034066 0.149749
v 0.143333 0.027800 0.144857
v 0.143333 0.027800 0.154592
v 0.162221 0.001320 0.154592
v 0.143333 0.027800 0.144857
v 0.168348 0.038652 0.144857
v 0.161356 0.062477 0.144857
v 0.133093 0.057121 0.144857
v 0.162221 0.001320 0.144857
v 0.179853 0.016650 0.144857
v 0.255734 -0.036522 0.144857
v 0.236271 -0.030512 0.144857
v 0.161356 0.062477 0.136804
v 0.161356 0.062477 0.144857
v 0.168348 0.038652 0.144857
v 0.168348 0.038652 0.136804
v 0.179853 0.016650 0.144857
v 0.179853 0.016650 0.136804
v 0.195430 -0.002685 0.136804
v 0.195430 -0.002685 0.144857
v 0.214480 -0.018610 0.144857
v 0.214480 -0.018610 0.136804
v 0.255734 -0.036522 0.136804
v 0.255734 -0.036522 0.144857
v 0.236271 -0.030512 0.144857
v 0.236271 -0.030512 0.136804
v 0.255734 -0.036522 0.144857
v 0.255734 -0.036522 0.136804
v 0.133093 0.057121 0.144857
v 0.133093 0.057121 0.154592
v 0.205779 -0.033602 0.149749
v 0.205719 -0.033581 0.144857
v 0.172520 -0.034066 0.154592
v 0.180053 -0.012518 0.154592
v 0.143333 0.027800 0.154592
v 0.133093 0.057121 0.154592
v 0.098920 0.050644 0.155192
v 0.162221 0.001320 0.154592
v 0.072557 0.029626 0.156370
v 0.066211 0.006784 0.156390
v 0.066211 0.006784 0.165284
v 0.072556 0.029636 0.165284
v 0.149951 -0.033780 0.154592
v 0.105607 -0.012471 0.155053
v 0.094091 -0.015765 0.155053
v 0.105607 -0.012471 0.155053
v 0.105607 -0.012471 0.166974
v 0.089818 -0.013169 0.164575
v 0.127114 0.016676 0.167896
v 0.072556 0.029636 0.165284
v 0.066211 0.006784 0.165284
v 0.105607 -0.012471 0.166974
v 0.162221 0.001320 0.167896
v 0.149951 -0.033780 0.167896
v 0.051603 -0.011900 0.160372
v 0.066702 -0.029434 0.160392
v 0.105607 -0.012471 0.155053
v 0.105607 -0.012471 0.166974
v 0.094091 -0.015765 0.155053
v 0.089818 -0.013169 0.164575
v 0.162221 0.001320 0.154592
v 0.127114 0.016676 0.154592
v 0.127114 0.016676 0.167896
v 0.162221 0.001320 0.167896
v 0.072557 0.029626 0.156370
v 0.072556 0.029636 0.165284
v 0.131895 0.088155 0.144857
v 0.139784 0.119710 0.154592
v 0.131895 0.088155 0.154592
v 0.131895 0.088155 0.144857
v 0.159146 0.087207 0.144857
v 0.139784 0.119709 0.144857
v 0.161803 0.111894 0.144857
v 0.212968 0.189142 0.144857
v 0.204022 0.199484 0.144857
v 0.187893 0.185669 0.144857
v 0.197053 0.176428 0.144857
v 0.159146 0.087207 0.136804
v 0.159146 0.087207 0.144857
v 0.161803 0.111894 0.136804
v 0.161803 0.111894 0.144857
v 0.169226 0.135588 0.136804
v 0.181128 0.157378 0.136804
v 0.181128 0.157378 0.144857
v 0.169226 0.135588 0.144857
v 0.212968 0.189142 0.136804
v 0.204109 0.199481 0.136804
v 0.204022 0.199484 0.144857
v 0.212968 0.189142 0.144857
v 0.197053 0.176428 0.136804
v 0.197053 0.176428 0.144857
v 0.212968 0.189142 0.136804
v 0.212968 0.189142 0.144857
v 0.131895 0.088155 0.154592
v 0.096253 0.080341 0.155053
v 0.167448 0.168064 0.144857
v 0.167545 0.168147 0.149749
v 0.136422 0.156410 0.149749
v 0.136422 0.156410 0.154592
v 0.151317 0.139112 0.154592
v 0.151317 0.139112 0.149749
v 0.083146 0.144768 0.144857
v 0.083146 0.144768 0.154592
v 0.115523 0.147886 0.154592
v 0.083146 0.144768 0.144857
v 0.086255 0.171858 0.144857
v 0.115523 0.147886 0.144857
v 0.111063 0.170821 0.144857
v 0.195051 0.209950 0.144857
v 0.180115 0.196099 0.144857
v 0.086255 0.171858 0.144857
v 0.086255 0.171858 0.136804
v 0.111063 0.170821 0.144857
v 0.111063 0.170821 0.136804
v 0.135596 0.174643 0.136804
v 0.135596 0.174643 0.144857
v 0.158912 0.183179 0.144857
v 0.158912 0.183179 0.136804
v 0.195051 0.209950 0.136804
v 0.195051 0.209950 0.144857
v 0.180115 0.196099 0.144857
v 0.180115 0.196099 0.136804
v 0.195051 0.209950 0.144857
v 0.195051 0.209950 0.136804
v 0.167545 0.168147 0.149749
v 0.167448 0.168064 0.144857
v 0.151317 0.139112 0.154592
v 0.136422 0.156410 0.154592
v 0.083146 0.144768 0.154592
v 0.115523 0.147886 0.154592
v 0.046176 0.084388 0.156370
v 0.062785 0.067471 0.156390
v 0.062785 0.067471 0.165284
v 0.046167 0.084392 0.165284
v 0.139784 0.119710 0.154592
v 0.099159 0.091961 0.155053
v 0.096253 0.080341 0.155053
v 0.099159 0.091961 0.155053
v 0.099159 0.091961 0.166974
v 0.091868 0.077939 0.164575
v 0.084670 0.125160 0.167896
v 0.046167 0.084392 0.165284
v 0.062785 0.067471 0.165284
v 0.099159 0.091961 0.166974
v 0.115523 0.147886 0.167896
v 0.139784 0.119710 0.167896
v 0.071643 0.045486 0.160372
v 0.094397 0.049787 0.160392
v 0.099159 0.091961 0.155053
v 0.099159 0.091961 0.166974
v 0.096253 0.080341 0.155053
v 0.091868 0.077939 0.164575
v 0.115523 0.147886 0.154592
v 0.084670 0.125160 0.154592
v 0.084670 0.125160 0.167896
v 0.115523 0.147886 0.167896
v 0.046176 0.084388 0.156370
v 0.046167 0.084392 0.165284
v -0.023678 0.010823 0.155832
v -0.030122 0.026791 0.155841
v -0.047779 0.022842 0.156390
v -0.038902 0.000850 0.156390
v 0.014342 -0.008355 0.155832
v -0.002708 -0.005953 0.155841
v -0.008117 -0.023218 0.156390
v 0.015367 -0.026527 0.156390
v -0.015468 0.066889 0.155841
v -0.007113 0.072377 0.155823
v -0.014440 0.088922 0.156370
v -0.027718 0.080201 0.156390
v 0.009535 0.076674 0.155832
v 0.026580 0.074262 0.155841
v 0.031984 0.091527 0.156390
v 0.008515 0.094847 0.156390
v -0.030685 0.036757 0.155823
v -0.048675 0.038694 0.156370
v -0.026080 0.053333 0.155832
v -0.042328 0.061537 0.156390
v -0.011621 -0.001457 0.155823
v -0.022293 -0.016068 0.156370
v 0.039351 0.001432 0.155841
v 0.030996 -0.004056 0.155823
v 0.038323 -0.020602 0.156370
v 0.051601 -0.011880 0.156390
v 0.053990 0.041533 0.155841
v 0.054565 0.031554 0.155823
v 0.072557 0.029626 0.156370
v 0.071643 0.045486 0.156390
v 0.049963 0.014987 0.155832
v 0.066211 0.006784 0.156390
v 0.035510 0.069770 0.155823
v 0.046176 0.084388 0.156370
v 0.047556 0.057501 0.155832
v 0.062785 0.067471 0.156390
vn 0.7921 0.6104 -0.0000
vn 0.8656 0.5007 -0.0010
vn 0.8679 0.4967 -0.0003
vn -0.0000 -0.0000 1.0000
vn -0.5960 0.4627 0.6563
vn -0.5361 0.5945 0.5993
vn -0.5230 0.6181 0.5868
vn -0.9888 0.1492 -0.0009
vn -0.9605 0.2782 -0.0000
vn -0.9895 0.1448 -0.0006
vn -0.0001 0.0092 1.0000
vn 0.0097 0.0367 0.9993
vn 0.1601 0.1313 0.9783
vn 0.2166 -0.0245 0.9760
vn 0.0471 -0.0262 0.9985
vn 0.1009 -0.0350 0.9943
vn -0.0983 0.5188 0.8492
vn -0.7221 0.6918 -0.0000
vn 0.8885 0.4588 -0.0000
vn 0.8723 0.4890 -0.0000
vn 0.9691 0.2469 -0.0000
vn 0.6945 -0.7194 -0.0000
vn 0.6771 -0.7359 -0.0000
vn 0.5490 -0.8358 -0.0000
vn -0.1326 0.9912 -0.0000
vn -0.0007 1.0000 -0.0007
vn 0.0037 1.0000 -0.0005
vn -0.6994 -0.2851 0.6554
vn -0.7834 -0.1672 0.5986
vn -0.7972 -0.1443 0.5862
vn -0.6236 -0.7817 -0.0008
vn -0.7212 -0.6927 -0.0000
vn -0.6201 -0.7845 -0.0007
vn -0.0080 0.0045 1.0000
vn -0.0269 0.0268 0.9993
vn -0.0337 0.2044 0.9783
vn 0.1295 0.1753 0.9760
vn 0.0462 0.0276 0.9986
vn 0.0807 0.0699 0.9943
vn -0.4984 0.1742 0.8492
vn -0.9602 -0.2795 -0.0000
vn 0.0469 0.9989 -0.0000
vn 0.0127 0.9999 -0.0000
vn 0.2707 0.9627 -0.0000
vn 0.9704 0.2416 -0.0000
vn 0.9759 0.2182 -0.0000
vn 0.9984 0.0564 -0.0000
vn -0.9247 0.3808 -0.0000
vn -0.8664 0.4993 -0.0009
vn -0.8642 0.5032 -0.0006
vn -0.1037 -0.7488 0.6546
vn -0.2476 -0.7625 0.5978
vn -0.2741 -0.7629 0.5855
vn 0.3652 -0.9309 -0.0010
vn 0.2393 -0.9709 -0.0000
vn 0.3693 -0.9293 -0.0009
vn -0.0073 -0.0049 1.0000
vn -0.0357 -0.0108 0.9993
vn -0.1941 0.0726 0.9783
vn -0.0874 0.1999 0.9759
vn -0.0008 0.0538 0.9986
vn -0.0202 0.1049 0.9943
vn -0.4001 -0.3445 0.8492
vn -0.2381 -0.9713 -0.0000
vn -0.8416 0.5401 -0.0000
vn -0.8596 0.5110 -0.0000
vn -0.6983 0.7158 -0.0000
vn 0.2759 0.9612 -0.0000
vn 0.2990 0.9543 -0.0000
vn 0.4504 0.8928 -0.0000
vn -0.7921 -0.6104 -0.0000
vn -0.8656 -0.5007 -0.0009
vn -0.8679 -0.4968 -0.0005
vn 0.5958 -0.4640 0.6555
vn 0.5361 -0.5953 0.5986
vn 0.5232 -0.6186 0.5861
vn 0.9888 -0.1492 -0.0010
vn 0.9605 -0.2782 -0.0000
vn 0.9895 -0.1448 -0.0007
vn 0.0006 -0.0087 1.0000
vn -0.0085 -0.0363 0.9993
vn -0.1600 -0.1318 0.9783
vn -0.2166 0.0245 0.9760
vn -0.0470 0.0262 0.9986
vn -0.1009 0.0350 0.9943
vn 0.0983 -0.5188 0.8492
vn 0.7221 -0.6918 -0.0000
vn -0.8885 -0.4588 -0.0000
vn -0.8723 -0.4890 -0.0000
vn -0.9691 -0.2469 -0.0000
vn -0.6945 0.7195 0.0026
vn -0.6775 0.7355 0.0029
vn -0.5490 0.8358 0.0045
vn 0.1326 -0.9912 -0.0000
vn 0.0007 -1.0000 -0.0008
vn -0.0037 -1.0000 -0.0005
vn 0.6997 0.2840 0.6555
vn 0.7836 0.1666 0.5986
vn 0.7973 0.1438 0.5862
vn 0.6236 0.7817 -0.0007
vn 0.7212 0.6927 -0.0000
vn 0.6201 0.7845 -0.0003
vn 0.0079 -0.0038 1.0000
vn 0.0271 -0.0255 0.9993
vn 0.0341 -0.2044 0.9783
vn -0.1295 -0.1758 0.9759
vn -0.0462 -0.0276 0.9986
vn -0.0807 -0.0699 0.9943
vn 0.4984 -0.1742 0.8492
vn 0.9602 0.2795 -0.0000
vn -0.0469 -0.9989 -0.0000
vn -0.0127 -0.9999 -0.0000
vn -0.2707 -0.9627 -0.0000
vn -0.9703 -0.2418 -0.0000
vn -0.9758 -0.2185 -0.0000
vn -0.9983 -0.0575 -0.0000
vn 0.9247 -0.3808 -0.0000
vn 0.8665 -0.4992 -0.0023
vn 0.8642 -0.5031 -0.0014
vn 0.1036 0.7481 0.6555
vn 0.2475 0.7619 0.5985
vn 0.2742 0.7624 0.5861
vn -0.3650 0.9310 -0.0022
vn -0.2393 0.9709 -0.0000
vn -0.3692 0.9293 -0.0014
vn 0.0072 0.0049 1.0000
vn 0.0356 0.0108 0.9993
vn 0.1940 -0.0726 0.9783
vn 0.0871 -0.1998 0.9760
vn 0.0008 -0.0538 0.9986
vn 0.0202 -0.1049 0.9943
vn 0.4001 0.3445 0.8492
vn 0.2381 0.9713 -0.0000
vn 0.8416 -0.5401 -0.0000
vn 0.8596 -0.5110 -0.0000
vn 0.6983 -0.7158 -0.0000
vn -0.2758 -0.9612 -0.0000
vn -0.2987 -0.9543 -0.0000
vn -0.4494 -0.8933 -0.0000
vn 0.0124 -0.0260 0.9996
vn 0.0203 -0.0212 0.9996
vn -0.0082 -0.0281 0.9996
vn 0.0011 -0.0291 0.9996
vn 0.0287 -0.0023 0.9996
vn 0.0285 0.0069 0.9996
vn 0.0257 -0.0136 0.9996
vn 0.0163 0.0237 0.9996
vn 0.0082 0.0281 0.9996
vn 0.0246 0.0155 0.9996
vn -0.0124 0.0260 0.9996
vn -0.0203 0.0212 0.9996
vn -0.0011 0.0291 0.9996
vn -0.0287 0.0022 0.9996
vn -0.0285 -0.0070 0.9996
vn -0.0257 0.0136 0.9996
vn -0.0163 -0.0238 0.9996
vn -0.0246 -0.0155 0.9996
vn 0.5866 0.8099 -0.0000
vn 0.8885 0.4590 -0.0000
vn 0.3300 0.9440 -0.0000
vn 0.5078 0.8615 -0.0000
vn 0.6661 0.7458 -0.0000
vn 0.7988 0.6016 -0.0000
vn 0.9008 0.4342 -0.0000
vn 0.9008 0.4341 -0.0000
vn 0.7988 0.6015 -0.0000
vn -0.1861 0.9825 0.0040
vn -0.1862 0.9825 0.0041
vn 0.9687 0.2481 -0.0000
vn 0.9887 0.1499 -0.0000
vn 0.0049 0.0142 0.9999
vn 0.0049 0.0141 0.9999
vn 0.0075 0.0117 0.9999
vn 0.0066 0.0126 0.9999
vn 0.8588 0.5123 -0.0022
vn 0.8588 0.5123 -0.0023
vn -0.1862 0.9825 -0.0000
vn -0.8422 0.5391 -0.0000
vn -0.6525 0.7578 -0.0000
vn -0.7878 0.6159 -0.0000
vn -0.8928 0.4504 -0.0000
vn -0.9635 0.2676 -0.0000
vn -0.9972 0.0744 -0.0000
vn -0.1862 0.9825 0.0039
vn -0.1863 0.9825 0.0040
vn -0.9923 -0.1236 -0.0000
vn -0.9750 -0.2223 -0.0000
vn -0.9867 0.1626 -0.0022
vn -0.9867 0.1626 -0.0023
vn 0.2987 0.9543 -0.0000
vn -0.0561 0.9984 -0.0000
vn -0.0559 0.9984 -0.0000
vn 0.2986 0.9544 -0.0000
vn 0.4049 -0.9144 -0.0000
vn 0.6772 -0.7358 -0.0000
vn 0.4050 -0.9143 -0.0000
vn 0.8366 0.5478 -0.0000
vn 0.5894 0.8078 -0.0000
vn 0.5893 0.8079 -0.0000
vn 0.8367 0.5477 -0.0000
vn -0.9907 0.1359 -0.0000
vn -0.0012 0.0092 1.0000
vn -0.0101 0.0113 0.9999
vn -0.0098 0.0111 0.9999
vn 0.0037 0.0079 1.0000
vn 0.2500 -0.9682 -0.0003
vn 0.0560 -0.9984 -0.0000
vn 0.0698 -0.9976 -0.0000
vn 0.2499 -0.9683 -0.0001
vn 0.0098 0.0101 0.9999
vn 0.7841 0.6036 0.1448
vn 0.7840 0.6036 0.1447
vn 0.7841 0.6035 0.1449
vn 0.0146 -0.0218 0.9997
vn 0.0169 -0.0408 0.9990
vn 0.1008 -0.0350 0.9943
vn 0.0469 -0.0262 0.9986
vn 0.0130 -0.0095 0.9999
vn 0.0131 -0.0094 0.9999
vn 0.1942 -0.0578 0.9793
vn 0.1963 -0.0605 0.9787
vn 0.9971 0.0756 -0.0000
vn 0.3913 0.7568 0.5236
vn 0.3914 0.7567 0.5236
vn -0.9938 -0.1110 -0.0000
vn -0.9801 -0.1986 -0.0000
vn -0.9802 -0.1981 -0.0005
vn -0.9581 -0.2863 -0.0009
vn -0.9581 -0.2863 -0.0005
vn -0.4081 0.9129 -0.0000
vn 0.0468 0.9989 -0.0000
vn -0.4921 0.8705 -0.0000
vn -0.3129 0.9498 -0.0000
vn -0.3128 0.9498 -0.0000
vn -0.1215 0.9926 -0.0000
vn 0.0744 0.9972 -0.0000
vn -0.9439 0.3301 0.0040
vn -0.9440 0.3300 0.0040
vn -0.9440 0.3300 0.0041
vn -0.9440 0.3301 0.0040
vn 0.2695 0.9630 -0.0000
vn 0.3645 0.9312 -0.0000
vn -0.0064 0.0127 0.9999
vn -0.0076 0.0120 0.9999
vn -0.0143 0.9999 -0.0023
vn -0.9440 0.3300 -0.0000
vn -0.8880 -0.4598 -0.0000
vn -0.9825 -0.1862 -0.0000
vn -0.9273 -0.3743 -0.0000
vn -0.8365 -0.5480 -0.0000
vn -0.7135 -0.7007 -0.0000
vn -0.5631 -0.8264 -0.0000
vn -0.9440 0.3300 0.0038
vn -0.9440 0.3299 0.0040
vn -0.3891 -0.9212 -0.0000
vn -0.2950 -0.9555 -0.0000
vn -0.6341 -0.7732 -0.0023
vn -0.4049 0.9144 -0.0000
vn -0.6771 0.7359 -0.0000
vn -0.6772 0.7358 -0.0000
vn -0.4050 0.9143 -0.0000
vn -0.5899 -0.8075 -0.0000
vn -0.5898 -0.8076 -0.0000
vn -0.8365 -0.5479 -0.0000
vn 0.9758 0.2184 -0.0000
vn 0.9758 0.2186 -0.0000
vn -0.6131 -0.7900 -0.0000
vn -0.0086 0.0036 1.0000
vn -0.0149 -0.0031 0.9999
vn -0.0145 -0.0029 0.9999
vn -0.0050 0.0072 1.0000
vn 0.9635 -0.2676 -0.0003
vn 0.8927 -0.4507 -0.0000
vn 0.8988 -0.4383 -0.0000
vn 0.9635 -0.2676 -0.0004
vn -0.0039 0.0136 0.9999
vn -0.1307 0.9808 0.1448
vn -0.1307 0.9808 0.1447
vn -0.1306 0.9808 0.1449
vn 0.0262 0.0018 0.9997
vn 0.0438 -0.0057 0.9990
vn 0.0807 0.0698 0.9943
vn 0.0461 0.0276 0.9986
vn 0.0147 0.0067 0.9999
vn 0.0147 0.0066 0.9999
vn 0.1471 0.1391 0.9793
vn 0.1504 0.1395 0.9787
vn 0.4331 0.9013 -0.0000
vn -0.4596 0.7169 0.5242
vn -0.4008 -0.9162 -0.0000
vn -0.3180 -0.9481 -0.0000
vn -0.3184 -0.9479 -0.0001
vn -0.2311 -0.9729 -0.0009
vn -0.2310 -0.9729 -0.0004
vn -0.9947 0.1030 -0.0000
vn -0.8417 0.5399 -0.0000
vn -1.0000 0.0091 -0.0000
vn -0.9790 0.2040 -0.0000
vn -0.9204 0.3910 -0.0000
vn -0.8264 0.5631 -0.0000
vn -0.7578 -0.6525 0.0040
vn -0.7578 -0.6524 0.0040
vn -0.6992 0.7149 -0.0000
vn -0.6242 0.7813 -0.0000
vn -0.0142 0.0008 0.9999
vn -0.0141 -0.0007 0.9999
vn -0.8731 0.4876 -0.0022
vn -0.8731 0.4876 -0.0023
vn -0.7578 -0.6525 -0.0000
vn -0.0458 -0.9990 -0.0000
vn -0.3300 -0.9440 -0.0000
vn -0.1395 -0.9902 -0.0000
vn 0.0564 -0.9984 -0.0000
vn 0.2501 -0.9682 -0.0000
vn 0.4342 -0.9008 -0.0000
vn 0.4341 -0.9008 -0.0000
vn -0.7577 -0.6525 0.0040
vn -0.7577 -0.6526 0.0040
vn 0.6032 -0.7976 -0.0000
vn 0.6800 -0.7332 -0.0000
vn 0.3525 -0.9358 -0.0023
vn 0.3526 -0.9358 -0.0023
vn -0.2990 -0.9543 -0.0000
vn 0.0562 -0.9984 -0.0000
vn -0.2989 -0.9543 -0.0000
vn 0.3777 -0.9259 -0.0000
vn -0.0072 -0.0054 1.0000
vn -0.0049 -0.0141 0.9999
vn -0.0049 -0.0144 0.9999
vn -0.0083 -0.0006 1.0000
vn 0.7135 0.7007 -0.0003
vn 0.8365 0.5480 -0.0000
vn 0.8288 0.5595 -0.0000
vn 0.7135 0.7007 -0.0004
vn -0.0137 0.0034 0.9999
vn -0.9147 0.3772 0.1448
vn -0.9147 0.3772 0.1447
vn -0.9147 0.3773 0.1448
vn 0.0115 0.0235 0.9997
vn 0.0269 0.0351 0.9990
vn -0.0201 0.1048 0.9943
vn -0.0008 0.0537 0.9986
vn 0.0017 0.0160 0.9999
vn 0.0016 0.0160 0.9999
vn -0.0469 0.1970 0.9793
vn -0.0456 0.2001 0.9787
vn -0.5640 0.8258 -0.0000
vn -0.8510 -0.0398 0.5237
vn -0.8509 -0.0398 0.5237
vn 0.5931 -0.8052 -0.0000
vn 0.6621 -0.7494 -0.0000
vn 0.6617 -0.7497 -0.0001
vn 0.7270 -0.6866 -0.0009
vn 0.7270 -0.6866 -0.0010
vn -0.5866 -0.8099 -0.0000
vn -0.8885 -0.4590 -0.0000
vn -0.5078 -0.8615 -0.0000
vn -0.6661 -0.7458 -0.0000
vn -0.7988 -0.6016 -0.0000
vn -0.9008 -0.4342 -0.0000
vn -0.9008 -0.4341 -0.0000
vn -0.7988 -0.6015 -0.0000
vn 0.1862 -0.9825 0.0039
vn 0.1862 -0.9825 0.0040
vn 0.1861 -0.9825 0.0040
vn -0.9687 -0.2481 -0.0000
vn -0.9887 -0.1499 -0.0000
vn -0.0078 -0.0118 0.9999
vn -0.0066 -0.0126 0.9999
vn -0.8588 -0.5123 -0.0023
vn -0.8588 -0.5123 -0.0024
vn 0.1862 -0.9825 -0.0000
vn 0.8422 -0.5391 -0.0000
vn 0.6525 -0.7578 -0.0000
vn 0.7878 -0.6159 -0.0000
vn 0.8928 -0.4504 -0.0000
vn 0.9635 -0.2676 -0.0000
vn 0.9972 -0.0744 -0.0000
vn 0.1863 -0.9825 0.0040
vn 0.9923 0.1236 -0.0000
vn 0.9750 0.2223 -0.0000
vn 0.9867 -0.1626 -0.0023
vn 0.9867 -0.1626 -0.0022
vn -0.9759 -0.2182 -0.0000
vn -0.9759 -0.2183 -0.0000
vn -0.8927 0.4507 -0.0000
vn -0.9942 0.1071 -0.0000
vn -0.9943 0.1070 -0.0000
vn -0.8926 0.4508 -0.0000
vn 0.9943 -0.1066 -0.0000
vn 0.9943 -0.1064 -0.0000
vn 0.8926 -0.4508 -0.0000
vn 0.9907 -0.1359 -0.0000
vn 0.0011 -0.0089 1.0000
vn 0.0098 -0.0113 0.9999
vn 0.0094 -0.0111 0.9999
vn -0.0036 -0.0075 1.0000
vn -0.2500 0.9682 -0.0003
vn -0.0563 0.9984 -0.0000
vn -0.0701 0.9975 -0.0000
vn -0.2501 0.9682 -0.0004
vn -0.0098 -0.0101 0.9999
vn -0.7841 -0.6036 0.1448
vn -0.7840 -0.6036 0.1447
vn -0.7841 -0.6035 0.1448
vn -0.0146 0.0218 0.9997
vn -0.0169 0.0408 0.9990
vn -0.1008 0.0350 0.9943
vn -0.0469 0.0262 0.9986
vn -0.0130 0.0095 0.9999
vn -0.0131 0.0094 0.9999
vn -0.1943 0.0578 0.9792
vn -0.1963 0.0604 0.9787
vn -0.9971 -0.0756 -0.0000
vn -0.3913 -0.7572 0.5231
vn -0.3913 -0.7571 0.5232
vn 0.9938 0.1110 -0.0000
vn 0.9801 0.1987 -0.0000
vn 0.9802 0.1982 -0.0001
vn 0.9581 0.2863 -0.0009
vn 0.9581 0.2863 -0.0010
vn 0.4081 -0.9129 -0.0000
vn -0.0468 -0.9989 -0.0000
vn 0.4921 -0.8705 -0.0000
vn 0.3129 -0.9498 -0.0000
vn 0.3128 -0.9498 -0.0000
vn 0.1215 -0.9926 -0.0000
vn -0.0744 -0.9972 -0.0000
vn 0.9439 -0.3301 0.0040
vn 0.9440 -0.3300 0.0040
vn 0.9440 -0.3300 0.0041
vn -0.2695 -0.9630 -0.0000
vn -0.3645 -0.9312 -0.0000
vn 0.0064 -0.0127 0.9999
vn 0.0076 -0.0119 0.9999
vn 0.0143 -0.9999 -0.0023
vn 0.0143 -0.9999 -0.0022
vn 0.9440 -0.3300 -0.0000
vn 0.8880 0.4598 -0.0000
vn 0.9825 0.1862 -0.0000
vn 0.9273 0.3743 -0.0000
vn 0.7135 0.7007 -0.0000
vn 0.5631 0.8264 -0.0000
vn 0.9440 -0.3299 0.0040
vn 0.3891 0.9212 -0.0000
vn 0.2950 0.9555 -0.0000
vn 0.6341 0.7732 -0.0023
vn 0.6341 0.7732 -0.0022
vn 0.6131 0.7900 -0.0000
vn 0.0083 -0.0035 1.0000
vn 0.0147 0.0028 0.9999
vn 0.0143 0.0026 0.9999
vn 0.0047 -0.0069 1.0000
vn -0.9635 0.2676 -0.0003
vn -0.8928 0.4504 0.0002
vn -0.8989 0.4381 -0.0000
vn -0.9635 0.2676 -0.0004
vn 0.0039 -0.0136 0.9999
vn 0.1307 -0.9808 0.1448
vn 0.1307 -0.9808 0.1447
vn 0.1306 -0.9808 0.1448
vn -0.0262 -0.0018 0.9997
vn -0.0438 0.0057 0.9990
vn -0.0807 -0.0698 0.9943
vn -0.0461 -0.0276 0.9986
vn -0.0147 -0.0066 0.9999
vn -0.1472 -0.1393 0.9792
vn -0.1505 -0.1398 0.9787
vn -0.4331 -0.9013 -0.0000
vn 0.4600 -0.7170 0.5237
vn 0.4008 0.9162 -0.0000
vn 0.3180 0.9481 -0.0000
vn 0.3184 0.9480 -0.0001
vn 0.2311 0.9729 -0.0009
vn 0.2310 0.9729 -0.0004
vn 0.9947 -0.1030 -0.0000
vn 0.8417 -0.5399 -0.0000
vn 1.0000 -0.0091 -0.0000
vn 0.9790 -0.2040 -0.0000
vn 0.9204 -0.3910 -0.0000
vn 0.8264 -0.5631 -0.0000
vn 0.7578 0.6524 0.0040
vn 0.7578 0.6525 0.0040
vn 0.7578 0.6525 0.0041
vn 0.6992 -0.7149 -0.0000
vn 0.6242 -0.7813 -0.0000
vn 0.0142 -0.0008 0.9999
vn 0.0142 0.0006 0.9999
vn 0.8732 -0.4873 -0.0046
vn 0.8732 -0.4873 -0.0045
vn 0.7578 0.6525 -0.0000
vn 0.0458 0.9990 -0.0000
vn 0.1395 0.9902 -0.0000
vn -0.0564 0.9984 -0.0000
vn -0.2501 0.9682 -0.0000
vn -0.4342 0.9008 -0.0000
vn -0.4341 0.9008 -0.0000
vn 0.7577 0.6525 0.0039
vn 0.7577 0.6526 0.0040
vn -0.6032 0.7976 -0.0000
vn -0.6800 0.7332 -0.0000
vn -0.3522 0.9359 -0.0046
vn -0.3522 0.9359 -0.0045
vn -0.3777 0.9259 -0.0000
vn 0.0072 0.0054 1.0000
vn 0.0083 0.0007 1.0000
vn -0.7135 -0.7007 -0.0003
vn -0.8366 -0.5478 -0.0000
vn -0.8290 -0.5593 -0.0000
vn -0.7135 -0.7007 -0.0004
vn 0.0137 -0.0034 0.9999
vn 0.9147 -0.3772 0.1448
vn 0.9147 -0.3772 0.1447
vn 0.9147 -0.3773 0.1448
vn -0.0115 -0.0235 0.9997
vn -0.0269 -0.0351 0.9990
vn 0.0201 -0.1048 0.9943
vn 0.0008 -0.0537 0.9986
vn -0.0018 -0.0160 0.9999
vn -0.0016 -0.0160 0.9999
vn 0.0471 -0.1971 0.9792
vn 0.0457 -0.2002 0.9787
vn 0.5640 -0.8258 -0.0000
vn 0.8510 0.0398 0.5237
vn 0.8509 0.0398 0.5237
vn -0.5931 0.8052 -0.0000
vn -0.6621 0.7494 -0.0000
vn -0.6617 0.7497 -0.0001
vn -0.7270 0.6866 -0.0009
vn -0.7270 0.6866 -0.0007
vn 0.0257 0.0164 0.9995
vn 0.0296 0.0071 0.9995
vn 0.0296 0.0072 0.9995
vn 0.0258 0.0164 0.9995
vn -0.0014 0.0305 0.9995
vn 0.0086 0.0292 0.9995
vn 0.0210 -0.0221 0.9995
vn 0.0128 -0.0275 0.9995
vn 0.0125 -0.0274 0.9995
vn 0.0210 -0.0220 0.9995
vn 0.0011 -0.0303 0.9995
vn -0.0086 -0.0292 0.9995
vn 0.0013 -0.0305 0.9995
vn 0.0302 -0.0027 0.9995
vn 0.0300 -0.0029 0.9995
vn 0.0271 -0.0141 0.9995
vn 0.0174 0.0248 0.9995
vn 0.0175 0.0245 0.9995
vn -0.0210 0.0221 0.9995
vn -0.0128 0.0275 0.9995
vn -0.0125 0.0274 0.9995
vn -0.0213 0.0221 0.9995
vn -0.0296 -0.0071 0.9995
vn -0.0302 0.0027 0.9995
vn -0.0300 0.0029 0.9995
vn -0.0296 -0.0072 0.9995
vn -0.0271 0.0141 0.9995
vn -0.0174 -0.0248 0.9995
vn -0.0175 -0.0245 0.9995
vn -0.0257 -0.0164 0.9995
vn -0.0258 -0.0164 0.9995
vt 0.742841 0.978651
vt 0.742841 0.981923
vt 0.743551 0.981923
vt 0.873603 0.656215
vt 0.876071 0.655732
vt 0.872335 0.652846
vt 0.168867 0.853847
vt 0.168438 0.850358
vt 0.167430 0.850340
vt 0.874416 0.651212
vt 0.279149 0.787047
vt 0.282421 0.787047
vt 0.279149 0.786337
vt 0.878539 0.656215
vt 0.879807 0.652846
vt 0.493946 0.825929
vt 0.491561 0.823769
vt 0.486521 0.822610
vt 0.877726 0.651212
vt 0.172817 0.604243
vt 0.169709 0.607930
vt 0.172817 0.609065
vt 0.531639 0.972218
vt 0.529717 0.974912
vt 0.531639 0.977561
vt 0.153416 0.846327
vt 0.154825 0.844486
vt 0.148986 0.847014
vt 0.130006 0.146629
vt 0.126353 0.147669
vt 0.130006 0.152019
vt 0.155752 0.991041
vt 0.153937 0.996066
vt 0.155752 0.996721
vt 0.003898 0.458803
vt 0.003898 0.455531
vt 0.001969 0.458803
vt 0.595248 0.907429
vt 0.594671 0.907429
vt 0.594668 0.909732
vt 0.300858 0.787047
vt 0.304131 0.787047
vt 0.304130 0.786337
vt 0.901029 0.643230
vt 0.901845 0.640852
vt 0.897477 0.642644
vt 0.168803 0.894044
vt 0.168374 0.890556
vt 0.167367 0.890538
vt 0.897103 0.640025
vt 0.422037 0.006442
vt 0.425309 0.006442
vt 0.422037 0.005733
vt 0.903497 0.638956
vt 0.901213 0.636173
vt 0.258606 0.752949
vt 0.256221 0.750790
vt 0.251181 0.749631
vt 0.898757 0.637159
vt 0.267801 0.543392
vt 0.272331 0.545047
vt 0.272331 0.541738
vt 0.542439 0.096297
vt 0.540518 0.098991
vt 0.542439 0.101640
vt 0.490566 0.816122
vt 0.491975 0.814283
vt 0.486137 0.816809
vt 0.156155 0.811905
vt 0.152502 0.812946
vt 0.156155 0.817296
vt 0.206730 0.554973
vt 0.212073 0.554973
vt 0.212073 0.553044
vt 0.003898 0.730766
vt 0.003898 0.727493
vt 0.001969 0.730766
vt 0.586660 0.495790
vt 0.587237 0.495790
vt 0.587240 0.493488
vt 0.443746 0.006442
vt 0.447018 0.006442
vt 0.447018 0.005733
vt 0.903497 0.612987
vt 0.901845 0.611091
vt 0.901213 0.615769
vt 0.003588 0.071862
vt 0.003158 0.068370
vt 0.002153 0.068353
vt 0.898757 0.614784
vt 0.420215 0.312843
vt 0.423487 0.312843
vt 0.420215 0.312134
vt 0.901029 0.608712
vt 0.897477 0.609298
vt 0.121909 0.835983
vt 0.119522 0.833826
vt 0.114483 0.832665
vt 0.897103 0.611918
vt 0.033356 0.665293
vt 0.030247 0.668980
vt 0.033356 0.670116
vt 0.348866 0.679957
vt 0.346944 0.682652
vt 0.348866 0.685300
vt 0.255226 0.743143
vt 0.256636 0.741303
vt 0.250797 0.743830
vt 0.021316 0.895813
vt 0.024783 0.897365
vt 0.024783 0.891685
vt 0.234279 0.896854
vt 0.232465 0.901880
vt 0.234279 0.902535
vt 0.666337 0.903567
vt 0.666337 0.900295
vt 0.664408 0.903567
vt 0.477577 0.319206
vt 0.477000 0.319206
vt 0.476997 0.321508
vt 0.441924 0.312843
vt 0.445196 0.312843
vt 0.445196 0.312134
vt 0.878539 0.595728
vt 0.876071 0.596210
vt 0.879807 0.599097
vt 0.134101 0.914173
vt 0.133671 0.910682
vt 0.132664 0.910664
vt 0.877726 0.600731
vt 0.406128 0.004039
vt 0.402855 0.004039
vt 0.406128 0.004748
vt 0.873603 0.595728
vt 0.872335 0.599097
vt 0.121891 0.916759
vt 0.119504 0.914602
vt 0.114465 0.913440
vt 0.874416 0.600731
vt 0.189122 0.869319
vt 0.189122 0.864497
vt 0.186014 0.865632
vt 0.667040 0.840404
vt 0.665118 0.843098
vt 0.667040 0.845747
vt 0.118527 0.826176
vt 0.119936 0.824336
vt 0.114098 0.826864
vt 0.033997 0.246740
vt 0.037464 0.248292
vt 0.037464 0.242612
vt 0.135388 0.188262
vt 0.133574 0.193288
vt 0.135388 0.193943
vt 0.500579 0.454712
vt 0.500579 0.451440
vt 0.498650 0.454712
vt 0.274465 0.610017
vt 0.275043 0.610019
vt 0.275048 0.607715
vt 0.384419 0.004039
vt 0.381146 0.004039
vt 0.381146 0.004748
vt 0.851113 0.608712
vt 0.850297 0.611091
vt 0.854665 0.609298
vt 0.134140 0.833352
vt 0.133710 0.829861
vt 0.132703 0.829844
vt 0.855039 0.611918
vt 0.059112 0.207142
vt 0.062385 0.207142
vt 0.059112 0.206432
vt 0.848645 0.612987
vt 0.850929 0.615769
vt 0.156670 0.896463
vt 0.154284 0.894306
vt 0.149245 0.893145
vt 0.853385 0.614784
vt 0.063863 0.871748
vt 0.063863 0.866926
vt 0.060754 0.868061
vt 0.440416 0.164464
vt 0.438495 0.167158
vt 0.440416 0.169807
vt 0.118509 0.906952
vt 0.119918 0.905112
vt 0.114080 0.907640
vt 0.197708 0.944887
vt 0.197708 0.941089
vt 0.192523 0.943411
vt 0.340572 0.611229
vt 0.345916 0.611229
vt 0.345916 0.609300
vt 0.230523 0.377887
vt 0.230523 0.374615
vt 0.228594 0.377887
vt 0.595376 0.773646
vt 0.595953 0.773646
vt 0.595956 0.771343
vt 0.080821 0.207142
vt 0.084094 0.207142
vt 0.084094 0.206432
vt 0.848645 0.638956
vt 0.850305 0.640847
vt 0.850929 0.636173
vt 0.047168 0.945040
vt 0.046738 0.941548
vt 0.045731 0.941530
vt 0.853385 0.637159
vt 0.742841 0.956942
vt 0.742841 0.960214
vt 0.743551 0.956942
vt 0.851113 0.643230
vt 0.854665 0.642644
vt 0.156797 0.856133
vt 0.154410 0.853976
vt 0.149372 0.852815
vt 0.855039 0.640025
vt 0.072578 0.686773
vt 0.069470 0.690460
vt 0.072578 0.691596
vt 0.488356 0.802006
vt 0.486435 0.804701
vt 0.488356 0.807350
vt 0.153289 0.886657
vt 0.154698 0.884817
vt 0.148859 0.887345
vt 0.225195 0.674857
vt 0.225195 0.671059
vt 0.220010 0.673381
vt 0.424209 0.086605
vt 0.424209 0.081261
vt 0.422281 0.081261
vt 0.161482 0.248047
vt 0.158210 0.248047
vt 0.161482 0.249976
vt 0.595376 0.838105
vt 0.595953 0.838105
vt 0.595956 0.835801
vt 0.051591 0.957520
vt 0.049680 0.963410
vt 0.051102 0.963691
vt 0.046002 0.960182
vt 0.047521 0.962164
vt 0.055738 0.962119
vt 0.056693 0.961031
vt 0.053578 0.963367
vt 0.057648 0.956228
vt 0.057182 0.954858
vt 0.057648 0.958724
vt 0.053502 0.951630
vt 0.052080 0.951349
vt 0.055662 0.952877
vt 0.047446 0.952920
vt 0.046491 0.954011
vt 0.049605 0.951673
vt 0.045535 0.958810
vt 0.045535 0.956317
vt 0.742841 0.973935
vt 0.744253 0.978651
vt 0.744253 0.973935
vt 0.870655 0.644257
vt 0.867132 0.641453
vt 0.865047 0.645065
vt 0.867973 0.647162
vt 0.873376 0.648109
vt 0.870434 0.649789
vt 0.874081 0.662718
vt 0.876063 0.662713
vt 0.876071 0.659635
vt 0.874189 0.659767
vt 0.349082 0.006020
vt 0.352682 0.006020
vt 0.352682 0.004853
vt 0.349082 0.004853
vt 0.356281 0.006020
vt 0.356281 0.004853
vt 0.359881 0.006020
vt 0.363481 0.006020
vt 0.363481 0.004853
vt 0.359881 0.004853
vt 0.341890 0.815733
vt 0.341890 0.817707
vt 0.343058 0.817715
vt 0.343058 0.815733
vt 0.367081 0.006020
vt 0.367081 0.004853
vt 0.370034 0.006020
vt 0.370034 0.004853
vt 0.153696 0.850532
vt 0.158741 0.850533
vt 0.159408 0.846080
vt 0.154120 0.846231
vt 0.742841 0.969433
vt 0.744253 0.969433
vt 0.742841 0.986737
vt 0.743551 0.986746
vt 0.345223 0.016156
vt 0.345925 0.016156
vt 0.345925 0.012846
vt 0.345223 0.012846
vt 0.287137 0.787047
vt 0.287137 0.785635
vt 0.282421 0.785635
vt 0.881487 0.644257
vt 0.884169 0.647162
vt 0.887095 0.645065
vt 0.885009 0.641453
vt 0.878766 0.648109
vt 0.881708 0.649789
vt 0.878061 0.662718
vt 0.877953 0.659767
vt 0.131862 0.221621
vt 0.133030 0.221621
vt 0.133030 0.218021
vt 0.131862 0.218021
vt 0.133030 0.214421
vt 0.131862 0.214421
vt 0.131862 0.210821
vt 0.133030 0.210821
vt 0.133030 0.207222
vt 0.131862 0.207222
vt 0.341890 0.819714
vt 0.343058 0.819714
vt 0.133030 0.203622
vt 0.131862 0.203622
vt 0.133030 0.200669
vt 0.131862 0.200669
vt 0.291640 0.787047
vt 0.291640 0.785635
vt 0.274327 0.786337
vt 0.274336 0.787046
vt 0.744253 0.981923
vt 0.007911 0.920519
vt 0.010606 0.920154
vt 0.010293 0.919237
vt 0.007974 0.919497
vt 0.004135 0.908995
vt 0.002992 0.910094
vt 0.003808 0.910663
vt 0.004687 0.909718
vt 0.004065 0.918806
vt 0.006325 0.920135
vt 0.006652 0.919260
vt 0.004694 0.918073
vt 0.279149 0.785635
vt 0.496557 0.824782
vt 0.495890 0.820329
vt 0.490847 0.820329
vt 0.498533 0.829063
vt 0.595956 0.844978
vt 0.595953 0.841541
vt 0.594664 0.841541
vt 0.594664 0.844979
vt 0.161384 0.841798
vt 0.154847 0.844654
vt 0.262481 0.995718
vt 0.262274 0.997446
vt 0.263994 0.997651
vt 0.263994 0.995329
vt 0.469558 0.320932
vt 0.468104 0.312924
vt 0.464700 0.313411
vt 0.464435 0.319767
vt 0.469558 0.326487
vt 0.464183 0.326897
vt 0.149664 0.850458
vt 0.153019 0.850449
vt 0.003831 0.465936
vt 0.002103 0.465936
vt 0.047168 0.937246
vt 0.045615 0.937389
vt 0.003882 0.585476
vt 0.003882 0.579920
vt 0.001953 0.579920
vt 0.001953 0.585476
vt 0.003624 0.571791
vt 0.002332 0.571790
vt 0.296142 0.787047
vt 0.300858 0.785635
vt 0.296142 0.785635
vt 0.889199 0.639804
vt 0.890374 0.643579
vt 0.893895 0.639374
vt 0.893879 0.642762
vt 0.906899 0.646068
vt 0.907887 0.644349
vt 0.905224 0.642803
vt 0.904398 0.644499
vt 0.131862 0.225220
vt 0.133030 0.225220
vt 0.131862 0.228820
vt 0.133030 0.228820
vt 0.131862 0.232420
vt 0.131862 0.236019
vt 0.133030 0.236019
vt 0.133030 0.232420
vt 0.411621 0.622892
vt 0.411621 0.624866
vt 0.412789 0.624874
vt 0.412788 0.622892
vt 0.131862 0.239619
vt 0.133030 0.239619
vt 0.131862 0.242572
vt 0.133030 0.242572
vt 0.496557 0.815876
vt 0.491269 0.816026
vt 0.308944 0.787046
vt 0.308953 0.786337
vt 0.147773 0.002278
vt 0.147070 0.002278
vt 0.147070 0.005588
vt 0.147773 0.005588
vt 0.430025 0.006442
vt 0.430025 0.005031
vt 0.425309 0.005031
vt 0.894615 0.630424
vt 0.898471 0.629554
vt 0.898118 0.625971
vt 0.893948 0.625971
vt 0.896591 0.634706
vt 0.899516 0.632998
vt 0.908890 0.642621
vt 0.906279 0.641239
vt 0.825647 0.222545
vt 0.826814 0.222545
vt 0.826814 0.218945
vt 0.825647 0.218945
vt 0.826814 0.215346
vt 0.825647 0.215346
vt 0.825647 0.211746
vt 0.826814 0.211746
vt 0.826814 0.208146
vt 0.825647 0.208146
vt 0.411621 0.626873
vt 0.412789 0.626873
vt 0.826814 0.204546
vt 0.825647 0.204546
vt 0.826814 0.201593
vt 0.825647 0.201593
vt 0.434527 0.006442
vt 0.434527 0.005031
vt 0.417214 0.005733
vt 0.417223 0.006442
vt 0.304131 0.785635
vt 0.012897 0.918882
vt 0.014031 0.917706
vt 0.013183 0.917139
vt 0.012307 0.918158
vt 0.012847 0.909020
vt 0.010571 0.907854
vt 0.010289 0.908721
vt 0.012263 0.909766
vt 0.002403 0.916676
vt 0.003308 0.916222
vt 0.422037 0.005031
vt 0.261217 0.751802
vt 0.260550 0.747349
vt 0.255507 0.747349
vt 0.263193 0.756084
vt 0.594668 0.900555
vt 0.594671 0.903992
vt 0.595960 0.903992
vt 0.595960 0.900554
vt 0.498533 0.811594
vt 0.491997 0.814450
vt 0.004081 0.028380
vt 0.004081 0.026640
vt 0.002349 0.026640
vt 0.002624 0.028946
vt 0.673402 0.108385
vt 0.671948 0.100377
vt 0.668545 0.100864
vt 0.668280 0.107220
vt 0.673402 0.113940
vt 0.668027 0.114350
vt 0.486813 0.820253
vt 0.490169 0.820245
vt 0.003831 0.737898
vt 0.002103 0.737898
vt 0.168867 0.846056
vt 0.167314 0.846199
vt 0.518146 0.909627
vt 0.518146 0.904072
vt 0.516217 0.904072
vt 0.516217 0.909627
vt 0.517888 0.895942
vt 0.516596 0.895942
vt 0.439030 0.006442
vt 0.443746 0.005031
vt 0.439030 0.005031
vt 0.894615 0.621518
vt 0.898471 0.622389
vt 0.896591 0.617236
vt 0.899516 0.618944
vt 0.908890 0.609322
vt 0.907895 0.607607
vt 0.905224 0.609140
vt 0.906279 0.610703
vt 0.825647 0.226145
vt 0.826814 0.226145
vt 0.825647 0.229745
vt 0.826814 0.229745
vt 0.825647 0.233344
vt 0.825647 0.236944
vt 0.826814 0.236944
vt 0.826814 0.233344
vt 0.358242 0.784034
vt 0.358242 0.786008
vt 0.359409 0.786016
vt 0.359409 0.784034
vt 0.825647 0.240544
vt 0.826814 0.240544
vt 0.825647 0.243497
vt 0.826814 0.243497
vt 0.261217 0.742896
vt 0.255929 0.743047
vt 0.451832 0.006442
vt 0.451840 0.005733
vt 0.116067 0.386164
vt 0.115365 0.386164
vt 0.115365 0.389473
vt 0.116067 0.389473
vt 0.428203 0.312844
vt 0.428203 0.311432
vt 0.423487 0.311432
vt 0.889199 0.612138
vt 0.890374 0.608363
vt 0.887095 0.606878
vt 0.885009 0.610489
vt 0.893895 0.612568
vt 0.893879 0.609181
vt 0.906899 0.605874
vt 0.904398 0.607444
vt 0.760719 0.836924
vt 0.761886 0.836924
vt 0.761886 0.833325
vt 0.760719 0.833325
vt 0.761886 0.829725
vt 0.760719 0.829725
vt 0.760719 0.826125
vt 0.761886 0.826125
vt 0.761886 0.822526
vt 0.760719 0.822526
vt 0.358242 0.788015
vt 0.359409 0.788015
vt 0.761886 0.818926
vt 0.760719 0.818926
vt 0.761886 0.815973
vt 0.760719 0.815973
vt 0.432705 0.312844
vt 0.432705 0.311432
vt 0.415392 0.312134
vt 0.415401 0.312843
vt 0.447018 0.005031
vt 0.009030 0.907535
vt 0.006381 0.907810
vt 0.006661 0.908711
vt 0.008974 0.908535
vt 0.420215 0.311432
vt 0.124519 0.834836
vt 0.123852 0.830383
vt 0.118807 0.830381
vt 0.126495 0.839117
vt 0.587240 0.502666
vt 0.587237 0.499229
vt 0.585948 0.499229
vt 0.585948 0.502667
vt 0.263193 0.738615
vt 0.256657 0.741470
vt 0.077855 0.148232
vt 0.079596 0.148232
vt 0.079596 0.146500
vt 0.077289 0.146776
vt 0.483635 0.763057
vt 0.482181 0.755049
vt 0.478777 0.755536
vt 0.478512 0.761892
vt 0.483635 0.768612
vt 0.478260 0.769022
vt 0.251476 0.747275
vt 0.254830 0.747267
vt 0.666270 0.910700
vt 0.664541 0.910700
vt 0.168803 0.886253
vt 0.167250 0.886396
vt 0.719825 0.016226
vt 0.719825 0.010670
vt 0.717896 0.010670
vt 0.717896 0.016226
vt 0.719567 0.002541
vt 0.718274 0.002541
vt 0.437208 0.312844
vt 0.441924 0.311432
vt 0.437208 0.311432
vt 0.881487 0.607685
vt 0.884169 0.604781
vt 0.878766 0.603833
vt 0.881708 0.602153
vt 0.878061 0.589225
vt 0.876079 0.589229
vt 0.876071 0.592308
vt 0.877953 0.592176
vt 0.760719 0.840524
vt 0.761886 0.840524
vt 0.760719 0.844124
vt 0.761886 0.844124
vt 0.760719 0.847724
vt 0.760719 0.851323
vt 0.761886 0.851323
vt 0.761886 0.847724
vt 0.458130 0.002461
vt 0.458130 0.004435
vt 0.459298 0.004443
vt 0.459298 0.002461
vt 0.760719 0.854923
vt 0.761886 0.854923
vt 0.760719 0.857876
vt 0.761886 0.857876
vt 0.124520 0.825930
vt 0.119231 0.826080
vt 0.450010 0.312843
vt 0.450018 0.312134
vt 0.028081 0.676607
vt 0.027379 0.676607
vt 0.027379 0.679916
vt 0.028081 0.679916
vt 0.398140 0.004039
vt 0.398140 0.005450
vt 0.402855 0.005450
vt 0.870655 0.607685
vt 0.867973 0.604781
vt 0.865047 0.606878
vt 0.867132 0.610489
vt 0.873376 0.603833
vt 0.870434 0.602153
vt 0.874081 0.589225
vt 0.874189 0.592176
vt 0.826815 0.337794
vt 0.825647 0.337794
vt 0.825647 0.341394
vt 0.826815 0.341394
vt 0.825647 0.344994
vt 0.826815 0.344994
vt 0.826815 0.348593
vt 0.825647 0.348593
vt 0.825647 0.352193
vt 0.826815 0.352193
vt 0.458130 0.006442
vt 0.459298 0.006442
vt 0.825647 0.355793
vt 0.826815 0.355793
vt 0.825647 0.358746
vt 0.826815 0.358746
vt 0.393637 0.004039
vt 0.393637 0.005450
vt 0.410950 0.004748
vt 0.410942 0.004039
vt 0.445196 0.311432
vt 0.014574 0.911068
vt 0.013679 0.911534
vt 0.015037 0.915201
vt 0.015037 0.912617
vt 0.014127 0.912777
vt 0.014095 0.915026
vt 0.001975 0.912553
vt 0.001956 0.915133
vt 0.002865 0.914983
vt 0.002908 0.912731
vt 0.406128 0.005450
vt 0.124501 0.915612
vt 0.123834 0.911159
vt 0.118791 0.911158
vt 0.126477 0.919893
vt 0.476997 0.312331
vt 0.477000 0.315768
vt 0.478289 0.315768
vt 0.478289 0.312329
vt 0.126495 0.821648
vt 0.119959 0.824504
vt 0.241787 0.749520
vt 0.241580 0.751248
vt 0.243300 0.751454
vt 0.243300 0.749131
vt 0.673402 0.152343
vt 0.671948 0.144336
vt 0.668544 0.144822
vt 0.668280 0.151179
vt 0.673402 0.157899
vt 0.668027 0.158308
vt 0.114778 0.830309
vt 0.118132 0.830300
vt 0.500512 0.461845
vt 0.498783 0.461845
vt 0.003588 0.064068
vt 0.002035 0.064211
vt 0.352098 0.871881
vt 0.352098 0.866325
vt 0.350169 0.866325
vt 0.350169 0.871881
vt 0.351840 0.858196
vt 0.350548 0.858195
vt 0.389134 0.004039
vt 0.384419 0.005450
vt 0.389134 0.005450
vt 0.862943 0.612138
vt 0.861768 0.608363
vt 0.858247 0.612568
vt 0.858263 0.609181
vt 0.845243 0.605874
vt 0.844255 0.607593
vt 0.846918 0.609140
vt 0.847744 0.607444
vt 0.826815 0.334194
vt 0.825647 0.334194
vt 0.826815 0.330595
vt 0.825647 0.330595
vt 0.826815 0.326995
vt 0.826815 0.323395
vt 0.825647 0.323395
vt 0.825647 0.326995
vt 0.070129 0.004919
vt 0.070129 0.006893
vt 0.071297 0.006901
vt 0.071297 0.004919
vt 0.826815 0.319795
vt 0.825647 0.319795
vt 0.826815 0.316842
vt 0.825647 0.316842
vt 0.124501 0.906706
vt 0.119213 0.906856
vt 0.376333 0.004039
vt 0.376324 0.004748
vt 0.017580 0.633613
vt 0.016878 0.633613
vt 0.016878 0.636923
vt 0.017580 0.636923
vt 0.067100 0.207142
vt 0.067100 0.205730
vt 0.062385 0.205730
vt 0.857527 0.621518
vt 0.853671 0.622389
vt 0.854023 0.625971
vt 0.858194 0.625971
vt 0.855551 0.617236
vt 0.852626 0.618944
vt 0.843252 0.609322
vt 0.845863 0.610703
vt 0.114327 0.249991
vt 0.114327 0.248824
vt 0.110727 0.248824
vt 0.110727 0.249991
vt 0.107127 0.248824
vt 0.107127 0.249991
vt 0.103527 0.249991
vt 0.103527 0.248824
vt 0.099928 0.248824
vt 0.099928 0.249991
vt 0.070129 0.008900
vt 0.071297 0.008900
vt 0.096328 0.248824
vt 0.096328 0.249991
vt 0.093375 0.248824
vt 0.093375 0.249991
vt 0.071603 0.207142
vt 0.071603 0.205730
vt 0.054290 0.206432
vt 0.054299 0.207142
vt 0.381146 0.005450
vt 0.059112 0.205730
vt 0.159281 0.895316
vt 0.158614 0.890863
vt 0.153571 0.890863
vt 0.161257 0.899598
vt 0.275048 0.616892
vt 0.275044 0.613455
vt 0.273754 0.613455
vt 0.273755 0.616894
vt 0.126477 0.902424
vt 0.119941 0.905279
vt 0.250924 0.974963
vt 0.250717 0.976691
vt 0.252437 0.976896
vt 0.252437 0.974574
vt 0.384947 0.789491
vt 0.383493 0.781483
vt 0.380089 0.781969
vt 0.379824 0.788326
vt 0.384947 0.795046
vt 0.379572 0.795456
vt 0.114759 0.911085
vt 0.118114 0.911076
vt 0.230456 0.385020
vt 0.228728 0.385020
vt 0.134101 0.906379
vt 0.132548 0.906522
vt 0.498784 0.838446
vt 0.498784 0.844002
vt 0.500713 0.844002
vt 0.500713 0.838446
vt 0.499042 0.852131
vt 0.500335 0.852131
vt 0.076106 0.207142
vt 0.080821 0.205730
vt 0.076106 0.205730
vt 0.857527 0.630424
vt 0.853671 0.629554
vt 0.855551 0.634706
vt 0.852626 0.632998
vt 0.843252 0.642621
vt 0.844247 0.644335
vt 0.846918 0.642803
vt 0.845863 0.641239
vt 0.117926 0.249991
vt 0.117926 0.248824
vt 0.121526 0.249991
vt 0.121526 0.248824
vt 0.125126 0.249991
vt 0.128726 0.249991
vt 0.128726 0.248824
vt 0.125126 0.248824
vt 0.407803 0.277546
vt 0.407803 0.275573
vt 0.406636 0.275564
vt 0.406636 0.277546
vt 0.132325 0.249991
vt 0.132325 0.248824
vt 0.135279 0.249991
vt 0.135279 0.248824
vt 0.159281 0.886410
vt 0.153993 0.886561
vt 0.088899 0.207142
vt 0.088916 0.206432
vt 0.167356 0.583947
vt 0.168058 0.583947
vt 0.168058 0.580638
vt 0.167356 0.580638
vt 0.742841 0.964930
vt 0.744253 0.964930
vt 0.744253 0.960214
vt 0.862942 0.639804
vt 0.861768 0.643579
vt 0.858247 0.639374
vt 0.858263 0.642762
vt 0.845243 0.646068
vt 0.847744 0.644498
vt 0.345482 0.004853
vt 0.345482 0.006020
vt 0.341882 0.004853
vt 0.341882 0.006020
vt 0.338283 0.006020
vt 0.338283 0.004853
vt 0.334683 0.004853
vt 0.334683 0.006020
vt 0.407803 0.273565
vt 0.406636 0.273565
vt 0.331083 0.004853
vt 0.331083 0.006020
vt 0.328130 0.004853
vt 0.328130 0.006020
vt 0.743551 0.952120
vt 0.742841 0.952137
vt 0.084094 0.205730
vt 0.744253 0.956942
vt 0.159408 0.854986
vt 0.161384 0.859268
vt 0.595956 0.780520
vt 0.595953 0.777083
vt 0.594664 0.777083
vt 0.594664 0.780521
vt 0.161257 0.882129
vt 0.154721 0.884984
vt 0.047662 0.616740
vt 0.047662 0.614999
vt 0.045930 0.614999
vt 0.046206 0.617306
vt 0.267433 0.962984
vt 0.265979 0.954976
vt 0.262575 0.955463
vt 0.262310 0.961820
vt 0.267433 0.968539
vt 0.262058 0.968949
vt 0.149537 0.890788
vt 0.152894 0.890780
vt 0.168615 0.248114
vt 0.168615 0.249842
vt 0.134140 0.825559
vt 0.132586 0.825702
vt 0.533419 0.984361
vt 0.533419 0.989916
vt 0.535348 0.989916
vt 0.535348 0.984361
vt 0.533677 0.998046
vt 0.534969 0.998046
vt 0.108173 0.941755
vt 0.107218 0.944061
vt 0.109447 0.945447
vt 0.110763 0.942270
vt 0.106188 0.935909
vt 0.107708 0.937890
vt 0.110023 0.936652
vt 0.107929 0.933924
vt 0.101630 0.946721
vt 0.100208 0.946440
vt 0.099285 0.948897
vt 0.101545 0.949343
vt 0.098050 0.945194
vt 0.096532 0.943213
vt 0.094218 0.944451
vt 0.096309 0.947178
vt 0.106264 0.945149
vt 0.107929 0.947178
vt 0.104105 0.946396
vt 0.104953 0.948896
vt 0.108173 0.939260
vt 0.110763 0.938832
vt 0.102607 0.934382
vt 0.104029 0.934663
vt 0.104952 0.932206
vt 0.102692 0.931759
vt 0.097020 0.937043
vt 0.097974 0.935953
vt 0.096308 0.933925
vt 0.094791 0.935659
vt 0.100133 0.934706
vt 0.099285 0.932206
vt 0.096064 0.941841
vt 0.093475 0.942270
vt 0.096064 0.939349
vt 0.093475 0.938833
s 1
usemtl M_WP_Revolver
f 7101/7058/4387 7102/7059/4388 7103/7060/4389
s 0
f 7104/7061/4390 7105/7062/4390 7106/7063/4390
s 1
f 7107/7064/4391 7108/7065/4392 7109/7066/4393
s 0
f 7106/7063/4390 7105/7062/4390 7110/7067/4390
s 1
f 7111/7068/4394 7112/7069/4395 7113/7070/4396
s 0
f 7114/7071/4390 7115/7072/4390 7105/7062/4390
s 1
f 7116/7073/4397 7117/7074/4398 7118/7075/4399
s 0
f 7115/7072/4390 7119/7076/4390 7105/7062/4390
f 7120/7077/4390 7121/7078/4390 7122/7079/4390
f 7123/7080/4390 7124/7081/4390 7125/7082/4390
s 1
f 7126/7083/4400 7127/7084/4401 7128/7085/4402
s 0
f 7129/7086/4403 7130/7087/4403 7131/7088/4403
s 1
f 7132/7089/4404 7133/7090/4404 7134/7091/4404
f 7135/7092/4405 7136/7093/4406 7137/7094/4407
f 7138/7095/4408 7139/7096/4409 7140/7097/4410
f 7141/7098/4411 7142/7099/4412 7143/7100/4413
s 0
f 7144/7101/4390 7145/7102/4390 7146/7103/4390
s 1
f 7147/7104/4414 7148/7105/4415 7149/7106/4416
s 0
f 7146/7103/4390 7145/7102/4390 7150/7107/4390
s 1
f 7151/7108/4417 7152/7109/4418 7153/7110/4419
s 0
f 7154/7111/4390 7155/7112/4390 7145/7102/4390
s 1
f 7156/7113/4420 7157/7114/4421 7158/7115/4422
s 0
f 7155/7112/4390 7159/7116/4390 7145/7102/4390
f 7160/7117/4390 7161/7118/4390 7162/7119/4390
f 7163/7120/4390 7164/7121/4390 7165/7122/4390
s 1
f 7166/7123/4423 7167/7124/4424 7168/7125/4425
s 0
f 7169/7126/4426 7170/7127/4426 7171/7128/4426
f 7172/7129/4427 7173/7130/4427 7174/7131/4427
s 1
f 7175/7132/4428 7176/7133/4429 7177/7134/4430
f 7178/7135/4431 7179/7136/4432 7180/7137/4433
f 7181/7138/4434 7182/7139/4435 7183/7140/4436
s 0
f 7184/7141/4390 7185/7142/4390 7186/7143/4390
s 1
f 7187/7144/4437 7188/7145/4438 7189/7146/4439
s 0
f 7186/7143/4390 7185/7142/4390 7190/7147/4390
s 1
f 7191/7148/4440 7192/7149/4441 7193/7150/4442
s 0
f 7194/7151/4390 7195/7152/4390 7185/7142/4390
s 1
f 7196/7153/4443 7197/7154/4444 7198/7155/4445
s 0
f 7195/7152/4390 7199/7156/4390 7185/7142/4390
f 7200/7157/4390 7201/7158/4390 7202/7159/4390
f 7203/7160/4390 7204/7161/4390 7205/7162/4390
s 1
f 7206/7163/4446 7207/7164/4447 7208/7165/4448
s 0
f 7209/7166/4449 7210/7167/4449 7211/7168/4449
f 7212/7169/4450 7213/7170/4450 7214/7171/4450
s 1
f 7215/7172/4451 7216/7173/4452 7217/7174/4453
f 7218/7175/4454 7219/7176/4455 7220/7177/4456
f 7221/7178/4457 7222/7179/4458 7223/7180/4459
s 0
f 7224/7181/4390 7225/7182/4390 7226/7183/4390
s 1
f 7227/7184/4460 7228/7185/4461 7229/7186/4462
s 0
f 7226/7183/4390 7225/7182/4390 7230/7187/4390
s 1
f 7231/7188/4463 7232/7189/4464 7233/7190/4465
s 0
f 7234/7191/4390 7235/7192/4390 7225/7182/4390
s 1
f 7236/7193/4466 7237/7194/4467 7238/7195/4468
s 0
f 7235/7192/4390 7239/7196/4390 7225/7182/4390
f 7240/7197/4390 7241/7198/4390 7242/7199/4390
f 7243/7200/4390 7244/7201/4390 7245/7202/4390
s 1
f 7246/7203/4469 7247/7204/4470 7248/7205/4471
s 0
f 7249/7206/4472 7250/7207/4472 7251/7208/4472
f 7252/7209/4473 7253/7210/4473 7254/7211/4473
s 1
f 7255/7212/4474 7256/7213/4475 7257/7214/4476
f 7258/7215/4477 7259/7216/4478 7260/7217/4479
f 7261/7218/4480 7262/7219/4481 7263/7220/4482
s 0
f 7264/7221/4390 7265/7222/4390 7266/7223/4390
s 1
f 7267/7224/4483 7268/7225/4484 7269/7226/4485
s 0
f 7266/7223/4390 7265/7222/4390 7270/7227/4390
s 1
f 7271/7228/4486 7272/7229/4487 7273/7230/4488
s 0
f 7274/7231/4390 7275/7232/4390 7265/7222/4390
s 1
f 7276/7233/4489 7277/7234/4490 7278/7235/4491
s 0
f 7275/7232/4390 7279/7236/4390 7265/7222/4390
f 7280/7237/4390 7281/7238/4390 7282/7239/4390
f 7283/7240/4390 7284/7241/4390 7285/7242/4390
s 1
f 7286/7243/4492 7287/7244/4493 7288/7245/4494
s 0
f 7289/7246/4495 7290/7247/4495 7291/7248/4495
f 7292/7249/4496 7293/7250/4496 7294/7251/4496
s 1
f 7295/7252/4497 7296/7253/4498 7297/7254/4499
f 7298/7255/4500 7299/7256/4501 7300/7257/4502
f 7301/7258/4503 7302/7259/4504 7303/7260/4505
s 0
f 7304/7261/4390 7305/7262/4390 7306/7263/4390
s 1
f 7307/7264/4506 7308/7265/4507 7309/7266/4508
s 0
f 7306/7263/4390 7305/7262/4390 7310/7267/4390
s 1
f 7311/7268/4509 7312/7269/4510 7313/7270/4511
s 0
f 7314/7271/4390 7315/7272/4390 7305/7262/4390
s 1
f 7316/7273/4512 7317/7274/4513 7318/7275/4514
s 0
f 7315/7272/4390 7319/7276/4390 7305/7262/4390
f 7320/7277/4390 7321/7278/4390 7322/7279/4390
f 7323/7280/4390 7324/7281/4390 7325/7282/4390
s 1
f 7326/7283/4515 7327/7284/4516 7328/7285/4517
s 0
f 7329/7286/4518 7330/7287/4518 7331/7288/4518
f 7332/7289/4519 7333/7290/4519 7334/7291/4519
s 1
f 7335/7292/4520 7336/7293/4521 7337/7294/4522
f 7338/7295/4523 7339/7296/4524 7340/7297/4525
f 7341/7298/4390 7342/7299/4526 7343/7300/4527
f 7341/7298/4390 7344/7301/4528 7345/7302/4529
f 7341/7298/4390 7345/7302/4529 7342/7299/4526
f 7341/7298/4390 7346/7303/4530 7347/7304/4531
f 7341/7298/4390 7343/7300/4527 7348/7305/4532
f 7341/7298/4390 7348/7305/4532 7346/7303/4530
f 7341/7298/4390 7349/7306/4533 7350/7307/4534
f 7341/7298/4390 7347/7304/4531 7351/7308/4535
f 7341/7298/4390 7351/7308/4535 7349/7306/4533
f 7341/7298/4390 7352/7309/4536 7353/7310/4537
f 7341/7298/4390 7350/7307/4534 7354/7311/4538
f 7341/7298/4390 7354/7311/4538 7352/7309/4536
f 7341/7298/4390 7355/7312/4539 7356/7313/4540
f 7341/7298/4390 7353/7310/4537 7357/7314/4541
f 7341/7298/4390 7357/7314/4541 7355/7312/4539
f 7341/7298/4390 7358/7315/4542 7344/7301/4528
f 7341/7298/4390 7356/7313/4540 7359/7316/4543
f 7341/7298/4390 7359/7316/4543 7358/7315/4542
f 7360/7317/4544 7101/7058/4387 7361/7318/4545
f 7360/7317/4544 7361/7318/4545 7362/7319/4544
s 0
f 7363/7320/4390 7364/7321/4390 7365/7322/4390
f 7363/7320/4390 7365/7322/4390 7366/7323/4390
f 7367/7324/4390 7363/7320/4390 7366/7323/4390
f 7367/7324/4390 7366/7323/4390 7368/7325/4390
f 7110/7067/4390 7367/7324/4390 7368/7325/4390
f 7110/7067/4390 7368/7325/4390 7106/7063/4390
f 7369/7326/4390 7370/7327/4390 7371/7328/4390
f 7369/7326/4390 7371/7328/4390 7372/7329/4390
f 7372/7329/4390 7371/7328/4390 7105/7062/4390
f 7372/7329/4390 7105/7062/4390 7104/7061/4390
s 1
f 7373/7330/4546 7374/7331/4547 7375/7332/4547
f 7373/7330/4546 7375/7332/4547 7376/7333/4546
f 7374/7331/4547 7377/7334/4548 7378/7335/4548
f 7374/7331/4547 7378/7335/4548 7375/7332/4547
f 7379/7336/4549 7380/7337/4550 7381/7338/4551
f 7379/7336/4549 7381/7338/4551 7382/7339/4552
f 7383/7340/4553 7384/7341/4554 7385/7342/4554
f 7383/7340/4553 7385/7342/4554 7386/7343/4553
f 7377/7334/4548 7379/7336/4549 7382/7339/4552
f 7377/7334/4548 7382/7339/4552 7378/7335/4548
f 7380/7337/4550 7387/7344/4555 7388/7345/4555
f 7380/7337/4550 7388/7345/4555 7381/7338/4551
f 7387/7344/4555 7389/7346/4556 7390/7347/4556
f 7387/7344/4555 7390/7347/4556 7388/7345/4555
f 7391/7348/4557 7392/7349/4558 7393/7350/4559
f 7391/7348/4557 7393/7350/4559 7394/7351/4560
f 7395/7352/4546 7360/7317/4544 7362/7319/4544
f 7395/7352/4546 7362/7319/4544 7396/7353/4546
f 7102/7059/4388 7397/7354/4561 7398/7355/4562
f 7102/7059/4388 7398/7355/4562 7103/7060/4389
s 0
f 7399/7356/4563 7400/7357/4563 7401/7358/4563
f 7399/7356/4563 7401/7358/4563 7402/7359/4563
s 1
f 7403/7360/4564 7404/7361/4564 7405/7362/4395
f 7403/7360/4564 7405/7362/4395 7112/7069/4395
s 0
f 7406/7363/4390 7407/7364/4390 7408/7365/4390
f 7406/7363/4390 7408/7365/4390 7409/7366/4390
f 7410/7367/4390 7411/7368/4390 7407/7364/4390
f 7410/7367/4390 7407/7364/4390 7406/7363/4390
f 7119/7076/4390 7115/7072/4390 7411/7368/4390
f 7119/7076/4390 7411/7368/4390 7410/7367/4390
f 7412/7369/4390 7413/7370/4390 7371/7328/4390
f 7412/7369/4390 7371/7328/4390 7370/7327/4390
f 7413/7370/4390 7114/7071/4390 7105/7062/4390
f 7413/7370/4390 7105/7062/4390 7371/7328/4390
s 1
f 7414/7371/4565 7415/7372/4565 7416/7373/4566
f 7414/7371/4565 7416/7373/4566 7417/7374/4566
f 7417/7374/4566 7416/7373/4566 7418/7375/4567
f 7417/7374/4566 7418/7375/4567 7419/7376/4567
f 7420/7377/4568 7421/7378/4568 7422/7379/4569
f 7420/7377/4568 7422/7379/4569 7423/7380/4569
f 7424/7381/4570 7425/7382/4571 7385/7342/4554
f 7424/7381/4570 7385/7342/4554 7384/7341/4554
f 7419/7376/4567 7418/7375/4567 7421/7378/4568
f 7419/7376/4567 7421/7378/4568 7420/7377/4568
f 7423/7380/4569 7422/7379/4569 7426/7383/4572
f 7423/7380/4569 7426/7383/4572 7427/7384/4572
f 7427/7384/4572 7426/7383/4572 7428/7385/4573
f 7427/7384/4572 7428/7385/4573 7429/7386/4573
f 7430/7387/4565 7431/7388/4565 7404/7361/4564
f 7430/7387/4565 7404/7361/4564 7403/7360/4564
f 7111/7068/4394 7113/7070/4396 7432/7389/4574
f 7111/7068/4394 7432/7389/4574 7433/7390/4575
f 7103/7060/4389 7434/7391/4406 7361/7318/4545
f 7103/7060/4389 7361/7318/4545 7101/7058/4387
f 7435/7392/4576 7436/7393/4577 7437/7394/4578
f 7435/7392/4576 7437/7394/4578 7438/7395/4579
f 7439/7396/4580 7440/7397/4409 7441/7398/4581
f 7439/7396/4580 7441/7398/4581 7442/7399/4582
f 7443/7400/4583 7444/7401/4584 7445/7402/4585
f 7443/7400/4583 7445/7402/4585 7446/7403/4586
f 7405/7362/4395 7447/7404/4587 7113/7070/4396
f 7405/7362/4395 7113/7070/4396 7112/7069/4395
f 7448/7405/4588 7449/7406/4589 7450/7407/4590
f 7448/7405/4588 7450/7407/4590 7117/7074/4398
f 7451/7408/4591 7448/7405/4588 7117/7074/4398
f 7451/7408/4591 7117/7074/4398 7116/7073/4397
f 7452/7409/4592 7453/7410/4593 7454/7411/4594
f 7452/7409/4592 7454/7411/4594 7455/7412/4595
f 7393/7350/4559 7456/7413/4596 7457/7414/4596
f 7393/7350/4559 7457/7414/4596 7394/7351/4560
f 7458/7415/4597 7459/7416/4598 7460/7417/4597
f 7458/7415/4597 7460/7417/4597 7461/7418/4599
f 7462/7419/4600 7463/7420/4601 7464/7421/4602
f 7462/7419/4600 7464/7421/4602 7465/7422/4603
f 7466/7423/4604 7462/7419/4600 7465/7422/4603
f 7466/7423/4604 7465/7422/4603 7467/7424/4605
f 7468/7425/4606 7469/7426/4607 7126/7083/4400
f 7468/7425/4606 7126/7083/4400 7128/7085/4402
f 7470/7427/4608 7135/7092/4405 7137/7094/4407
f 7470/7427/4608 7137/7094/4407 7471/7428/4608
f 7453/7410/4593 7339/7296/4524 7338/7295/4523
f 7453/7410/4593 7338/7295/4523 7454/7411/4594
f 7308/7265/4507 7472/7429/4609 7473/7430/4610
f 7308/7265/4507 7473/7430/4610 7309/7266/4508
f 7474/7431/4611 7475/7432/4612 7476/7433/4613
f 7474/7431/4611 7476/7433/4613 7477/7434/4611
f 7478/7435/4614 7479/7436/4615 7476/7433/4613
f 7478/7435/4614 7476/7433/4613 7475/7432/4612
f 7469/7426/4607 7468/7425/4606 7318/7275/4514
f 7469/7426/4607 7318/7275/4514 7317/7274/4513
f 7480/7437/4616 7141/7098/4411 7481/7438/4617
f 7480/7437/4616 7481/7438/4617 7482/7439/4616
s 0
f 7483/7440/4390 7409/7366/4390 7408/7365/4390
f 7483/7440/4390 7408/7365/4390 7484/7441/4390
f 7485/7442/4390 7483/7440/4390 7484/7441/4390
f 7485/7442/4390 7484/7441/4390 7486/7443/4390
f 7150/7107/4390 7485/7442/4390 7486/7443/4390
f 7150/7107/4390 7486/7443/4390 7146/7103/4390
f 7487/7444/4390 7488/7445/4390 7489/7446/4390
f 7487/7444/4390 7489/7446/4390 7490/7447/4390
f 7490/7447/4390 7489/7446/4390 7145/7102/4390
f 7490/7447/4390 7145/7102/4390 7144/7101/4390
s 1
f 7414/7371/4565 7491/7448/4618 7492/7449/4618
f 7414/7371/4565 7492/7449/4618 7415/7372/4565
f 7491/7448/4618 7493/7450/4619 7494/7451/4620
f 7491/7448/4618 7494/7451/4620 7492/7449/4618
f 7495/7452/4621 7496/7453/4622 7497/7454/4622
f 7495/7452/4621 7497/7454/4622 7498/7455/4621
f 7499/7456/4623 7500/7457/4624 7501/7458/4625
f 7499/7456/4623 7501/7458/4625 7502/7459/4626
f 7493/7450/4619 7495/7452/4621 7498/7455/4621
f 7493/7450/4619 7498/7455/4621 7494/7451/4620
f 7496/7453/4622 7503/7460/4627 7504/7461/4627
f 7496/7453/4622 7504/7461/4627 7497/7454/4622
f 7503/7460/4627 7505/7462/4628 7506/7463/4628
f 7503/7460/4627 7506/7463/4628 7504/7461/4627
f 7450/7407/4590 7449/7406/4589 7507/7464/4629
f 7450/7407/4590 7507/7464/4629 7508/7465/4630
f 7430/7387/4565 7480/7437/4616 7482/7439/4616
f 7430/7387/4565 7482/7439/4616 7431/7388/4565
f 7142/7099/4412 7509/7466/4631 7510/7467/4631
f 7142/7099/4412 7510/7467/4631 7143/7100/4413
s 0
f 7511/7468/4632 7512/7469/4632 7513/7470/4632
f 7511/7468/4632 7513/7470/4632 7514/7471/4632
s 1
f 7515/7472/4633 7516/7473/4633 7517/7474/4418
f 7515/7472/4633 7517/7474/4418 7152/7109/4418
s 0
f 7518/7475/4390 7519/7476/4390 7520/7477/4390
f 7518/7475/4390 7520/7477/4390 7521/7478/4390
f 7522/7479/4390 7523/7480/4390 7519/7476/4390
f 7522/7479/4390 7519/7476/4390 7518/7475/4390
f 7159/7116/4390 7155/7112/4390 7523/7480/4390
f 7159/7116/4390 7523/7480/4390 7522/7479/4390
f 7524/7481/4390 7525/7482/4390 7489/7446/4390
f 7524/7481/4390 7489/7446/4390 7488/7445/4390
f 7525/7482/4390 7154/7111/4390 7145/7102/4390
f 7525/7482/4390 7145/7102/4390 7489/7446/4390
s 1
f 7526/7483/4634 7527/7484/4634 7528/7485/4635
f 7526/7483/4634 7528/7485/4635 7529/7486/4635
f 7529/7486/4635 7528/7485/4635 7530/7487/4636
f 7529/7486/4635 7530/7487/4636 7531/7488/4636
f 7532/7489/4637 7533/7490/4637 7534/7491/4638
f 7532/7489/4637 7534/7491/4638 7535/7492/4638
f 7536/7493/4639 7537/7494/4640 7501/7458/4625
f 7536/7493/4639 7501/7458/4625 7500/7457/4624
f 7531/7488/4636 7530/7487/4636 7533/7490/4637
f 7531/7488/4636 7533/7490/4637 7532/7489/4637
f 7535/7492/4638 7534/7491/4638 7538/7495/4641
f 7535/7492/4638 7538/7495/4641 7539/7496/4641
f 7539/7496/4641 7538/7495/4641 7540/7497/4642
f 7539/7496/4641 7540/7497/4642 7541/7498/4642
f 7542/7499/4634 7543/7500/4634 7516/7473/4633
f 7542/7499/4634 7516/7473/4633 7515/7472/4633
f 7151/7108/4417 7153/7110/4419 7544/7501/4643
f 7151/7108/4417 7544/7501/4643 7545/7502/4643
f 7143/7100/4413 7546/7503/4429 7481/7438/4617
f 7143/7100/4413 7481/7438/4617 7141/7098/4411
f 7547/7504/4644 7548/7505/4645 7549/7506/4646
f 7547/7504/4644 7549/7506/4646 7550/7507/4647
f 7551/7508/4636 7552/7509/4648 7553/7510/4649
f 7551/7508/4636 7553/7510/4649 7554/7511/4650
f 7555/7512/4651 7443/7400/4583 7446/7403/4586
f 7555/7512/4651 7446/7403/4586 7556/7513/4652
f 7517/7474/4418 7557/7514/4653 7153/7110/4419
f 7517/7474/4418 7153/7110/4419 7152/7109/4418
f 7558/7515/4654 7559/7516/4655 7560/7517/4656
f 7558/7515/4654 7560/7517/4656 7157/7114/4421
f 7561/7518/4657 7558/7515/4654 7157/7114/4421
f 7561/7518/4657 7157/7114/4421 7156/7113/4420
f 7562/7519/4658 7563/7520/4659 7564/7521/4660
f 7562/7519/4658 7564/7521/4660 7565/7522/4661
f 7507/7464/4629 7566/7523/4662 7567/7524/4662
f 7507/7464/4629 7567/7524/4662 7508/7465/4630
f 7568/7525/4663 7569/7526/4664 7570/7527/4663
f 7568/7525/4663 7570/7527/4663 7571/7528/4665
f 7572/7529/4666 7573/7530/4667 7574/7531/4668
f 7572/7529/4666 7574/7531/4668 7575/7532/4669
f 7576/7533/4670 7572/7529/4666 7575/7532/4669
f 7576/7533/4670 7575/7532/4669 7577/7534/4671
f 7578/7535/4672 7579/7536/4673 7166/7123/4423
f 7578/7535/4672 7166/7123/4423 7168/7125/4425
f 7580/7537/4674 7175/7132/4428 7177/7134/4430
f 7580/7537/4674 7177/7134/4430 7581/7538/4674
f 7563/7520/4659 7139/7096/4409 7138/7095/4408
f 7563/7520/4659 7138/7095/4408 7564/7521/4660
f 7108/7065/4392 7582/7539/4675 7583/7540/4675
f 7108/7065/4392 7583/7540/4675 7109/7066/4393
f 7584/7541/4676 7585/7542/4677 7586/7543/4678
f 7584/7541/4676 7586/7543/4678 7587/7544/4676
f 7588/7545/4679 7589/7546/4680 7586/7543/4678
f 7588/7545/4679 7586/7543/4678 7585/7542/4677
f 7579/7536/4673 7578/7535/4672 7118/7075/4399
f 7579/7536/4673 7118/7075/4399 7117/7074/4398
f 7590/7547/4681 7181/7138/4434 7591/7548/4682
f 7590/7547/4681 7591/7548/4682 7592/7549/4681
s 0
f 7593/7550/4390 7521/7478/4390 7520/7477/4390
f 7593/7550/4390 7520/7477/4390 7594/7551/4390
f 7595/7552/4390 7593/7550/4390 7594/7551/4390
f 7595/7552/4390 7594/7551/4390 7596/7553/4390
f 7190/7147/4390 7595/7552/4390 7596/7553/4390
f 7190/7147/4390 7596/7553/4390 7186/7143/4390
f 7597/7554/4390 7598/7555/4390 7599/7556/4390
f 7597/7554/4390 7599/7556/4390 7600/7557/4390
f 7600/7557/4390 7599/7556/4390 7185/7142/4390
f 7600/7557/4390 7185/7142/4390 7184/7141/4390
s 1
f 7526/7483/4634 7601/7558/4683 7602/7559/4683
f 7526/7483/4634 7602/7559/4683 7527/7484/4634
f 7601/7558/4683 7603/7560/4684 7604/7561/4684
f 7601/7558/4683 7604/7561/4684 7602/7559/4683
f 7605/7562/4685 7606/7563/4686 7607/7564/4686
f 7605/7562/4685 7607/7564/4686 7608/7565/4685
f 7609/7566/4687 7610/7567/4687 7611/7568/4687
f 7609/7566/4687 7611/7568/4687 7612/7569/4688
f 7603/7560/4684 7605/7562/4685 7608/7565/4685
f 7603/7560/4684 7608/7565/4685 7604/7561/4684
f 7606/7563/4686 7613/7570/4689 7614/7571/4689
f 7606/7563/4686 7614/7571/4689 7607/7564/4686
f 7613/7570/4689 7615/7572/4690 7616/7573/4690
f 7613/7570/4689 7616/7573/4690 7614/7571/4689
f 7560/7517/4656 7559/7516/4655 7617/7574/4691
f 7560/7517/4656 7617/7574/4691 7618/7575/4692
f 7542/7499/4634 7590/7547/4681 7592/7549/4681
f 7542/7499/4634 7592/7549/4681 7543/7500/4634
f 7182/7139/4435 7619/7576/4693 7620/7577/4694
f 7182/7139/4435 7620/7577/4694 7183/7140/4436
s 0
f 7621/7578/4695 7622/7579/4695 7623/7580/4695
f 7621/7578/4695 7623/7580/4695 7624/7581/4695
s 1
f 7625/7582/4696 7626/7583/4696 7627/7584/4441
f 7625/7582/4696 7627/7584/4441 7192/7149/4441
s 0
f 7628/7585/4390 7629/7586/4390 7630/7587/4390
f 7628/7585/4390 7630/7587/4390 7631/7588/4390
f 7632/7589/4390 7633/7590/4390 7629/7586/4390
f 7632/7589/4390 7629/7586/4390 7628/7585/4390
f 7199/7156/4390 7195/7152/4390 7633/7590/4390
f 7199/7156/4390 7633/7590/4390 7632/7589/4390
f 7634/7591/4390 7635/7592/4390 7599/7556/4390
f 7634/7591/4390 7599/7556/4390 7598/7555/4390
f 7635/7592/4390 7194/7151/4390 7185/7142/4390
f 7635/7592/4390 7185/7142/4390 7599/7556/4390
s 1
f 7636/7593/4697 7637/7594/4697 7638/7595/4698
f 7636/7593/4697 7638/7595/4698 7639/7596/4698
f 7639/7596/4698 7638/7595/4698 7640/7597/4699
f 7639/7596/4698 7640/7597/4699 7641/7598/4699
f 7642/7599/4700 7643/7600/4700 7644/7601/4701
f 7642/7599/4700 7644/7601/4701 7645/7602/4702
f 7646/7603/4703 7647/7604/4704 7611/7568/4687
f 7646/7603/4703 7611/7568/4687 7610/7567/4687
f 7641/7598/4699 7640/7597/4699 7643/7600/4700
f 7641/7598/4699 7643/7600/4700 7642/7599/4700
f 7645/7602/4702 7644/7601/4701 7648/7605/4705
f 7645/7602/4702 7648/7605/4705 7649/7606/4705
f 7649/7606/4705 7648/7605/4705 7650/7607/4706
f 7649/7606/4705 7650/7607/4706 7651/7608/4706
f 7652/7609/4697 7653/7610/4697 7626/7583/4696
f 7652/7609/4697 7626/7583/4696 7625/7582/4696
f 7191/7148/4440 7193/7150/4442 7654/7611/4707
f 7191/7148/4440 7654/7611/4707 7655/7612/4708
f 7183/7140/4436 7656/7613/4452 7591/7548/4682
f 7183/7140/4436 7591/7548/4682 7181/7138/4434
f 7657/7614/4709 7658/7615/4699 7659/7616/4710
f 7657/7614/4709 7659/7616/4710 7660/7617/4711
f 7552/7509/4648 7657/7614/4709 7660/7617/4711
f 7552/7509/4648 7660/7617/4711 7553/7510/4649
f 7444/7401/4584 7435/7392/4576 7438/7395/4579
f 7444/7401/4584 7438/7395/4579 7445/7402/4585
f 7627/7584/4441 7661/7618/4712 7193/7150/4442
f 7627/7584/4441 7193/7150/4442 7192/7149/4441
f 7662/7619/4713 7663/7620/4714 7664/7621/4715
f 7662/7619/4713 7664/7621/4715 7197/7154/4444
f 7665/7622/4716 7662/7619/4713 7197/7154/4444
f 7665/7622/4716 7197/7154/4444 7196/7153/4443
f 7666/7623/4717 7667/7624/4718 7668/7625/4719
f 7666/7623/4717 7668/7625/4719 7669/7626/4720
f 7617/7574/4691 7670/7627/4721 7671/7628/4721
f 7617/7574/4691 7671/7628/4721 7618/7575/4692
f 7672/7629/4722 7673/7630/4723 7674/7631/4722
f 7672/7629/4722 7674/7631/4722 7675/7632/4724
f 7676/7633/4725 7677/7634/4726 7678/7635/4727
f 7676/7633/4725 7678/7635/4727 7679/7636/4728
f 7680/7637/4729 7676/7633/4725 7679/7636/4728
f 7680/7637/4729 7679/7636/4728 7681/7638/4730
f 7682/7639/4731 7683/7640/4732 7206/7163/4446
f 7682/7639/4731 7206/7163/4446 7208/7165/4448
f 7684/7641/4733 7215/7172/4451 7217/7174/4453
f 7684/7641/4733 7217/7174/4453 7685/7642/4733
f 7667/7624/4718 7179/7136/4432 7178/7135/4431
f 7667/7624/4718 7178/7135/4431 7668/7625/4719
f 7148/7105/4415 7686/7643/4734 7687/7644/4735
f 7148/7105/4415 7687/7644/4735 7149/7106/4416
f 7688/7645/4736 7689/7646/4737 7690/7647/4738
f 7688/7645/4736 7690/7647/4738 7691/7648/4736
f 7692/7649/4739 7693/7650/4740 7690/7647/4738
f 7692/7649/4739 7690/7647/4738 7689/7646/4737
f 7683/7640/4732 7682/7639/4731 7158/7115/4422
f 7683/7640/4732 7158/7115/4422 7157/7114/4421
f 7694/7651/4741 7221/7178/4457 7695/7652/4742
f 7694/7651/4741 7695/7652/4742 7696/7653/4741
s 0
f 7697/7654/4390 7631/7588/4390 7630/7587/4390
f 7697/7654/4390 7630/7587/4390 7698/7655/4390
f 7699/7656/4390 7697/7654/4390 7698/7655/4390
f 7699/7656/4390 7698/7655/4390 7700/7657/4390
f 7230/7187/4390 7699/7656/4390 7700/7657/4390
f 7230/7187/4390 7700/7657/4390 7226/7183/4390
f 7701/7658/4390 7702/7659/4390 7703/7660/4390
f 7701/7658/4390 7703/7660/4390 7704/7661/4390
f 7704/7661/4390 7703/7660/4390 7225/7182/4390
f 7704/7661/4390 7225/7182/4390 7224/7181/4390
s 1
f 7636/7593/4697 7705/7662/4743 7706/7663/4743
f 7636/7593/4697 7706/7663/4743 7637/7594/4697
f 7705/7662/4743 7707/7664/4744 7708/7665/4744
f 7705/7662/4743 7708/7665/4744 7706/7663/4743
f 7709/7666/4745 7710/7667/4746 7711/7668/4747
f 7709/7666/4745 7711/7668/4747 7712/7669/4748
f 7713/7670/4749 7714/7671/4750 7715/7672/4750
f 7713/7670/4749 7715/7672/4750 7716/7673/4751
f 7707/7664/4744 7709/7666/4745 7712/7669/4748
f 7707/7664/4744 7712/7669/4748 7708/7665/4744
f 7710/7667/4746 7717/7674/4752 7718/7675/4752
f 7710/7667/4746 7718/7675/4752 7711/7668/4747
f 7717/7674/4752 7719/7676/4753 7720/7677/4753
f 7717/7674/4752 7720/7677/4753 7718/7675/4752
f 7664/7621/4715 7663/7620/4714 7721/7678/4754
f 7664/7621/4715 7721/7678/4754 7722/7679/4755
f 7652/7609/4697 7694/7651/4741 7696/7653/4741
f 7652/7609/4697 7696/7653/4741 7653/7610/4697
f 7222/7179/4458 7723/7680/4756 7724/7681/4757
f 7222/7179/4458 7724/7681/4757 7223/7180/4459
s 0
f 7725/7682/4758 7726/7683/4758 7727/7684/4758
f 7725/7682/4758 7727/7684/4758 7728/7685/4758
s 1
f 7729/7686/4759 7730/7687/4759 7731/7688/4464
f 7729/7686/4759 7731/7688/4464 7232/7189/4464
s 0
f 7732/7689/4390 7733/7690/4390 7734/7691/4390
f 7732/7689/4390 7734/7691/4390 7735/7692/4390
f 7736/7693/4390 7737/7694/4390 7733/7690/4390
f 7736/7693/4390 7733/7690/4390 7732/7689/4390
f 7239/7196/4390 7235/7192/4390 7737/7694/4390
f 7239/7196/4390 7737/7694/4390 7736/7693/4390
f 7738/7695/4390 7739/7696/4390 7703/7660/4390
f 7738/7695/4390 7703/7660/4390 7702/7659/4390
f 7739/7696/4390 7234/7191/4390 7225/7182/4390
f 7739/7696/4390 7225/7182/4390 7703/7660/4390
s 1
f 7740/7697/4760 7741/7698/4760 7742/7699/4761
f 7740/7697/4760 7742/7699/4761 7743/7700/4761
f 7743/7700/4761 7742/7699/4761 7744/7701/4762
f 7743/7700/4761 7744/7701/4762 7745/7702/4762
f 7746/7703/4763 7747/7704/4763 7748/7705/4764
f 7746/7703/4763 7748/7705/4764 7749/7706/4764
f 7750/7707/4749 7751/7708/4765 7715/7672/4750
f 7750/7707/4749 7715/7672/4750 7714/7671/4750
f 7745/7702/4762 7744/7701/4762 7747/7704/4763
f 7745/7702/4762 7747/7704/4763 7746/7703/4763
f 7749/7706/4764 7748/7705/4764 7752/7709/4766
f 7749/7706/4764 7752/7709/4766 7753/7710/4766
f 7753/7710/4766 7752/7709/4766 7754/7711/4767
f 7753/7710/4766 7754/7711/4767 7755/7712/4767
f 7756/7713/4760 7757/7714/4760 7730/7687/4759
f 7756/7713/4760 7730/7687/4759 7729/7686/4759
f 7231/7188/4463 7233/7190/4465 7758/7715/4768
f 7231/7188/4463 7758/7715/4768 7759/7716/4769
f 7223/7180/4459 7760/7717/4475 7695/7652/4742
f 7223/7180/4459 7695/7652/4742 7221/7178/4457
f 7761/7718/4770 7551/7508/4636 7554/7511/4650
f 7761/7718/4770 7554/7511/4650 7762/7719/4771
f 7763/7720/4772 7764/7721/4773 7765/7722/4774
f 7763/7720/4772 7765/7722/4774 7766/7723/4775
f 7767/7724/4659 7768/7725/4776 7769/7726/4777
f 7767/7724/4659 7769/7726/4777 7770/7727/4778
f 7731/7688/4464 7771/7728/4779 7233/7190/4465
f 7731/7688/4464 7233/7190/4465 7232/7189/4464
f 7772/7729/4780 7773/7730/4781 7774/7731/4782
f 7772/7729/4780 7774/7731/4782 7237/7194/4467
f 7775/7732/4783 7772/7729/4780 7237/7194/4467
f 7775/7732/4783 7237/7194/4467 7236/7193/4466
f 7776/7733/4784 7777/7734/4785 7778/7735/4786
f 7776/7733/4784 7778/7735/4786 7779/7736/4787
f 7721/7678/4754 7780/7737/4788 7781/7738/4788
f 7721/7678/4754 7781/7738/4788 7722/7679/4755
f 7782/7739/4789 7783/7740/4790 7784/7741/4789
f 7782/7739/4789 7784/7741/4789 7785/7742/4791
f 7786/7743/4792 7787/7744/4793 7788/7745/4794
f 7786/7743/4792 7788/7745/4794 7789/7746/4795
f 7790/7747/4796 7786/7743/4792 7789/7746/4795
f 7790/7747/4796 7789/7746/4795 7791/7748/4797
f 7792/7749/4798 7793/7750/4799 7246/7203/4469
f 7792/7749/4798 7246/7203/4469 7248/7205/4471
f 7794/7751/4800 7255/7212/4474 7257/7214/4476
f 7794/7751/4800 7257/7214/4476 7795/7752/4800
f 7777/7734/4785 7219/7176/4455 7218/7175/4454
f 7777/7734/4785 7218/7175/4454 7778/7735/4786
f 7188/7145/4438 7796/7753/4801 7797/7754/4802
f 7188/7145/4438 7797/7754/4802 7189/7146/4439
f 7798/7755/4803 7799/7756/4804 7800/7757/4805
f 7798/7755/4803 7800/7757/4805 7801/7758/4803
f 7802/7759/4806 7803/7760/4807 7800/7757/4805
f 7802/7759/4806 7800/7757/4805 7799/7756/4804
f 7793/7750/4799 7792/7749/4798 7198/7155/4445
f 7793/7750/4799 7198/7155/4445 7197/7154/4444
f 7804/7761/4808 7261/7218/4480 7805/7762/4809
f 7804/7761/4808 7805/7762/4809 7806/7763/4808
s 0
f 7807/7764/4390 7735/7692/4390 7734/7691/4390
f 7807/7764/4390 7734/7691/4390 7808/7765/4390
f 7809/7766/4390 7807/7764/4390 7808/7765/4390
f 7809/7766/4390 7808/7765/4390 7810/7767/4390
f 7270/7227/4390 7809/7766/4390 7810/7767/4390
f 7270/7227/4390 7810/7767/4390 7266/7223/4390
f 7811/7768/4390 7812/7769/4390 7813/7770/4390
f 7811/7768/4390 7813/7770/4390 7814/7771/4390
f 7814/7771/4390 7813/7770/4390 7265/7222/4390
f 7814/7771/4390 7265/7222/4390 7264/7221/4390
s 1
f 7740/7697/4760 7815/7772/4810 7816/7773/4810
f 7740/7697/4760 7816/7773/4810 7741/7698/4760
f 7815/7772/4810 7817/7774/4811 7818/7775/4812
f 7815/7772/4810 7818/7775/4812 7816/7773/4810
f 7819/7776/4813 7820/7777/4814 7821/7778/4814
f 7819/7776/4813 7821/7778/4814 7822/7779/4813
f 7823/7780/4815 7824/7781/4816 7825/7782/4817
f 7823/7780/4815 7825/7782/4817 7826/7783/4815
f 7817/7774/4811 7819/7776/4813 7822/7779/4813
f 7817/7774/4811 7822/7779/4813 7818/7775/4812
f 7820/7777/4814 7827/7784/4818 7828/7785/4818
f 7820/7777/4814 7828/7785/4818 7821/7778/4814
f 7827/7784/4818 7829/7786/4819 7830/7787/4819
f 7827/7784/4818 7830/7787/4819 7828/7785/4818
f 7774/7731/4782 7773/7730/4781 7831/7788/4820
f 7774/7731/4782 7831/7788/4820 7832/7789/4821
f 7756/7713/4760 7804/7761/4808 7806/7763/4808
f 7756/7713/4760 7806/7763/4808 7757/7714/4760
f 7262/7219/4481 7833/7790/4822 7834/7791/4823
f 7262/7219/4481 7834/7791/4823 7263/7220/4482
s 0
f 7835/7792/4824 7836/7793/4824 7837/7794/4824
f 7835/7792/4824 7837/7794/4824 7838/7795/4824
s 1
f 7839/7796/4825 7840/7797/4825 7841/7798/4487
f 7839/7796/4825 7841/7798/4487 7272/7229/4487
s 0
f 7842/7799/4390 7843/7800/4390 7844/7801/4390
f 7842/7799/4390 7844/7801/4390 7845/7802/4390
f 7846/7803/4390 7847/7804/4390 7843/7800/4390
f 7846/7803/4390 7843/7800/4390 7842/7799/4390
f 7279/7236/4390 7275/7232/4390 7847/7804/4390
f 7279/7236/4390 7847/7804/4390 7846/7803/4390
f 7848/7805/4390 7849/7806/4390 7813/7770/4390
f 7848/7805/4390 7813/7770/4390 7812/7769/4390
f 7849/7806/4390 7274/7231/4390 7265/7222/4390
f 7849/7806/4390 7265/7222/4390 7813/7770/4390
s 1
f 7850/7807/4826 7851/7808/4826 7852/7809/4827
f 7850/7807/4826 7852/7809/4827 7853/7810/4827
f 7853/7810/4827 7852/7809/4827 7854/7811/4718
f 7853/7810/4827 7854/7811/4718 7855/7812/4718
f 7856/7813/4828 7857/7814/4828 7858/7815/4829
f 7856/7813/4828 7858/7815/4829 7859/7816/4829
f 7860/7817/4830 7861/7818/4830 7825/7782/4817
f 7860/7817/4830 7825/7782/4817 7824/7781/4816
f 7855/7812/4718 7854/7811/4718 7857/7814/4828
f 7855/7812/4718 7857/7814/4828 7856/7813/4828
f 7859/7816/4829 7858/7815/4829 7862/7819/4831
f 7859/7816/4829 7862/7819/4831 7863/7820/4831
f 7863/7820/4831 7862/7819/4831 7864/7821/4832
f 7863/7820/4831 7864/7821/4832 7865/7822/4832
f 7866/7823/4826 7867/7824/4826 7840/7797/4825
f 7866/7823/4826 7840/7797/4825 7839/7796/4825
f 7271/7228/4486 7273/7230/4488 7868/7825/4833
f 7271/7228/4486 7868/7825/4833 7869/7826/4834
f 7263/7220/4482 7870/7827/4498 7805/7762/4809
f 7263/7220/4482 7805/7762/4809 7261/7218/4480
f 7548/7505/4645 7763/7720/4772 7766/7723/4775
f 7548/7505/4645 7766/7723/4775 7549/7506/4646
f 7440/7397/4409 7767/7724/4659 7770/7727/4778
f 7440/7397/4409 7770/7727/4778 7441/7398/4581
f 7764/7721/4773 7761/7718/4770 7762/7719/4771
f 7764/7721/4773 7762/7719/4771 7765/7722/4774
f 7841/7798/4487 7871/7828/4835 7273/7230/4488
f 7841/7798/4487 7273/7230/4488 7272/7229/4487
f 7872/7829/4836 7873/7830/4837 7874/7831/4838
f 7872/7829/4836 7874/7831/4838 7277/7234/4490
f 7875/7832/4839 7872/7829/4836 7277/7234/4490
f 7875/7832/4839 7277/7234/4490 7276/7233/4489
f 7876/7833/4840 7877/7834/4841 7878/7835/4842
f 7876/7833/4840 7878/7835/4842 7879/7836/4843
f 7831/7788/4820 7880/7837/4844 7881/7838/4844
f 7831/7788/4820 7881/7838/4844 7832/7789/4821
f 7882/7839/4845 7883/7840/4846 7884/7841/4845
f 7882/7839/4845 7884/7841/4845 7885/7842/4847
f 7886/7843/4848 7887/7844/4849 7888/7845/4850
f 7886/7843/4848 7888/7845/4850 7889/7846/4851
f 7890/7847/4852 7886/7843/4848 7889/7846/4851
f 7890/7847/4852 7889/7846/4851 7891/7848/4852
f 7892/7849/4853 7893/7850/4854 7286/7243/4492
f 7892/7849/4853 7286/7243/4492 7288/7245/4494
f 7894/7851/4855 7295/7252/4497 7297/7254/4499
f 7894/7851/4855 7297/7254/4499 7895/7852/4855
f 7877/7834/4841 7259/7216/4478 7258/7215/4477
f 7877/7834/4841 7258/7215/4477 7878/7835/4842
f 7228/7185/4461 7896/7853/4856 7897/7854/4856
f 7228/7185/4461 7897/7854/4856 7229/7186/4462
f 7898/7855/4857 7899/7856/4858 7900/7857/4859
f 7898/7855/4857 7900/7857/4859 7901/7858/4857
f 7902/7859/4860 7903/7860/4861 7900/7857/4859
f 7902/7859/4860 7900/7857/4859 7899/7856/4858
f 7893/7850/4854 7892/7849/4853 7238/7195/4468
f 7893/7850/4854 7238/7195/4468 7237/7194/4467
f 7904/7861/4862 7301/7258/4503 7905/7862/4863
f 7904/7861/4862 7905/7862/4863 7906/7863/4862
s 0
f 7907/7864/4390 7845/7802/4390 7844/7801/4390
f 7907/7864/4390 7844/7801/4390 7908/7865/4390
f 7909/7866/4390 7907/7864/4390 7908/7865/4390
f 7909/7866/4390 7908/7865/4390 7910/7867/4390
f 7310/7267/4390 7909/7866/4390 7910/7867/4390
f 7310/7267/4390 7910/7867/4390 7306/7263/4390
f 7911/7868/4390 7912/7869/4390 7913/7870/4390
f 7911/7868/4390 7913/7870/4390 7914/7871/4390
f 7914/7871/4390 7913/7870/4390 7305/7262/4390
f 7914/7871/4390 7305/7262/4390 7304/7261/4390
s 1
f 7850/7807/4826 7915/7872/4864 7916/7873/4864
f 7850/7807/4826 7916/7873/4864 7851/7808/4826
f 7915/7872/4864 7917/7874/4865 7918/7875/4865
f 7915/7872/4864 7918/7875/4865 7916/7873/4864
f 7919/7876/4866 7920/7877/4867 7921/7878/4867
f 7919/7876/4866 7921/7878/4867 7922/7879/4866
f 7923/7880/4868 7924/7881/4869 7925/7882/4870
f 7923/7880/4868 7925/7882/4870 7926/7883/4868
f 7917/7874/4865 7919/7876/4866 7922/7879/4866
f 7917/7874/4865 7922/7879/4866 7918/7875/4865
f 7920/7877/4867 7927/7884/4871 7928/7885/4871
f 7920/7877/4867 7928/7885/4871 7921/7878/4867
f 7927/7884/4871 7929/7886/4872 7930/7887/4872
f 7927/7884/4871 7930/7887/4872 7928/7885/4871
f 7874/7831/4838 7873/7830/4837 7931/7888/4873
f 7874/7831/4838 7931/7888/4873 7932/7889/4874
f 7866/7823/4826 7904/7861/4862 7906/7863/4862
f 7866/7823/4826 7906/7863/4862 7867/7824/4826
f 7302/7259/4504 7933/7890/4875 7934/7891/4876
f 7302/7259/4504 7934/7891/4876 7303/7260/4505
s 0
f 7935/7892/4877 7936/7893/4877 7937/7894/4877
f 7935/7892/4877 7937/7894/4877 7938/7895/4877
s 1
f 7939/7896/4878 7940/7897/4878 7941/7898/4510
f 7939/7896/4878 7941/7898/4510 7312/7269/4510
s 0
f 7942/7899/4390 7943/7900/4390 7365/7322/4390
f 7942/7899/4390 7365/7322/4390 7364/7321/4390
f 7944/7901/4390 7945/7902/4390 7943/7900/4390
f 7944/7901/4390 7943/7900/4390 7942/7899/4390
f 7319/7276/4390 7315/7272/4390 7945/7902/4390
f 7319/7276/4390 7945/7902/4390 7944/7901/4390
f 7946/7903/4390 7947/7904/4390 7913/7870/4390
f 7946/7903/4390 7913/7870/4390 7912/7869/4390
f 7947/7904/4390 7314/7271/4390 7305/7262/4390
f 7947/7904/4390 7305/7262/4390 7913/7870/4390
s 1
f 7373/7330/4546 7376/7333/4546 7948/7905/4879
f 7373/7330/4546 7948/7905/4879 7949/7906/4879
f 7949/7906/4879 7948/7905/4879 7950/7907/4880
f 7949/7906/4879 7950/7907/4880 7951/7908/4880
f 7952/7909/4881 7953/7910/4881 7954/7911/4882
f 7952/7909/4881 7954/7911/4882 7955/7912/4883
f 7956/7913/4884 7957/7914/4885 7925/7882/4870
f 7956/7913/4884 7925/7882/4870 7924/7881/4869
f 7951/7908/4880 7950/7907/4880 7953/7910/4881
f 7951/7908/4880 7953/7910/4881 7952/7909/4881
f 7955/7912/4883 7954/7911/4882 7958/7915/4886
f 7955/7912/4883 7958/7915/4886 7959/7916/4886
f 7959/7916/4886 7958/7915/4886 7960/7917/4887
f 7959/7916/4886 7960/7917/4887 7961/7918/4887
f 7395/7352/4546 7396/7353/4546 7940/7897/4878
f 7395/7352/4546 7940/7897/4878 7939/7896/4878
f 7311/7268/4509 7313/7270/4511 7962/7919/4888
f 7311/7268/4509 7962/7919/4888 7963/7920/4889
f 7303/7260/4505 7964/7921/4521 7905/7862/4863
f 7303/7260/4505 7905/7862/4863 7301/7258/4503
f 7768/7725/4776 7555/7512/4651 7556/7513/4652
f 7768/7725/4776 7556/7513/4652 7769/7726/4777
f 7436/7393/4577 7547/7504/4644 7550/7507/4647
f 7436/7393/4577 7550/7507/4647 7437/7394/4578
f 7658/7615/4699 7439/7396/4580 7442/7399/4582
f 7658/7615/4699 7442/7399/4582 7659/7616/4710
f 7941/7898/4510 7965/7922/4890 7313/7270/4511
f 7941/7898/4510 7313/7270/4511 7312/7269/4510
f 7966/7923/4891 7392/7349/4558 7391/7348/4557
f 7966/7923/4891 7391/7348/4557 7317/7274/4513
f 7967/7924/4892 7966/7923/4891 7317/7274/4513
f 7967/7924/4892 7317/7274/4513 7316/7273/4512
f 7968/7925/4893 7969/7926/4894 7970/7927/4895
f 7968/7925/4893 7970/7927/4895 7971/7928/4896
f 7931/7888/4873 7972/7929/4897 7973/7930/4897
f 7931/7888/4873 7973/7930/4897 7932/7889/4874
f 7974/7931/4898 7975/7932/4899 7976/7933/4898
f 7974/7931/4898 7976/7933/4898 7977/7934/4900
f 7978/7935/4901 7979/7936/4902 7980/7937/4903
f 7978/7935/4901 7980/7937/4903 7981/7938/4904
f 7982/7939/4905 7978/7935/4901 7981/7938/4904
f 7982/7939/4905 7981/7938/4904 7983/7940/4906
f 7984/7941/4907 7985/7942/4908 7326/7283/4515
f 7984/7941/4907 7326/7283/4515 7328/7285/4517
f 7986/7943/4909 7335/7292/4520 7337/7294/4522
f 7986/7943/4909 7337/7294/4522 7987/7944/4909
f 7969/7926/4894 7299/7256/4501 7298/7255/4500
f 7969/7926/4894 7298/7255/4500 7970/7927/4895
f 7268/7225/4484 7988/7945/4910 7989/7946/4911
f 7268/7225/4484 7989/7946/4911 7269/7226/4485
f 7990/7947/4912 7991/7948/4913 7992/7949/4914
f 7990/7947/4912 7992/7949/4914 7993/7950/4912
f 7994/7951/4915 7995/7952/4916 7992/7949/4914
f 7994/7951/4915 7992/7949/4914 7991/7948/4913
f 7985/7942/4908 7984/7941/4907 7278/7235/4491
f 7985/7942/4908 7278/7235/4491 7277/7234/4490
f 7996/7953/4917 7997/7954/4918 7998/7955/4919
f 7996/7953/4917 7998/7955/4919 7999/7956/4920
f 8000/7957/4921 8001/7958/4922 8002/7959/4922
f 8000/7957/4921 8002/7959/4922 8003/7960/4921
f 8004/7961/4923 8005/7962/4924 8006/7963/4925
f 8004/7961/4923 8006/7963/4925 8007/7964/4926
f 8008/7965/4927 8009/7966/4928 8010/7967/4928
f 8008/7965/4927 8010/7967/4928 8011/7968/4929
f 8005/7962/4924 8008/7965/4927 8011/7968/4929
f 8005/7962/4924 8011/7968/4929 8006/7963/4925
f 7997/7954/4918 8012/7969/4930 8013/7970/4931
f 7997/7954/4918 8013/7970/4931 7998/7955/4919
f 8014/7971/4932 8004/7961/4923 8007/7964/4926
f 8014/7971/4932 8007/7964/4926 8015/7972/4932
f 8012/7969/4930 8014/7971/4932 8015/7972/4932
f 8012/7969/4930 8015/7972/4932 8013/7970/4931
f 8001/7958/4922 8016/7973/4933 8017/7974/4934
f 8001/7958/4922 8017/7974/4934 8002/7959/4922
f 8016/7973/4933 7996/7953/4917 7999/7956/4920
f 8016/7973/4933 7999/7956/4920 8017/7974/4934
f 8018/7975/4935 8019/7976/4936 8020/7977/4937
f 8018/7975/4935 8020/7977/4937 8021/7978/4938
f 8019/7976/4936 8000/7957/4921 8003/7960/4921
f 8019/7976/4936 8003/7960/4921 8020/7977/4937
f 8022/7979/4939 8023/7980/4940 8024/7981/4941
f 8022/7979/4939 8024/7981/4941 8025/7982/4942
f 8026/7983/4943 8018/7975/4935 8021/7978/4938
f 8026/7983/4943 8021/7978/4938 8027/7984/4943
f 8023/7980/4940 8026/7983/4943 8027/7984/4943
f 8023/7980/4940 8027/7984/4943 8024/7981/4941
f 8009/7966/4928 8028/7985/4944 8029/7986/4945
f 8009/7966/4928 8029/7986/4945 8010/7967/4928
f 8030/7987/4946 8022/7979/4939 8025/7982/4942
f 8030/7987/4946 8025/7982/4942 8031/7988/4947
f 8028/7985/4944 8030/7987/4946 8031/7988/4947
f 8028/7985/4944 8031/7988/4947 8029/7986/4945
